timestamp,room_id,temperature_c,occupancy,ac_status,light_status,scheduled,power_kw,energy_kwh,waste_scenario
2026-09-01 00:00:00,R101,19.75,0,0,1,0,0.15,0.15,NORMAL
2026-09-01 00:00:00,R102,19.75,0,0,1,0,0.15,0.15,NORMAL
2026-09-01 00:00:00,R103,19.75,0,0,1,0,0.15,0.15,NORMAL
2026-09-01 00:00:00,R104,19.75,1,0,1,0,0.401,0.401,NORMAL
2026-09-01 00:00:00,R105,19.75,0,0,1,0,0.15,0.15,NORMAL
2026-09-01 00:00:00,R106,19.75,0,0,1,0,0.15,0.15,NORMAL
2026-09-01 00:00:00,R107,19.75,0,0,1,0,0.15,0.15,NORMAL
2026-09-01 00:00:00,R108,19.75,0,0,1,0,0.15,0.15,NORMAL
2026-09-01 00:00:00,R109,19.75,0,0,1,0,0.15,0.15,NORMAL
2026-09-01 00:00:00,R110,19.75,0,0,1,0,0.15,0.15,NORMAL
2026-09-01 00:00:00,R111,19.75,1,0,1,0,0.407,0.407,NORMAL
2026-09-01 00:00:00,R112,19.75,0,0,1,0,0.15,0.15,NORMAL
2026-09-01 00:00:00,R113,19.75,0,0,1,0,0.15,0.15,NORMAL
2026-09-01 00:00:00,R114,19.75,0,0,1,0,0.15,0.15,NORMAL
2026-09-01 00:00:00,R115,19.75,0,0,1,0,0.15,0.15,NORMAL
2026-09-01 00:00:00,R116,19.75,0,0,1,0,0.15,0.15,NORMAL
2026-09-01 00:00:00,R117,19.75,0,0,1,0,0.15,0.15,NORMAL
2026-09-01 00:00:00,R118,19.75,0,0,1,0,0.15,0.15,NORMAL
2026-09-01 00:00:00,R119,19.75,0,0,1,0,0.15,0.15,NORMAL
2026-09-01 00:00:00,R120,19.75,0,0,1,0,0.15,0.15,NORMAL
2026-09-01 01:00:00,R101,19.07,0,0,1,0,0.15,0.15,NORMAL
2026-09-01 01:00:00,R102,19.07,0,1,1,0,1.708,1.708,AC_WASTE
2026-09-01 01:00:00,R103,19.07,0,0,1,0,0.15,0.15,NORMAL
2026-09-01 01:00:00,R104,19.07,0,0,1,0,0.15,0.15,NORMAL
2026-09-01 01:00:00,R105,19.07,1,0,1,0,0.388,0.388,NORMAL
2026-09-01 01:00:00,R106,19.07,0,0,1,0,0.15,0.15,NORMAL
2026-09-01 01:00:00,R107,19.07,1,0,1,0,0.349,0.349,NORMAL
2026-09-01 01:00:00,R108,19.07,0,0,1,0,0.15,0.15,NORMAL
2026-09-01 01:00:00,R109,19.07,0,0,1,0,0.15,0.15,NORMAL
2026-09-01 01:00:00,R110,19.07,0,0,1,0,0.15,0.15,NORMAL
2026-09-01 01:00:00,R111,19.07,0,0,1,0,0.15,0.15,NORMAL
2026-09-01 01:00:00,R112,19.07,0,0,1,0,0.15,0.15,NORMAL
2026-09-01 01:00:00,R113,19.07,0,0,1,0,0.15,0.15,NORMAL
2026-09-01 01:00:00,R114,19.07,0,0,1,0,0.15,0.15,NORMAL
2026-09-01 01:00:00,R115,19.07,0,0,1,0,0.15,0.15,NORMAL
2026-09-01 01:00:00,R116,19.07,0,0,1,0,0.15,0.15,NORMAL
2026-09-01 01:00:00,R117,19.07,1,0,1,0,0.419,0.419,NORMAL
2026-09-01 01:00:00,R118,19.07,0,0,1,0,0.15,0.15,NORMAL
2026-09-01 01:00:00,R119,19.07,0,0,1,0,0.15,0.15,NORMAL
2026-09-01 01:00:00,R120,19.07,0,0,1,0,0.15,0.15,NORMAL
2026-09-01 02:00:00,R101,19.83,0,0,1,0,0.15,0.15,NORMAL
2026-09-01 02:00:00,R102,19.83,1,0,1,0,0.421,0.421,NORMAL
2026-09-01 02:00:00,R103,19.83,0,0,1,0,0.15,0.15,NORMAL
2026-09-01 02:00:00,R104,19.83,0,0,1,0,0.15,0.15,NORMAL
2026-09-01 02:00:00,R105,19.83,1,0,1,0,0.323,0.323,NORMAL
2026-09-01 02:00:00,R106,19.83,0,0,1,0,0.15,0.15,NORMAL
2026-09-01 02:00:00,R107,19.83,0,0,1,0,0.15,0.15,NORMAL
2026-09-01 02:00:00,R108,19.83,0,0,1,0,0.15,0.15,NORMAL
2026-09-01 02:00:00,R109,19.83,0,0,1,0,0.15,0.15,NORMAL
2026-09-01 02:00:00,R110,19.83,0,0,1,0,0.15,0.15,NORMAL
2026-09-01 02:00:00,R111,19.83,0,0,1,0,0.15,0.15,NORMAL
2026-09-01 02:00:00,R112,19.83,0,0,1,0,0.15,0.15,NORMAL
2026-09-01 02:00:00,R113,19.83,0,0,1,0,0.15,0.15,NORMAL
2026-09-01 02:00:00,R114,19.83,0,0,1,0,0.15,0.15,NORMAL
2026-09-01 02:00:00,R115,19.83,1,0,1,0,0.411,0.411,NORMAL
2026-09-01 02:00:00,R116,19.83,0,0,1,0,0.15,0.15,NORMAL
2026-09-01 02:00:00,R117,19.83,0,0,1,0,0.15,0.15,NORMAL
2026-09-01 02:00:00,R118,19.83,0,0,1,0,0.15,0.15,NORMAL
2026-09-01 02:00:00,R119,19.83,0,0,1,0,0.15,0.15,NORMAL
2026-09-01 02:00:00,R120,19.83,0,0,1,0,0.15,0.15,NORMAL
2026-09-01 03:00:00,R101,21.95,0,0,1,0,0.15,0.15,NORMAL
2026-09-01 03:00:00,R102,21.95,0,0,1,0,0.15,0.15,NORMAL
2026-09-01 03:00:00,R103,21.95,0,0,1,0,0.15,0.15,NORMAL
2026-09-01 03:00:00,R104,21.95,0,0,1,0,0.15,0.15,NORMAL
2026-09-01 03:00:00,R105,21.95,0,0,1,0,0.15,0.15,NORMAL
2026-09-01 03:00:00,R106,21.95,0,0,1,0,0.15,0.15,NORMAL
2026-09-01 03:00:00,R107,21.95,0,0,1,0,0.15,0.15,NORMAL
2026-09-01 03:00:00,R108,21.95,0,0,1,0,0.15,0.15,NORMAL
2026-09-01 03:00:00,R109,21.95,1,0,1,0,0.416,0.416,NORMAL
2026-09-01 03:00:00,R110,21.95,0,0,1,0,0.15,0.15,NORMAL
2026-09-01 03:00:00,R111,21.95,0,0,1,0,0.15,0.15,NORMAL
2026-09-01 03:00:00,R112,21.95,0,0,1,0,0.15,0.15,NORMAL
2026-09-01 03:00:00,R113,21.95,1,0,1,0,0.486,0.486,NORMAL
2026-09-01 03:00:00,R114,21.95,1,0,1,0,0.428,0.428,NORMAL
2026-09-01 03:00:00,R115,21.95,0,0,1,0,0.15,0.15,NORMAL
2026-09-01 03:00:00,R116,21.95,0,0,1,0,0.15,0.15,NORMAL
2026-09-01 03:00:00,R117,21.95,1,0,1,0,0.421,0.421,NORMAL
2026-09-01 03:00:00,R118,21.95,1,0,1,0,0.349,0.349,NORMAL
2026-09-01 03:00:00,R119,21.95,0,0,1,0,0.15,0.15,NORMAL
2026-09-01 03:00:00,R120,21.95,0,0,1,0,0.15,0.15,NORMAL
2026-09-01 04:00:00,R101,23.77,0,0,1,0,0.15,0.15,NORMAL
2026-09-01 04:00:00,R102,23.77,0,0,1,0,0.15,0.15,NORMAL
2026-09-01 04:00:00,R103,23.77,0,0,1,0,0.15,0.15,NORMAL
2026-09-01 04:00:00,R104,23.77,0,0,1,0,0.15,0.15,NORMAL
2026-09-01 04:00:00,R105,23.77,0,0,1,0,0.15,0.15,NORMAL
2026-09-01 04:00:00,R106,23.77,0,0,1,0,0.15,0.15,NORMAL
2026-09-01 04:00:00,R107,23.77,0,0,1,0,0.15,0.15,NORMAL
2026-09-01 04:00:00,R108,23.77,0,0,1,0,0.15,0.15,NORMAL
2026-09-01 04:00:00,R109,23.77,0,0,1,0,0.15,0.15,NORMAL
2026-09-01 04:00:00,R110,23.77,0,0,1,0,0.15,0.15,NORMAL
2026-09-01 04:00:00,R111,23.77,0,0,1,0,0.15,0.15,NORMAL
2026-09-01 04:00:00,R112,23.77,0,0,1,0,0.15,0.15,NORMAL
2026-09-01 04:00:00,R113,23.77,0,0,1,0,0.15,0.15,NORMAL
2026-09-01 04:00:00,R114,23.77,0,0,1,0,0.15,0.15,NORMAL
2026-09-01 04:00:00,R115,23.77,0,0,1,0,0.15,0.15,NORMAL
2026-09-01 04:00:00,R116,23.77,0,0,1,0,0.15,0.15,NORMAL
2026-09-01 04:00:00,R117,23.77,1,0,1,0,0.424,0.424,NORMAL
2026-09-01 04:00:00,R118,23.77,0,0,1,0,0.15,0.15,NORMAL
2026-09-01 04:00:00,R119,23.77,0,0,1,0,0.15,0.15,NORMAL
2026-09-01 04:00:00,R120,23.77,0,0,1,0,0.15,0.15,NORMAL
2026-09-01 05:00:00,R101,30.71,0,0,1,0,0.15,0.15,NORMAL
2026-09-01 05:00:00,R102,30.71,0,0,1,0,0.15,0.15,NORMAL
2026-09-01 05:00:00,R103,30.71,0,0,1,0,0.15,0.15,NORMAL
2026-09-01 05:00:00,R104,30.71,0,0,1,0,0.15,0.15,NORMAL
2026-09-01 05:00:00,R105,30.71,0,0,1,0,0.15,0.15,NORMAL
2026-09-01 05:00:00,R106,30.71,0,0,1,0,0.15,0.15,NORMAL
2026-09-01 05:00:00,R107,30.71,0,0,1,0,0.15,0.15,NORMAL
2026-09-01 05:00:00,R108,30.71,0,0,1,0,0.15,0.15,NORMAL
2026-09-01 05:00:00,R109,30.71,0,0,1,0,0.15,0.15,NORMAL
2026-09-01 05:00:00,R110,30.71,0,0,1,0,0.15,0.15,NORMAL
2026-09-01 05:00:00,R111,30.71,0,0,1,0,0.15,0.15,NORMAL
2026-09-01 05:00:00,R112,30.71,0,0,1,0,0.15,0.15,NORMAL
2026-09-01 05:00:00,R113,30.71,0,0,1,0,0.15,0.15,NORMAL
2026-09-01 05:00:00,R114,30.71,0,0,1,0,0.15,0.15,NORMAL
2026-09-01 05:00:00,R115,30.71,0,0,1,0,0.15,0.15,NORMAL
2026-09-01 05:00:00,R116,30.71,1,1,1,0,2.046,2.046,NORMAL
2026-09-01 05:00:00,R117,30.71,1,1,1,0,2.161,2.161,NORMAL
2026-09-01 05:00:00,R118,30.71,1,1,1,0,2.122,2.122,NORMAL
2026-09-01 05:00:00,R119,30.71,1,1,1,0,1.914,1.914,NORMAL
2026-09-01 05:00:00,R120,30.71,0,0,1,0,0.15,0.15,NORMAL
2026-09-01 06:00:00,R101,27.49,2,0,0,1,0.365,0.365,NORMAL
2026-09-01 06:00:00,R102,27.49,1,0,0,1,0.233,0.233,NORMAL
2026-09-01 06:00:00,R103,27.49,2,0,0,1,0.408,0.408,NORMAL
2026-09-01 06:00:00,R104,27.49,0,0,0,1,0.15,0.15,NORMAL
2026-09-01 06:00:00,R105,27.49,2,0,0,1,0.32,0.32,NORMAL
2026-09-01 06:00:00,R106,27.49,2,0,0,1,0.374,0.374,NORMAL
2026-09-01 06:00:00,R107,27.49,2,0,0,1,0.265,0.265,NORMAL
2026-09-01 06:00:00,R108,27.49,0,0,0,1,0.15,0.15,NORMAL
2026-09-01 06:00:00,R109,27.49,1,0,0,1,0.237,0.237,NORMAL
2026-09-01 06:00:00,R110,27.49,2,0,0,1,0.401,0.401,NORMAL
2026-09-01 06:00:00,R111,27.49,2,0,0,1,0.362,0.362,NORMAL
2026-09-01 06:00:00,R112,27.49,0,0,0,1,0.15,0.15,NORMAL
2026-09-01 06:00:00,R113,27.49,1,0,0,1,0.206,0.206,NORMAL
2026-09-01 06:00:00,R114,27.49,1,0,0,1,0.275,0.275,NORMAL
2026-09-01 06:00:00,R115,27.49,1,0,0,1,0.229,0.229,NORMAL
2026-09-01 06:00:00,R116,27.49,2,0,0,1,0.252,0.252,NORMAL
2026-09-01 06:00:00,R117,27.49,2,0,0,1,0.356,0.356,NORMAL
2026-09-01 06:00:00,R118,27.49,1,0,0,1,0.297,0.297,NORMAL
2026-09-01 06:00:00,R119,27.49,1,0,0,1,0.245,0.245,NORMAL
2026-09-01 06:00:00,R120,27.49,2,0,0,1,0.259,0.259,NORMAL
2026-09-01 07:00:00,R101,28.88,2,0,0,1,0.341,0.341,NORMAL
2026-09-01 07:00:00,R102,28.88,0,0,0,1,0.15,0.15,NORMAL
2026-09-01 07:00:00,R103,28.88,1,0,0,1,0.208,0.208,NORMAL
2026-09-01 07:00:00,R104,28.88,1,0,0,1,0.254,0.254,NORMAL
2026-09-01 07:00:00,R105,28.88,1,0,0,1,0.216,0.216,NORMAL
2026-09-01 07:00:00,R106,28.88,2,0,0,1,0.395,0.395,NORMAL
2026-09-01 07:00:00,R107,28.88,2,0,0,1,0.423,0.423,NORMAL
2026-09-01 07:00:00,R108,28.88,1,0,0,1,0.281,0.281,NORMAL
2026-09-01 07:00:00,R109,28.88,1,0,0,1,0.238,0.238,NORMAL
2026-09-01 07:00:00,R110,28.88,2,0,0,1,0.344,0.344,NORMAL
2026-09-01 07:00:00,R111,28.88,0,0,0,1,0.15,0.15,NORMAL
2026-09-01 07:00:00,R112,28.88,2,0,0,1,0.449,0.449,NORMAL
2026-09-01 07:00:00,R113,28.88,2,0,0,1,0.42,0.42,NORMAL
2026-09-01 07:00:00,R114,28.88,0,0,0,1,0.15,0.15,NORMAL
2026-09-01 07:00:00,R115,28.88,1,0,0,1,0.267,0.267,NORMAL
2026-09-01 07:00:00,R116,28.88,0,0,0,1,0.15,0.15,NORMAL
2026-09-01 07:00:00,R117,28.88,2,0,0,1,0.354,0.354,NORMAL
2026-09-01 07:00:00,R118,28.88,1,0,0,1,0.288,0.288,NORMAL
2026-09-01 07:00:00,R119,28.88,0,0,0,1,0.15,0.15,NORMAL
2026-09-01 07:00:00,R120,28.88,2,0,0,1,0.293,0.293,NORMAL
2026-09-01 08:00:00,R101,32.59,1,1,0,1,1.753,1.753,NORMAL
2026-09-01 08:00:00,R102,32.59,2,1,0,1,1.812,1.812,NORMAL
2026-09-01 08:00:00,R103,32.59,0,0,0,1,0.15,0.15,NORMAL
2026-09-01 08:00:00,R104,32.59,1,1,0,1,1.773,1.773,NORMAL
2026-09-01 08:00:00,R105,32.59,1,1,0,1,1.552,1.552,NORMAL
2026-09-01 08:00:00,R106,32.59,0,0,0,1,0.15,0.15,NORMAL
2026-09-01 08:00:00,R107,32.59,0,0,0,1,0.15,0.15,NORMAL
2026-09-01 08:00:00,R108,32.59,1,1,0,1,1.818,1.818,NORMAL
2026-09-01 08:00:00,R109,32.59,0,0,0,1,0.15,0.15,NORMAL
2026-09-01 08:00:00,R110,32.59,0,0,0,1,0.15,0.15,NORMAL
2026-09-01 08:00:00,R111,32.59,1,1,0,1,1.669,1.669,NORMAL
2026-09-01 08:00:00,R112,32.59,2,1,0,1,1.843,1.843,NORMAL
2026-09-01 08:00:00,R113,32.59,0,0,0,1,0.15,0.15,NORMAL
2026-09-01 08:00:00,R114,32.59,2,1,0,1,1.603,1.603,NORMAL
2026-09-01 08:00:00,R115,32.59,1,1,0,1,1.668,1.668,NORMAL
2026-09-01 08:00:00,R116,32.59,1,1,0,1,1.918,1.918,NORMAL
2026-09-01 08:00:00,R117,32.59,0,0,0,1,0.15,0.15,NORMAL
2026-09-01 08:00:00,R118,32.59,1,1,0,1,1.599,1.599,NORMAL
2026-09-01 08:00:00,R119,32.59,1,1,0,1,1.608,1.608,NORMAL
2026-09-01 08:00:00,R120,32.59,1,1,0,1,1.923,1.923,NORMAL
2026-09-01 09:00:00,R101,30.02,0,0,0,1,0.15,0.15,NORMAL
2026-09-01 09:00:00,R102,30.02,0,0,0,1,0.15,0.15,NORMAL
2026-09-01 09:00:00,R103,30.02,1,1,0,1,1.778,1.778,NORMAL
2026-09-01 09:00:00,R104,30.02,0,0,0,1,0.15,0.15,NORMAL
2026-09-01 09:00:00,R105,30.02,0,0,0,1,0.15,0.15,NORMAL
2026-09-01 09:00:00,R106,30.02,0,0,0,1,0.15,0.15,NORMAL
2026-09-01 09:00:00,R107,30.02,0,0,0,1,0.15,0.15,NORMAL
2026-09-01 09:00:00,R108,30.02,2,1,0,1,1.597,1.597,NORMAL
2026-09-01 09:00:00,R109,30.02,1,1,0,1,1.572,1.572,NORMAL
2026-09-01 09:00:00,R110,30.02,0,0,0,1,0.15,0.15,NORMAL
2026-09-01 09:00:00,R111,30.02,1,1,0,1,1.545,1.545,NORMAL
2026-09-01 09:00:00,R112,30.02,0,0,0,1,0.15,0.15,NORMAL
2026-09-01 09:00:00,R113,30.02,0,0,0,1,0.15,0.15,NORMAL
2026-09-01 09:00:00,R114,30.02,0,0,0,1,0.15,0.15,NORMAL
2026-09-01 09:00:00,R115,30.02,0,0,0,1,0.15,0.15,NORMAL
2026-09-01 09:00:00,R116,30.02,2,1,0,1,1.805,1.805,NORMAL
2026-09-01 09:00:00,R117,30.02,1,1,0,1,1.805,1.805,NORMAL
2026-09-01 09:00:00,R118,30.02,2,1,0,1,2.141,2.141,NORMAL
2026-09-01 09:00:00,R119,30.02,2,1,0,1,1.572,1.572,NORMAL
2026-09-01 09:00:00,R120,30.02,1,1,0,1,1.563,1.563,NORMAL
2026-09-01 10:00:00,R101,34.52,1,1,0,1,1.75,1.75,NORMAL
2026-09-01 10:00:00,R102,34.52,1,1,0,1,1.701,1.701,NORMAL
2026-09-01 10:00:00,R103,34.52,1,1,0,1,1.725,1.725,NORMAL
2026-09-01 10:00:00,R104,34.52,0,0,0,1,0.15,0.15,NORMAL
2026-09-01 10:00:00,R105,34.52,0,0,0,1,0.15,0.15,NORMAL
2026-09-01 10:00:00,R106,34.52,0,0,0,1,0.15,0.15,NORMAL
2026-09-01 10:00:00,R107,34.52,1,1,0,1,1.809,1.809,NORMAL
2026-09-01 10:00:00,R108,34.52,0,0,0,1,0.15,0.15,NORMAL
2026-09-01 10:00:00,R109,34.52,0,0,0,1,0.15,0.15,NORMAL
2026-09-01 10:00:00,R110,34.52,1,1,0,1,1.687,1.687,NORMAL
2026-09-01 10:00:00,R111,34.52,0,0,0,1,0.15,0.15,NORMAL
2026-09-01 10:00:00,R112,34.52,0,0,0,1,0.15,0.15,NORMAL
2026-09-01 10:00:00,R113,34.52,1,1,0,1,1.854,1.854,NORMAL
2026-09-01 10:00:00,R114,34.52,0,0,0,1,0.15,0.15,NORMAL
2026-09-01 10:00:00,R115,34.52,0,0,0,1,0.15,0.15,NORMAL
2026-09-01 10:00:00,R116,34.52,2,1,0,1,1.659,1.659,NORMAL
2026-09-01 10:00:00,R117,34.52,0,0,0,1,0.15,0.15,NORMAL
2026-09-01 10:00:00,R118,34.52,0,0,0,1,0.15,0.15,NORMAL
2026-09-01 10:00:00,R119,34.52,1,1,0,1,1.549,1.549,NORMAL
2026-09-01 10:00:00,R120,34.52,1,1,0,1,2.053,2.053,NORMAL
2026-09-01 11:00:00,R101,34.1,2,1,0,1,1.978,1.978,NORMAL
2026-09-01 11:00:00,R102,34.1,0,0,0,1,0.15,0.15,NORMAL
2026-09-01 11:00:00,R103,34.1,0,0,0,1,0.15,0.15,NORMAL
2026-09-01 11:00:00,R104,34.1,0,0,0,1,0.15,0.15,NORMAL
2026-09-01 11:00:00,R105,34.1,0,0,0,1,0.15,0.15,NORMAL
2026-09-01 11:00:00,R106,34.1,0,0,0,1,0.15,0.15,NORMAL
2026-09-01 11:00:00,R107,34.1,0,0,0,1,0.15,0.15,NORMAL
2026-09-01 11:00:00,R108,34.1,0,0,0,1,0.15,0.15,NORMAL
2026-09-01 11:00:00,R109,34.1,2,1,0,1,1.784,1.784,NORMAL
2026-09-01 11:00:00,R110,34.1,1,1,0,1,1.603,1.603,NORMAL
2026-09-01 11:00:00,R111,34.1,0,0,0,1,0.15,0.15,NORMAL
2026-09-01 11:00:00,R112,34.1,0,0,0,1,0.15,0.15,NORMAL
2026-09-01 11:00:00,R113,34.1,0,0,0,1,0.15,0.15,NORMAL
2026-09-01 11:00:00,R114,34.1,0,0,0,1,0.15,0.15,NORMAL
2026-09-01 11:00:00,R115,34.1,0,0,0,1,0.15,0.15,NORMAL
2026-09-01 11:00:00,R116,34.1,0,0,0,1,0.15,0.15,NORMAL
2026-09-01 11:00:00,R117,34.1,0,0,0,1,0.15,0.15,NORMAL
2026-09-01 11:00:00,R118,34.1,0,0,0,1,0.15,0.15,NORMAL
2026-09-01 11:00:00,R119,34.1,0,0,0,1,0.15,0.15,NORMAL
2026-09-01 11:00:00,R120,34.1,0,0,0,1,0.15,0.15,NORMAL
2026-09-01 12:00:00,R101,36.4,0,0,0,1,0.15,0.15,NORMAL
2026-09-01 12:00:00,R102,36.4,1,1,0,1,1.422,1.422,NORMAL
2026-09-01 12:00:00,R103,36.4,1,1,0,1,1.553,1.553,NORMAL
2026-09-01 12:00:00,R104,36.4,1,1,0,1,1.938,1.938,NORMAL
2026-09-01 12:00:00,R105,36.4,0,0,0,1,0.15,0.15,NORMAL
2026-09-01 12:00:00,R106,36.4,0,0,0,1,0.15,0.15,NORMAL
2026-09-01 12:00:00,R107,36.4,0,0,0,1,0.15,0.15,NORMAL
2026-09-01 12:00:00,R108,36.4,1,1,0,1,1.925,1.925,NORMAL
2026-09-01 12:00:00,R109,36.4,0,0,0,1,0.15,0.15,NORMAL
2026-09-01 12:00:00,R110,36.4,0,0,0,1,0.15,0.15,NORMAL
2026-09-01 12:00:00,R111,36.4,0,0,0,1,0.15,0.15,NORMAL
2026-09-01 12:00:00,R112,36.4,0,0,0,1,0.15,0.15,NORMAL
2026-09-01 12:00:00,R113,36.4,1,1,0,1,1.922,1.922,NORMAL
2026-09-01 12:00:00,R114,36.4,0,0,0,1,0.15,0.15,NORMAL
2026-09-01 12:00:00,R115,36.4,0,0,0,1,0.15,0.15,NORMAL
2026-09-01 12:00:00,R116,36.4,0,0,0,1,0.15,0.15,NORMAL
2026-09-01 12:00:00,R117,36.4,0,0,0,1,0.15,0.15,NORMAL
2026-09-01 12:00:00,R118,36.4,0,0,0,1,0.15,0.15,NORMAL
2026-09-01 12:00:00,R119,36.4,0,1,0,1,1.368,1.368,AC_WASTE
2026-09-01 12:00:00,R120,36.4,2,1,0,1,2.094,2.094,NORMAL
2026-09-01 13:00:00,R101,36.63,0,0,0,1,0.15,0.15,NORMAL
2026-09-01 13:00:00,R102,36.63,0,0,0,1,0.15,0.15,NORMAL
2026-09-01 13:00:00,R103,36.63,0,0,0,1,0.15,0.15,NORMAL
2026-09-01 13:00:00,R104,36.63,1,1,0,1,1.586,1.586,NORMAL
2026-09-01 13:00:00,R105,36.63,1,1,0,1,1.635,1.635,NORMAL
2026-09-01 13:00:00,R106,36.63,2,1,0,1,1.933,1.933,NORMAL
2026-09-01 13:00:00,R107,36.63,0,0,0,1,0.15,0.15,NORMAL
2026-09-01 13:00:00,R108,36.63,0,0,0,1,0.15,0.15,NORMAL
2026-09-01 13:00:00,R109,36.63,0,0,0,1,0.15,0.15,NORMAL
2026-09-01 13:00:00,R110,36.63,0,0,0,1,0.15,0.15,NORMAL
2026-09-01 13:00:00,R111,36.63,0,0,0,1,0.15,0.15,NORMAL
2026-09-01 13:00:00,R112,36.63,1,1,0,1,1.622,1.622,NORMAL
2026-09-01 13:00:00,R113,36.63,2,1,0,1,1.722,1.722,NORMAL
2026-09-01 13:00:00,R114,36.63,0,0,0,1,0.15,0.15,NORMAL
2026-09-01 13:00:00,R115,36.63,1,1,0,1,1.864,1.864,NORMAL
2026-09-01 13:00:00,R116,36.63,0,0,0,1,0.15,0.15,NORMAL
2026-09-01 13:00:00,R117,36.63,2,1,0,1,1.615,1.615,NORMAL
2026-09-01 13:00:00,R118,36.63,0,0,0,1,0.15,0.15,NORMAL
2026-09-01 13:00:00,R119,36.63,1,1,0,1,1.671,1.671,NORMAL
2026-09-01 13:00:00,R120,36.63,0,0,0,1,0.15,0.15,NORMAL
2026-09-01 14:00:00,R101,35.34,0,0,0,1,0.15,0.15,NORMAL
2026-09-01 14:00:00,R102,35.34,0,0,0,1,0.15,0.15,NORMAL
2026-09-01 14:00:00,R103,35.34,0,0,0,1,0.15,0.15,NORMAL
2026-09-01 14:00:00,R104,35.34,0,0,0,1,0.15,0.15,NORMAL
2026-09-01 14:00:00,R105,35.34,0,0,0,1,0.15,0.15,NORMAL
2026-09-01 14:00:00,R106,35.34,1,1,0,1,1.542,1.542,NORMAL
2026-09-01 14:00:00,R107,35.34,1,1,0,1,1.811,1.811,NORMAL
2026-09-01 14:00:00,R108,35.34,0,0,0,1,0.15,0.15,NORMAL
2026-09-01 14:00:00,R109,35.34,0,0,0,1,0.15,0.15,NORMAL
2026-09-01 14:00:00,R110,35.34,2,1,0,1,1.995,1.995,NORMAL
2026-09-01 14:00:00,R111,35.34,0,0,0,1,0.15,0.15,NORMAL
2026-09-01 14:00:00,R112,35.34,0,0,0,1,0.15,0.15,NORMAL
2026-09-01 14:00:00,R113,35.34,0,0,0,1,0.15,0.15,NORMAL
2026-09-01 14:00:00,R114,35.34,0,0,0,1,0.15,0.15,NORMAL
2026-09-01 14:00:00,R115,35.34,0,0,0,1,0.15,0.15,NORMAL
2026-09-01 14:00:00,R116,35.34,0,0,0,1,0.15,0.15,NORMAL
2026-09-01 14:00:00,R117,35.34,2,1,0,1,1.853,1.853,NORMAL
2026-09-01 14:00:00,R118,35.34,0,0,0,1,0.15,0.15,NORMAL
2026-09-01 14:00:00,R119,35.34,1,1,0,1,1.731,1.731,NORMAL
2026-09-01 14:00:00,R120,35.34,0,0,0,1,0.15,0.15,NORMAL
2026-09-01 15:00:00,R101,31.88,0,0,0,1,0.15,0.15,NORMAL
2026-09-01 15:00:00,R102,31.88,2,1,0,1,2.082,2.082,NORMAL
2026-09-01 15:00:00,R103,31.88,1,1,0,1,1.574,1.574,NORMAL
2026-09-01 15:00:00,R104,31.88,0,0,0,1,0.15,0.15,NORMAL
2026-09-01 15:00:00,R105,31.88,0,0,0,1,0.15,0.15,NORMAL
2026-09-01 15:00:00,R106,31.88,0,0,0,1,0.15,0.15,NORMAL
2026-09-01 15:00:00,R107,31.88,1,1,0,1,1.951,1.951,NORMAL
2026-09-01 15:00:00,R108,31.88,0,0,0,1,0.15,0.15,NORMAL
2026-09-01 15:00:00,R109,31.88,1,1,0,1,1.706,1.706,NORMAL
2026-09-01 15:00:00,R110,31.88,0,0,0,1,0.15,0.15,NORMAL
2026-09-01 15:00:00,R111,31.88,0,0,0,1,0.15,0.15,NORMAL
2026-09-01 15:00:00,R112,31.88,0,0,0,1,0.15,0.15,NORMAL
2026-09-01 15:00:00,R113,31.88,0,0,0,1,0.15,0.15,NORMAL
2026-09-01 15:00:00,R114,31.88,1,1,0,1,1.997,1.997,NORMAL
2026-09-01 15:00:00,R115,31.88,1,1,0,1,1.87,1.87,NORMAL
2026-09-01 15:00:00,R116,31.88,1,1,0,1,1.926,1.926,NORMAL
2026-09-01 15:00:00,R117,31.88,0,0,0,1,0.15,0.15,NORMAL
2026-09-01 15:00:00,R118,31.88,0,1,0,1,1.444,1.444,AC_WASTE
2026-09-01 15:00:00,R119,31.88,1,1,0,1,2.052,2.052,NORMAL
2026-09-01 15:00:00,R120,31.88,0,0,0,1,0.15,0.15,NORMAL
2026-09-01 16:00:00,R101,31.37,2,1,0,1,1.782,1.782,NORMAL
2026-09-01 16:00:00,R102,31.37,2,1,0,1,1.876,1.876,NORMAL
2026-09-01 16:00:00,R103,31.37,0,0,0,1,0.15,0.15,NORMAL
2026-09-01 16:00:00,R104,31.37,1,1,0,1,1.515,1.515,NORMAL
2026-09-01 16:00:00,R105,31.37,1,1,0,1,1.554,1.554,NORMAL
2026-09-01 16:00:00,R106,31.37,0,0,0,1,0.15,0.15,NORMAL
2026-09-01 16:00:00,R107,31.37,1,1,0,1,1.695,1.695,NORMAL
2026-09-01 16:00:00,R108,31.37,0,0,0,1,0.15,0.15,NORMAL
2026-09-01 16:00:00,R109,31.37,1,1,0,1,1.541,1.541,NORMAL
2026-09-01 16:00:00,R110,31.37,0,0,0,1,0.15,0.15,NORMAL
2026-09-01 16:00:00,R111,31.37,0,0,0,1,0.15,0.15,NORMAL
2026-09-01 16:00:00,R112,31.37,1,1,0,1,1.666,1.666,NORMAL
2026-09-01 16:00:00,R113,31.37,1,1,0,1,1.559,1.559,NORMAL
2026-09-01 16:00:00,R114,31.37,0,0,0,1,0.15,0.15,NORMAL
2026-09-01 16:00:00,R115,31.37,2,1,0,1,1.735,1.735,NORMAL
2026-09-01 16:00:00,R116,31.37,1,1,0,1,1.919,1.919,NORMAL
2026-09-01 16:00:00,R117,31.37,2,1,0,1,1.979,1.979,NORMAL
2026-09-01 16:00:00,R118,31.37,0,0,0,1,0.15,0.15,NORMAL
2026-09-01 16:00:00,R119,31.37,0,0,0,1,0.15,0.15,NORMAL
2026-09-01 16:00:00,R120,31.37,0,0,0,1,0.15,0.15,NORMAL
2026-09-01 17:00:00,R101,31.44,1,1,0,1,1.674,1.674,NORMAL
2026-09-01 17:00:00,R102,31.44,1,1,0,1,1.789,1.789,NORMAL
2026-09-01 17:00:00,R103,31.44,2,1,0,1,1.57,1.57,NORMAL
2026-09-01 17:00:00,R104,31.44,2,1,0,1,1.635,1.635,NORMAL
2026-09-01 17:00:00,R105,31.44,1,1,0,1,1.439,1.439,NORMAL
2026-09-01 17:00:00,R106,31.44,1,1,0,1,1.428,1.428,NORMAL
2026-09-01 17:00:00,R107,31.44,1,1,0,1,1.894,1.894,NORMAL
2026-09-01 17:00:00,R108,31.44,1,1,0,1,1.853,1.853,NORMAL
2026-09-01 17:00:00,R109,31.44,0,0,0,1,0.15,0.15,NORMAL
2026-09-01 17:00:00,R110,31.44,2,1,0,1,2.039,2.039,NORMAL
2026-09-01 17:00:00,R111,31.44,0,0,0,1,0.15,0.15,NORMAL
2026-09-01 17:00:00,R112,31.44,2,1,0,1,1.85,1.85,NORMAL
2026-09-01 17:00:00,R113,31.44,0,0,0,1,0.15,0.15,NORMAL
2026-09-01 17:00:00,R114,31.44,1,1,0,1,1.945,1.945,NORMAL
2026-09-01 17:00:00,R115,31.44,1,1,0,1,1.94,1.94,NORMAL
2026-09-01 17:00:00,R116,31.44,2,1,0,1,1.786,1.786,NORMAL
2026-09-01 17:00:00,R117,31.44,1,1,0,1,1.815,1.815,NORMAL
2026-09-01 17:00:00,R118,31.44,1,1,0,1,1.994,1.994,NORMAL
2026-09-01 17:00:00,R119,31.44,1,1,0,1,1.721,1.721,NORMAL
2026-09-01 17:00:00,R120,31.44,1,1,0,1,1.736,1.736,NORMAL
2026-09-01 18:00:00,R101,26.74,1,0,1,1,0.442,0.442,NORMAL
2026-09-01 18:00:00,R102,26.74,2,0,1,1,0.444,0.444,NORMAL
2026-09-01 18:00:00,R103,26.74,1,0,1,1,0.406,0.406,NORMAL
2026-09-01 18:00:00,R104,26.74,1,0,1,1,0.397,0.397,NORMAL
2026-09-01 18:00:00,R105,26.74,1,0,1,1,0.368,0.368,NORMAL
2026-09-01 18:00:00,R106,26.74,1,0,1,1,0.391,0.391,NORMAL
2026-09-01 18:00:00,R107,26.74,2,0,1,1,0.432,0.432,NORMAL
2026-09-01 18:00:00,R108,26.74,1,0,1,1,0.403,0.403,NORMAL
2026-09-01 18:00:00,R109,26.74,2,0,1,1,0.448,0.448,NORMAL
2026-09-01 18:00:00,R110,26.74,2,0,1,1,0.505,0.505,NORMAL
2026-09-01 18:00:00,R111,26.74,1,0,1,1,0.405,0.405,NORMAL
2026-09-01 18:00:00,R112,26.74,0,0,1,1,0.15,0.15,NORMAL
2026-09-01 18:00:00,R113,26.74,0,0,1,1,0.15,0.15,NORMAL
2026-09-01 18:00:00,R114,26.74,2,0,1,1,0.469,0.469,NORMAL
2026-09-01 18:00:00,R115,26.74,2,0,1,1,0.447,0.447,NORMAL
2026-09-01 18:00:00,R116,26.74,2,0,1,1,0.488,0.488,NORMAL
2026-09-01 18:00:00,R117,26.74,1,0,1,1,0.314,0.314,NORMAL
2026-09-01 18:00:00,R118,26.74,2,0,1,1,0.465,0.465,NORMAL
2026-09-01 18:00:00,R119,26.74,2,0,1,1,0.49,0.49,NORMAL
2026-09-01 18:00:00,R120,26.74,2,0,1,1,0.513,0.513,NORMAL
2026-09-01 19:00:00,R101,26.25,0,0,1,1,0.15,0.15,NORMAL
2026-09-01 19:00:00,R102,26.25,2,0,1,1,0.488,0.488,NORMAL
2026-09-01 19:00:00,R103,26.25,1,0,1,1,0.459,0.459,NORMAL
2026-09-01 19:00:00,R104,26.25,1,0,1,1,0.463,0.463,NORMAL
2026-09-01 19:00:00,R105,26.25,2,0,1,1,0.444,0.444,NORMAL
2026-09-01 19:00:00,R106,26.25,2,0,1,1,0.513,0.513,NORMAL
2026-09-01 19:00:00,R107,26.25,1,0,1,1,0.313,0.313,NORMAL
2026-09-01 19:00:00,R108,26.25,2,0,1,1,0.466,0.466,NORMAL
2026-09-01 19:00:00,R109,26.25,1,0,1,1,0.349,0.349,NORMAL
2026-09-01 19:00:00,R110,26.25,1,0,1,1,0.412,0.412,NORMAL
2026-09-01 19:00:00,R111,26.25,0,0,1,1,0.15,0.15,NORMAL
2026-09-01 19:00:00,R112,26.25,1,0,1,1,0.403,0.403,NORMAL
2026-09-01 19:00:00,R113,26.25,2,0,1,1,0.607,0.607,NORMAL
2026-09-01 19:00:00,R114,26.25,0,0,1,1,0.15,0.15,NORMAL
2026-09-01 19:00:00,R115,26.25,1,0,1,1,0.397,0.397,NORMAL
2026-09-01 19:00:00,R116,26.25,1,0,1,1,0.364,0.364,NORMAL
2026-09-01 19:00:00,R117,26.25,2,0,1,1,0.457,0.457,NORMAL
2026-09-01 19:00:00,R118,26.25,1,0,1,1,0.342,0.342,NORMAL
2026-09-01 19:00:00,R119,26.25,1,0,1,1,0.414,0.414,NORMAL
2026-09-01 19:00:00,R120,26.25,1,0,1,1,0.444,0.444,NORMAL
2026-09-01 20:00:00,R101,23.19,2,0,1,1,0.566,0.566,NORMAL
2026-09-01 20:00:00,R102,23.19,1,0,1,1,0.394,0.394,NORMAL
2026-09-01 20:00:00,R103,23.19,1,0,1,1,0.386,0.386,NORMAL
2026-09-01 20:00:00,R104,23.19,1,0,1,1,0.37,0.37,NORMAL
2026-09-01 20:00:00,R105,23.19,1,0,1,1,0.374,0.374,NORMAL
2026-09-01 20:00:00,R106,23.19,0,0,1,1,0.15,0.15,NORMAL
2026-09-01 20:00:00,R107,23.19,2,0,1,1,0.442,0.442,NORMAL
2026-09-01 20:00:00,R108,23.19,1,0,1,1,0.412,0.412,NORMAL
2026-09-01 20:00:00,R109,23.19,1,0,1,1,0.435,0.435,NORMAL
2026-09-01 20:00:00,R110,23.19,1,0,1,1,0.425,0.425,NORMAL
2026-09-01 20:00:00,R111,23.19,0,0,1,1,0.15,0.15,NORMAL
2026-09-01 20:00:00,R112,23.19,1,0,1,1,0.343,0.343,NORMAL
2026-09-01 20:00:00,R113,23.19,0,0,1,1,0.15,0.15,NORMAL
2026-09-01 20:00:00,R114,23.19,1,0,1,1,0.451,0.451,NORMAL
2026-09-01 20:00:00,R115,23.19,1,0,1,1,0.46,0.46,NORMAL
2026-09-01 20:00:00,R116,23.19,2,0,1,1,0.398,0.398,NORMAL
2026-09-01 20:00:00,R117,23.19,1,0,1,1,0.383,0.383,NORMAL
2026-09-01 20:00:00,R118,23.19,1,0,1,1,0.405,0.405,NORMAL
2026-09-01 20:00:00,R119,23.19,2,0,1,1,0.438,0.438,NORMAL
2026-09-01 20:00:00,R120,23.19,2,0,1,1,0.563,0.563,NORMAL
2026-09-01 21:00:00,R101,20.7,0,0,1,1,0.15,0.15,NORMAL
2026-09-01 21:00:00,R102,20.7,2,0,1,1,0.566,0.566,NORMAL
2026-09-01 21:00:00,R103,20.7,1,0,1,1,0.332,0.332,NORMAL
2026-09-01 21:00:00,R104,20.7,1,0,1,1,0.372,0.372,NORMAL
2026-09-01 21:00:00,R105,20.7,2,0,1,1,0.588,0.588,NORMAL
2026-09-01 21:00:00,R106,20.7,2,0,1,1,0.507,0.507,NORMAL
2026-09-01 21:00:00,R107,20.7,2,0,1,1,0.585,0.585,NORMAL
2026-09-01 21:00:00,R108,20.7,1,0,1,1,0.37,0.37,NORMAL
2026-09-01 21:00:00,R109,20.7,2,0,1,1,0.455,0.455,NORMAL
2026-09-01 21:00:00,R110,20.7,1,0,1,1,0.429,0.429,NORMAL
2026-09-01 21:00:00,R111,20.7,1,0,1,1,0.334,0.334,NORMAL
2026-09-01 21:00:00,R112,20.7,1,0,1,1,0.451,0.451,NORMAL
2026-09-01 21:00:00,R113,20.7,1,0,1,1,0.385,0.385,NORMAL
2026-09-01 21:00:00,R114,20.7,1,0,1,1,0.419,0.419,NORMAL
2026-09-01 21:00:00,R115,20.7,2,0,1,1,0.397,0.397,NORMAL
2026-09-01 21:00:00,R116,20.7,2,0,1,1,0.496,0.496,NORMAL
2026-09-01 21:00:00,R117,20.7,1,0,1,1,0.361,0.361,NORMAL
2026-09-01 21:00:00,R118,20.7,2,0,1,1,0.551,0.551,NORMAL
2026-09-01 21:00:00,R119,20.7,1,0,1,1,0.344,0.344,NORMAL
2026-09-01 21:00:00,R120,20.7,1,0,1,1,0.366,0.366,NORMAL
2026-09-01 22:00:00,R101,19.21,0,0,1,1,0.15,0.15,NORMAL
2026-09-01 22:00:00,R102,19.21,0,1,1,1,1.421,1.421,AC_WASTE
2026-09-01 22:00:00,R103,19.21,2,0,1,1,0.618,0.618,NORMAL
2026-09-01 22:00:00,R104,19.21,1,0,1,1,0.419,0.419,NORMAL
2026-09-01 22:00:00,R105,19.21,1,0,1,1,0.393,0.393,NORMAL
2026-09-01 22:00:00,R106,19.21,1,0,1,1,0.414,0.414,NORMAL
2026-09-01 22:00:00,R107,19.21,2,0,1,1,0.505,0.505,NORMAL
2026-09-01 22:00:00,R108,19.21,2,0,1,1,0.515,0.515,NORMAL
2026-09-01 22:00:00,R109,19.21,2,0,1,1,0.565,0.565,NORMAL
2026-09-01 22:00:00,R110,19.21,1,0,1,1,0.372,0.372,NORMAL
2026-09-01 22:00:00,R111,19.21,0,0,1,1,0.15,0.15,NORMAL
2026-09-01 22:00:00,R112,19.21,0,0,1,1,0.15,0.15,NORMAL
2026-09-01 22:00:00,R113,19.21,2,0,1,1,0.489,0.489,NORMAL
2026-09-01 22:00:00,R114,19.21,2,0,1,1,0.446,0.446,NORMAL
2026-09-01 22:00:00,R115,19.21,2,0,1,1,0.475,0.475,NORMAL
2026-09-01 22:00:00,R116,19.21,2,0,1,1,0.519,0.519,NORMAL
2026-09-01 22:00:00,R117,19.21,1,0,1,1,0.356,0.356,NORMAL
2026-09-01 22:00:00,R118,19.21,1,0,1,1,0.382,0.382,NORMAL
2026-09-01 22:00:00,R119,19.21,2,0,1,1,0.519,0.519,NORMAL
2026-09-01 22:00:00,R120,19.21,2,0,1,1,0.413,0.413,NORMAL
2026-09-01 23:00:00,R101,15.39,0,0,1,0,0.15,0.15,NORMAL
2026-09-01 23:00:00,R102,15.39,0,0,1,0,0.15,0.15,NORMAL
2026-09-01 23:00:00,R103,15.39,0,0,1,0,0.15,0.15,NORMAL
2026-09-01 23:00:00,R104,15.39,0,0,1,0,0.15,0.15,NORMAL
2026-09-01 23:00:00,R105,15.39,1,0,1,0,0.473,0.473,NORMAL
2026-09-01 23:00:00,R106,15.39,0,0,1,0,0.15,0.15,NORMAL
2026-09-01 23:00:00,R107,15.39,0,0,1,0,0.15,0.15,NORMAL
2026-09-01 23:00:00,R108,15.39,0,0,1,0,0.15,0.15,NORMAL
2026-09-01 23:00:00,R109,15.39,0,0,1,0,0.15,0.15,NORMAL
2026-09-01 23:00:00,R110,15.39,0,0,1,0,0.15,0.15,NORMAL
2026-09-01 23:00:00,R111,15.39,0,0,1,0,0.15,0.15,NORMAL
2026-09-01 23:00:00,R112,15.39,0,0,1,0,0.15,0.15,NORMAL
2026-09-01 23:00:00,R113,15.39,0,0,1,0,0.15,0.15,NORMAL
2026-09-01 23:00:00,R114,15.39,1,0,1,0,0.432,0.432,NORMAL
2026-09-01 23:00:00,R115,15.39,0,0,1,0,0.15,0.15,NORMAL
2026-09-01 23:00:00,R116,15.39,1,0,1,0,0.332,0.332,NORMAL
2026-09-01 23:00:00,R117,15.39,0,0,1,0,0.15,0.15,NORMAL
2026-09-01 23:00:00,R118,15.39,0,0,1,0,0.15,0.15,NORMAL
2026-09-01 23:00:00,R119,15.39,0,1,1,0,1.68,1.68,AC_WASTE
2026-09-01 23:00:00,R120,15.39,0,0,1,0,0.15,0.15,NORMAL
2026-09-02 00:00:00,R101,18.82,0,0,1,0,0.15,0.15,NORMAL
2026-09-02 00:00:00,R102,18.82,1,0,1,0,0.436,0.436,NORMAL
2026-09-02 00:00:00,R103,18.82,1,0,1,0,0.39,0.39,NORMAL
2026-09-02 00:00:00,R104,18.82,0,0,1,0,0.15,0.15,NORMAL
2026-09-02 00:00:00,R105,18.82,0,0,1,0,0.15,0.15,NORMAL
2026-09-02 00:00:00,R106,18.82,0,0,1,0,0.15,0.15,NORMAL
2026-09-02 00:00:00,R107,18.82,0,0,1,0,0.15,0.15,NORMAL
2026-09-02 00:00:00,R108,18.82,0,0,1,0,0.15,0.15,NORMAL
2026-09-02 00:00:00,R109,18.82,0,0,1,0,0.15,0.15,NORMAL
2026-09-02 00:00:00,R110,18.82,0,0,1,0,0.15,0.15,NORMAL
2026-09-02 00:00:00,R111,18.82,0,0,1,0,0.15,0.15,NORMAL
2026-09-02 00:00:00,R112,18.82,0,0,1,0,0.15,0.15,NORMAL
2026-09-02 00:00:00,R113,18.82,0,0,1,0,0.15,0.15,NORMAL
2026-09-02 00:00:00,R114,18.82,0,0,1,0,0.15,0.15,NORMAL
2026-09-02 00:00:00,R115,18.82,1,0,1,0,0.456,0.456,NORMAL
2026-09-02 00:00:00,R116,18.82,0,0,1,0,0.15,0.15,NORMAL
2026-09-02 00:00:00,R117,18.82,1,0,1,0,0.383,0.383,NORMAL
2026-09-02 00:00:00,R118,18.82,0,0,1,0,0.15,0.15,NORMAL
2026-09-02 00:00:00,R119,18.82,0,0,1,0,0.15,0.15,NORMAL
2026-09-02 00:00:00,R120,18.82,0,0,1,0,0.15,0.15,NORMAL
2026-09-02 01:00:00,R101,19.9,0,0,1,0,0.15,0.15,NORMAL
2026-09-02 01:00:00,R102,19.9,1,0,1,0,0.383,0.383,NORMAL
2026-09-02 01:00:00,R103,19.9,0,0,1,0,0.15,0.15,NORMAL
2026-09-02 01:00:00,R104,19.9,0,0,1,0,0.15,0.15,NORMAL
2026-09-02 01:00:00,R105,19.9,0,0,1,0,0.15,0.15,NORMAL
2026-09-02 01:00:00,R106,19.9,0,0,1,0,0.15,0.15,NORMAL
2026-09-02 01:00:00,R107,19.9,1,0,1,0,0.294,0.294,NORMAL
2026-09-02 01:00:00,R108,19.9,0,0,1,0,0.15,0.15,NORMAL
2026-09-02 01:00:00,R109,19.9,0,0,1,0,0.15,0.15,NORMAL
2026-09-02 01:00:00,R110,19.9,0,0,1,0,0.15,0.15,NORMAL
2026-09-02 01:00:00,R111,19.9,0,0,1,0,0.15,0.15,NORMAL
2026-09-02 01:00:00,R112,19.9,0,0,1,0,0.15,0.15,NORMAL
2026-09-02 01:00:00,R113,19.9,0,0,1,0,0.15,0.15,NORMAL
2026-09-02 01:00:00,R114,19.9,0,0,1,0,0.15,0.15,NORMAL
2026-09-02 01:00:00,R115,19.9,1,0,1,0,0.328,0.328,NORMAL
2026-09-02 01:00:00,R116,19.9,1,0,1,0,0.376,0.376,NORMAL
2026-09-02 01:00:00,R117,19.9,0,0,1,0,0.15,0.15,NORMAL
2026-09-02 01:00:00,R118,19.9,0,0,1,0,0.15,0.15,NORMAL
2026-09-02 01:00:00,R119,19.9,0,0,1,0,0.15,0.15,NORMAL
2026-09-02 01:00:00,R120,19.9,0,0,1,0,0.15,0.15,NORMAL
2026-09-02 02:00:00,R101,20.72,0,0,1,0,0.15,0.15,NORMAL
2026-09-02 02:00:00,R102,20.72,0,0,1,0,0.15,0.15,NORMAL
2026-09-02 02:00:00,R103,20.72,0,0,1,0,0.15,0.15,NORMAL
2026-09-02 02:00:00,R104,20.72,0,0,1,0,0.15,0.15,NORMAL
2026-09-02 02:00:00,R105,20.72,0,0,1,0,0.15,0.15,NORMAL
2026-09-02 02:00:00,R106,20.72,0,0,1,0,0.15,0.15,NORMAL
2026-09-02 02:00:00,R107,20.72,0,0,1,0,0.15,0.15,NORMAL
2026-09-02 02:00:00,R108,20.72,0,0,1,0,0.15,0.15,NORMAL
2026-09-02 02:00:00,R109,20.72,0,0,1,0,0.15,0.15,NORMAL
2026-09-02 02:00:00,R110,20.72,1,0,1,0,0.473,0.473,NORMAL
2026-09-02 02:00:00,R111,20.72,1,0,1,0,0.375,0.375,NORMAL
2026-09-02 02:00:00,R112,20.72,1,0,1,0,0.394,0.394,NORMAL
2026-09-02 02:00:00,R113,20.72,1,0,1,0,0.403,0.403,NORMAL
2026-09-02 02:00:00,R114,20.72,0,0,1,0,0.15,0.15,NORMAL
2026-09-02 02:00:00,R115,20.72,0,0,1,0,0.15,0.15,NORMAL
2026-09-02 02:00:00,R116,20.72,0,0,1,0,0.15,0.15,NORMAL
2026-09-02 02:00:00,R117,20.72,0,0,1,0,0.15,0.15,NORMAL
2026-09-02 02:00:00,R118,20.72,0,0,1,0,0.15,0.15,NORMAL
2026-09-02 02:00:00,R119,20.72,0,0,1,0,0.15,0.15,NORMAL
2026-09-02 02:00:00,R120,20.72,0,0,1,0,0.15,0.15,NORMAL
2026-09-02 03:00:00,R101,22.38,0,0,1,0,0.15,0.15,NORMAL
2026-09-02 03:00:00,R102,22.38,0,0,1,0,0.15,0.15,NORMAL
2026-09-02 03:00:00,R103,22.38,1,0,1,0,0.437,0.437,NORMAL
2026-09-02 03:00:00,R104,22.38,0,0,1,0,0.15,0.15,NORMAL
2026-09-02 03:00:00,R105,22.38,0,1,1,0,1.58,1.58,AC_WASTE
2026-09-02 03:00:00,R106,22.38,0,0,1,0,0.15,0.15,NORMAL
2026-09-02 03:00:00,R107,22.38,0,0,1,0,0.15,0.15,NORMAL
2026-09-02 03:00:00,R108,22.38,1,0,1,0,0.432,0.432,NORMAL
2026-09-02 03:00:00,R109,22.38,0,0,1,0,0.15,0.15,NORMAL
2026-09-02 03:00:00,R110,22.38,0,0,1,0,0.15,0.15,NORMAL
2026-09-02 03:00:00,R111,22.38,0,0,1,0,0.15,0.15,NORMAL
2026-09-02 03:00:00,R112,22.38,1,0,1,0,0.316,0.316,NORMAL
2026-09-02 03:00:00,R113,22.38,0,0,1,0,0.15,0.15,NORMAL
2026-09-02 03:00:00,R114,22.38,0,0,1,0,0.15,0.15,NORMAL
2026-09-02 03:00:00,R115,22.38,0,0,1,0,0.15,0.15,NORMAL
2026-09-02 03:00:00,R116,22.38,0,0,1,0,0.15,0.15,NORMAL
2026-09-02 03:00:00,R117,22.38,0,0,1,0,0.15,0.15,NORMAL
2026-09-02 03:00:00,R118,22.38,1,0,1,0,0.391,0.391,NORMAL
2026-09-02 03:00:00,R119,22.38,0,0,1,0,0.15,0.15,NORMAL
2026-09-02 03:00:00,R120,22.38,0,0,1,0,0.15,0.15,NORMAL
2026-09-02 04:00:00,R101,23.77,1,0,1,0,0.451,0.451,NORMAL
2026-09-02 04:00:00,R102,23.77,1,0,1,0,0.417,0.417,NORMAL
2026-09-02 04:00:00,R103,23.77,0,0,1,0,0.15,0.15,NORMAL
2026-09-02 04:00:00,R104,23.77,0,0,1,0,0.15,0.15,NORMAL
2026-09-02 04:00:00,R105,23.77,0,0,1,0,0.15,0.15,NORMAL
2026-09-02 04:00:00,R106,23.77,1,0,1,0,0.399,0.399,NORMAL
2026-09-02 04:00:00,R107,23.77,0,0,1,0,0.15,0.15,NORMAL
2026-09-02 04:00:00,R108,23.77,1,0,1,0,0.398,0.398,NORMAL
2026-09-02 04:00:00,R109,23.77,1,0,1,0,0.364,0.364,NORMAL
2026-09-02 04:00:00,R110,23.77,0,1,1,0,1.534,1.534,AC_WASTE
2026-09-02 04:00:00,R111,23.77,0,0,1,0,0.15,0.15,NORMAL
2026-09-02 04:00:00,R112,23.77,0,0,1,0,0.15,0.15,NORMAL
2026-09-02 04:00:00,R113,23.77,1,0,1,0,0.449,0.449,NORMAL
2026-09-02 04:00:00,R114,23.77,0,0,1,0,0.15,0.15,NORMAL
2026-09-02 04:00:00,R115,23.77,0,0,1,0,0.15,0.15,NORMAL
2026-09-02 04:00:00,R116,23.77,1,0,1,0,0.435,0.435,NORMAL
2026-09-02 04:00:00,R117,23.77,0,0,1,0,0.15,0.15,NORMAL
2026-09-02 04:00:00,R118,23.77,1,0,1,0,0.443,0.443,NORMAL
2026-09-02 04:00:00,R119,23.77,0,0,1,0,0.15,0.15,NORMAL
2026-09-02 04:00:00,R120,23.77,0,0,1,0,0.15,0.15,NORMAL
2026-09-02 05:00:00,R101,25.2,1,0,1,0,0.394,0.394,NORMAL
2026-09-02 05:00:00,R102,25.2,0,0,1,0,0.15,0.15,NORMAL
2026-09-02 05:00:00,R103,25.2,0,0,1,0,0.15,0.15,NORMAL
2026-09-02 05:00:00,R104,25.2,0,0,1,0,0.15,0.15,NORMAL
2026-09-02 05:00:00,R105,25.2,0,0,1,0,0.15,0.15,NORMAL
2026-09-02 05:00:00,R106,25.2,0,0,1,0,0.15,0.15,NORMAL
2026-09-02 05:00:00,R107,25.2,0,0,1,0,0.15,0.15,NORMAL
2026-09-02 05:00:00,R108,25.2,0,0,1,0,0.15,0.15,NORMAL
2026-09-02 05:00:00,R109,25.2,0,0,1,0,0.15,0.15,NORMAL
2026-09-02 05:00:00,R110,25.2,0,0,1,0,0.15,0.15,NORMAL
2026-09-02 05:00:00,R111,25.2,0,1,1,0,1.41,1.41,AC_WASTE
2026-09-02 05:00:00,R112,25.2,0,0,1,0,0.15,0.15,NORMAL
2026-09-02 05:00:00,R113,25.2,1,0,1,0,0.4,0.4,NORMAL
2026-09-02 05:00:00,R114,25.2,0,0,1,0,0.15,0.15,NORMAL
2026-09-02 05:00:00,R115,25.2,0,0,1,0,0.15,0.15,NORMAL
2026-09-02 05:00:00,R116,25.2,1,0,1,0,0.409,0.409,NORMAL
2026-09-02 05:00:00,R117,25.2,0,0,1,0,0.15,0.15,NORMAL
2026-09-02 05:00:00,R118,25.2,0,0,1,0,0.15,0.15,NORMAL
2026-09-02 05:00:00,R119,25.2,0,0,1,0,0.15,0.15,NORMAL
2026-09-02 05:00:00,R120,25.2,1,0,1,0,0.379,0.379,NORMAL
2026-09-02 06:00:00,R101,29.42,0,0,0,1,0.15,0.15,NORMAL
2026-09-02 06:00:00,R102,29.42,1,1,0,1,1.515,1.515,NORMAL
2026-09-02 06:00:00,R103,29.42,0,0,0,1,0.15,0.15,NORMAL
2026-09-02 06:00:00,R104,29.42,1,1,0,1,1.843,1.843,NORMAL
2026-09-02 06:00:00,R105,29.42,1,1,0,1,2.009,2.009,NORMAL
2026-09-02 06:00:00,R106,29.42,0,0,0,1,0.15,0.15,NORMAL
2026-09-02 06:00:00,R107,29.42,1,1,0,1,1.486,1.486,NORMAL
2026-09-02 06:00:00,R108,29.42,1,1,0,1,1.751,1.751,NORMAL
2026-09-02 06:00:00,R109,29.42,1,1,0,1,1.903,1.903,NORMAL
2026-09-02 06:00:00,R110,29.42,1,1,0,1,1.831,1.831,NORMAL
2026-09-02 06:00:00,R111,29.42,1,1,0,1,1.961,1.961,NORMAL
2026-09-02 06:00:00,R112,29.42,1,1,0,1,1.65,1.65,NORMAL
2026-09-02 06:00:00,R113,29.42,2,1,0,1,1.938,1.938,NORMAL
2026-09-02 06:00:00,R114,29.42,0,0,0,1,0.15,0.15,NORMAL
2026-09-02 06:00:00,R115,29.42,0,0,0,1,0.15,0.15,NORMAL
2026-09-02 06:00:00,R116,29.42,1,1,0,1,1.612,1.612,NORMAL
2026-09-02 06:00:00,R117,29.42,1,1,0,1,1.8,1.8,NORMAL
2026-09-02 06:00:00,R118,29.42,1,1,0,1,1.827,1.827,NORMAL
2026-09-02 06:00:00,R119,29.42,1,1,0,1,2.017,2.017,NORMAL
2026-09-02 06:00:00,R120,29.42,1,1,0,1,1.498,1.498,NORMAL
2026-09-02 07:00:00,R101,30.42,1,1,0,1,1.952,1.952,NORMAL
2026-09-02 07:00:00,R102,30.42,2,1,0,1,1.977,1.977,NORMAL
2026-09-02 07:00:00,R103,30.42,2,1,0,1,1.761,1.761,NORMAL
2026-09-02 07:00:00,R104,30.42,0,0,0,1,0.15,0.15,NORMAL
2026-09-02 07:00:00,R105,30.42,2,1,0,1,2.038,2.038,NORMAL
2026-09-02 07:00:00,R106,30.42,0,0,0,1,0.15,0.15,NORMAL
2026-09-02 07:00:00,R107,30.42,1,1,0,1,2.036,2.036,NORMAL
2026-09-02 07:00:00,R108,30.42,0,0,0,1,0.15,0.15,NORMAL
2026-09-02 07:00:00,R109,30.42,1,1,0,1,1.74,1.74,NORMAL
2026-09-02 07:00:00,R110,30.42,1,1,0,1,1.793,1.793,NORMAL
2026-09-02 07:00:00,R111,30.42,1,1,0,1,1.749,1.749,NORMAL
2026-09-02 07:00:00,R112,30.42,2,1,0,1,1.944,1.944,NORMAL
2026-09-02 07:00:00,R113,30.42,0,0,0,1,0.15,0.15,NORMAL
2026-09-02 07:00:00,R114,30.42,2,1,0,1,2.046,2.046,NORMAL
2026-09-02 07:00:00,R115,30.42,1,1,0,1,1.977,1.977,NORMAL
2026-09-02 07:00:00,R116,30.42,1,1,0,1,1.896,1.896,NORMAL
2026-09-02 07:00:00,R117,30.42,1,1,0,1,2.017,2.017,NORMAL
2026-09-02 07:00:00,R118,30.42,2,1,0,1,1.985,1.985,NORMAL
2026-09-02 07:00:00,R119,30.42,2,1,0,1,1.883,1.883,NORMAL
2026-09-02 07:00:00,R120,30.42,2,1,0,1,1.821,1.821,NORMAL
2026-09-02 08:00:00,R101,30.97,1,1,0,1,1.903,1.903,NORMAL
2026-09-02 08:00:00,R102,30.97,1,1,0,1,1.911,1.911,NORMAL
2026-09-02 08:00:00,R103,30.97,0,0,0,1,0.15,0.15,NORMAL
2026-09-02 08:00:00,R104,30.97,2,1,0,1,1.63,1.63,NORMAL
2026-09-02 08:00:00,R105,30.97,2,1,0,1,1.686,1.686,NORMAL
2026-09-02 08:00:00,R106,30.97,2,1,0,1,2.08,2.08,NORMAL
2026-09-02 08:00:00,R107,30.97,0,0,0,1,0.15,0.15,NORMAL
2026-09-02 08:00:00,R108,30.97,0,0,0,1,0.15,0.15,NORMAL
2026-09-02 08:00:00,R109,30.97,2,1,0,1,2.033,2.033,NORMAL
2026-09-02 08:00:00,R110,30.97,1,1,0,1,1.496,1.496,NORMAL
2026-09-02 08:00:00,R111,30.97,0,0,0,1,0.15,0.15,NORMAL
2026-09-02 08:00:00,R112,30.97,1,1,0,1,1.568,1.568,NORMAL
2026-09-02 08:00:00,R113,30.97,1,1,0,1,1.976,1.976,NORMAL
2026-09-02 08:00:00,R114,30.97,1,1,0,1,2.048,2.048,NORMAL
2026-09-02 08:00:00,R115,30.97,0,0,0,1,0.15,0.15,NORMAL
2026-09-02 08:00:00,R116,30.97,1,1,0,1,1.814,1.814,NORMAL
2026-09-02 08:00:00,R117,30.97,1,1,0,1,1.911,1.911,NORMAL
2026-09-02 08:00:00,R118,30.97,1,1,0,1,1.563,1.563,NORMAL
2026-09-02 08:00:00,R119,30.97,1,1,0,1,1.543,1.543,NORMAL
2026-09-02 08:00:00,R120,30.97,1,1,0,1,1.451,1.451,NORMAL
2026-09-02 09:00:00,R101,32.07,0,1,0,1,1.423,1.423,AC_WASTE
2026-09-02 09:00:00,R102,32.07,1,1,0,1,1.6,1.6,NORMAL
2026-09-02 09:00:00,R103,32.07,1,1,0,1,1.667,1.667,NORMAL
2026-09-02 09:00:00,R104,32.07,2,1,0,1,1.869,1.869,NORMAL
2026-09-02 09:00:00,R105,32.07,0,0,0,1,0.15,0.15,NORMAL
2026-09-02 09:00:00,R106,32.07,1,1,0,1,1.419,1.419,NORMAL
2026-09-02 09:00:00,R107,32.07,2,1,0,1,2.097,2.097,NORMAL
2026-09-02 09:00:00,R108,32.07,0,0,0,1,0.15,0.15,NORMAL
2026-09-02 09:00:00,R109,32.07,0,0,0,1,0.15,0.15,NORMAL
2026-09-02 09:00:00,R110,32.07,0,0,0,1,0.15,0.15,NORMAL
2026-09-02 09:00:00,R111,32.07,0,0,0,1,0.15,0.15,NORMAL
2026-09-02 09:00:00,R112,32.07,0,0,0,1,0.15,0.15,NORMAL
2026-09-02 09:00:00,R113,32.07,1,1,0,1,1.931,1.931,NORMAL
2026-09-02 09:00:00,R114,32.07,1,1,0,1,1.597,1.597,NORMAL
2026-09-02 09:00:00,R115,32.07,0,0,0,1,0.15,0.15,NORMAL
2026-09-02 09:00:00,R116,32.07,0,0,0,1,0.15,0.15,NORMAL
2026-09-02 09:00:00,R117,32.07,1,1,0,1,1.609,1.609,NORMAL
2026-09-02 09:00:00,R118,32.07,0,0,0,1,0.15,0.15,NORMAL
2026-09-02 09:00:00,R119,32.07,0,0,0,1,0.15,0.15,NORMAL
2026-09-02 09:00:00,R120,32.07,0,0,0,1,0.15,0.15,NORMAL
2026-09-02 10:00:00,R101,33.59,0,0,0,1,0.15,0.15,NORMAL
2026-09-02 10:00:00,R102,33.59,0,1,0,1,1.532,1.532,AC_WASTE
2026-09-02 10:00:00,R103,33.59,2,1,0,1,1.897,1.897,NORMAL
2026-09-02 10:00:00,R104,33.59,1,1,0,1,1.81,1.81,NORMAL
2026-09-02 10:00:00,R105,33.59,1,1,0,1,1.896,1.896,NORMAL
2026-09-02 10:00:00,R106,33.59,0,0,0,1,0.15,0.15,NORMAL
2026-09-02 10:00:00,R107,33.59,0,0,0,1,0.67,0.67,STANDBY_WASTE
2026-09-02 10:00:00,R108,33.59,1,1,0,1,2.069,2.069,NORMAL
2026-09-02 10:00:00,R109,33.59,1,1,0,1,1.914,1.914,NORMAL
2026-09-02 10:00:00,R110,33.59,0,0,0,1,0.15,0.15,NORMAL
2026-09-02 10:00:00,R111,33.59,0,0,0,1,0.15,0.15,NORMAL
2026-09-02 10:00:00,R112,33.59,0,0,0,1,0.15,0.15,NORMAL
2026-09-02 10:00:00,R113,33.59,1,1,0,1,2.049,2.049,NORMAL
2026-09-02 10:00:00,R114,33.59,0,0,0,1,0.15,0.15,NORMAL
2026-09-02 10:00:00,R115,33.59,0,0,0,1,0.15,0.15,NORMAL
2026-09-02 10:00:00,R116,33.59,0,0,0,1,0.15,0.15,NORMAL
2026-09-02 10:00:00,R117,33.59,1,1,0,1,1.7,1.7,NORMAL
2026-09-02 10:00:00,R118,33.59,2,1,0,1,1.718,1.718,NORMAL
2026-09-02 10:00:00,R119,33.59,0,0,0,1,0.802,0.802,STANDBY_WASTE
2026-09-02 10:00:00,R120,33.59,0,0,0,1,0.15,0.15,NORMAL
2026-09-02 11:00:00,R101,33.24,0,0,0,1,0.15,0.15,NORMAL
2026-09-02 11:00:00,R102,33.24,1,1,0,1,1.473,1.473,NORMAL
2026-09-02 11:00:00,R103,33.24,0,0,0,1,0.15,0.15,NORMAL
2026-09-02 11:00:00,R104,33.24,0,0,0,1,0.15,0.15,NORMAL
2026-09-02 11:00:00,R105,33.24,0,0,0,1,0.15,0.15,NORMAL
2026-09-02 11:00:00,R106,33.24,1,1,0,1,1.936,1.936,NORMAL
2026-09-02 11:00:00,R107,33.24,2,1,0,1,2.189,2.189,NORMAL
2026-09-02 11:00:00,R108,33.24,0,0,0,1,0.15,0.15,NORMAL
2026-09-02 11:00:00,R109,33.24,0,0,0,1,0.15,0.15,NORMAL
2026-09-02 11:00:00,R110,33.24,0,0,0,1,0.15,0.15,NORMAL
2026-09-02 11:00:00,R111,33.24,2,1,0,1,2.13,2.13,NORMAL
2026-09-02 11:00:00,R112,33.24,0,0,0,1,0.15,0.15,NORMAL
2026-09-02 11:00:00,R113,33.24,0,0,0,1,0.15,0.15,NORMAL
2026-09-02 11:00:00,R114,33.24,0,0,0,1,0.15,0.15,NORMAL
2026-09-02 11:00:00,R115,33.24,0,1,0,1,1.305,1.305,AC_WASTE
2026-09-02 11:00:00,R116,33.24,0,0,0,1,0.15,0.15,NORMAL
2026-09-02 11:00:00,R117,33.24,1,1,0,1,1.565,1.565,NORMAL
2026-09-02 11:00:00,R118,33.24,0,0,0,1,0.15,0.15,NORMAL
2026-09-02 11:00:00,R119,33.24,0,0,0,1,0.15,0.15,NORMAL
2026-09-02 11:00:00,R120,33.24,0,0,0,1,0.15,0.15,NORMAL
2026-09-02 12:00:00,R101,34.03,0,0,0,1,0.15,0.15,NORMAL
2026-09-02 12:00:00,R102,34.03,2,1,0,1,1.868,1.868,NORMAL
2026-09-02 12:00:00,R103,34.03,0,0,0,1,0.15,0.15,NORMAL
2026-09-02 12:00:00,R104,34.03,0,0,0,1,0.15,0.15,NORMAL
2026-09-02 12:00:00,R105,34.03,0,0,0,1,0.15,0.15,NORMAL
2026-09-02 12:00:00,R106,34.03,0,0,0,1,0.15,0.15,NORMAL
2026-09-02 12:00:00,R107,34.03,1,1,0,1,1.665,1.665,NORMAL
2026-09-02 12:00:00,R108,34.03,0,0,0,1,0.15,0.15,NORMAL
2026-09-02 12:00:00,R109,34.03,0,0,0,1,0.15,0.15,NORMAL
2026-09-02 12:00:00,R110,34.03,2,1,0,1,2.069,2.069,NORMAL
2026-09-02 12:00:00,R111,34.03,0,0,0,1,0.15,0.15,NORMAL
2026-09-02 12:00:00,R112,34.03,0,0,0,1,0.15,0.15,NORMAL
2026-09-02 12:00:00,R113,34.03,0,0,0,1,0.15,0.15,NORMAL
2026-09-02 12:00:00,R114,34.03,2,1,0,1,1.836,1.836,NORMAL
2026-09-02 12:00:00,R115,34.03,0,0,0,1,0.15,0.15,NORMAL
2026-09-02 12:00:00,R116,34.03,1,1,0,1,1.579,1.579,NORMAL
2026-09-02 12:00:00,R117,34.03,0,0,0,1,0.15,0.15,NORMAL
2026-09-02 12:00:00,R118,34.03,1,1,0,1,1.442,1.442,NORMAL
2026-09-02 12:00:00,R119,34.03,2,1,0,1,1.647,1.647,NORMAL
2026-09-02 12:00:00,R120,34.03,0,0,0,1,0.15,0.15,NORMAL
2026-09-02 13:00:00,R101,36.71,0,0,0,1,0.15,0.15,NORMAL
2026-09-02 13:00:00,R102,36.71,1,1,0,1,1.684,1.684,NORMAL
2026-09-02 13:00:00,R103,36.71,1,1,0,1,1.546,1.546,NORMAL
2026-09-02 13:00:00,R104,36.71,2,1,0,1,1.981,1.981,NORMAL
2026-09-02 13:00:00,R105,36.71,0,0,0,1,0.15,0.15,NORMAL
2026-09-02 13:00:00,R106,36.71,0,0,0,1,0.15,0.15,NORMAL
2026-09-02 13:00:00,R107,36.71,2,1,0,1,1.529,1.529,NORMAL
2026-09-02 13:00:00,R108,36.71,1,1,0,1,1.866,1.866,NORMAL
2026-09-02 13:00:00,R109,36.71,0,0,0,1,0.15,0.15,NORMAL
2026-09-02 13:00:00,R110,36.71,1,1,0,1,1.875,1.875,NORMAL
2026-09-02 13:00:00,R111,36.71,1,1,0,1,1.944,1.944,NORMAL
2026-09-02 13:00:00,R112,36.71,0,0,0,1,0.15,0.15,NORMAL
2026-09-02 13:00:00,R113,36.71,1,1,0,1,1.893,1.893,NORMAL
2026-09-02 13:00:00,R114,36.71,0,0,0,1,0.15,0.15,NORMAL
2026-09-02 13:00:00,R115,36.71,1,1,0,1,1.879,1.879,NORMAL
2026-09-02 13:00:00,R116,36.71,0,0,0,1,0.15,0.15,NORMAL
2026-09-02 13:00:00,R117,36.71,0,0,0,1,0.15,0.15,NORMAL
2026-09-02 13:00:00,R118,36.71,1,1,0,1,1.825,1.825,NORMAL
2026-09-02 13:00:00,R119,36.71,1,1,0,1,1.936,1.936,NORMAL
2026-09-02 13:00:00,R120,36.71,0,0,0,1,0.15,0.15,NORMAL
2026-09-02 14:00:00,R101,33.21,0,0,0,1,0.15,0.15,NORMAL
2026-09-02 14:00:00,R102,33.21,1,1,0,1,1.613,1.613,NORMAL
2026-09-02 14:00:00,R103,33.21,2,1,0,1,1.592,1.592,NORMAL
2026-09-02 14:00:00,R104,33.21,0,0,0,1,0.15,0.15,NORMAL
2026-09-02 14:00:00,R105,33.21,1,1,0,1,1.674,1.674,NORMAL
2026-09-02 14:00:00,R106,33.21,1,1,0,1,1.615,1.615,NORMAL
2026-09-02 14:00:00,R107,33.21,0,0,0,1,0.15,0.15,NORMAL
2026-09-02 14:00:00,R108,33.21,1,1,0,1,1.866,1.866,NORMAL
2026-09-02 14:00:00,R109,33.21,1,1,0,1,1.489,1.489,NORMAL
2026-09-02 14:00:00,R110,33.21,2,1,0,1,1.594,1.594,NORMAL
2026-09-02 14:00:00,R111,33.21,0,0,0,1,0.15,0.15,NORMAL
2026-09-02 14:00:00,R112,33.21,1,1,0,1,1.688,1.688,NORMAL
2026-09-02 14:00:00,R113,33.21,0,0,0,1,0.15,0.15,NORMAL
2026-09-02 14:00:00,R114,33.21,0,0,0,1,0.15,0.15,NORMAL
2026-09-02 14:00:00,R115,33.21,1,1,0,1,1.454,1.454,NORMAL
2026-09-02 14:00:00,R116,33.21,0,0,0,1,0.15,0.15,NORMAL
2026-09-02 14:00:00,R117,33.21,1,1,0,1,1.562,1.562,NORMAL
2026-09-02 14:00:00,R118,33.21,1,1,0,1,1.885,1.885,NORMAL
2026-09-02 14:00:00,R119,33.21,0,0,0,1,0.15,0.15,NORMAL
2026-09-02 14:00:00,R120,33.21,0,0,0,1,0.15,0.15,NORMAL
2026-09-02 15:00:00,R101,31.36,1,1,0,1,1.95,1.95,NORMAL
2026-09-02 15:00:00,R102,31.36,1,1,0,1,1.646,1.646,NORMAL
2026-09-02 15:00:00,R103,31.36,0,0,0,1,0.15,0.15,NORMAL
2026-09-02 15:00:00,R104,31.36,1,1,0,1,1.58,1.58,NORMAL
2026-09-02 15:00:00,R105,31.36,0,0,0,1,0.15,0.15,NORMAL
2026-09-02 15:00:00,R106,31.36,1,1,0,1,1.992,1.992,NORMAL
2026-09-02 15:00:00,R107,31.36,1,1,0,1,1.464,1.464,NORMAL
2026-09-02 15:00:00,R108,31.36,0,0,0,1,0.15,0.15,NORMAL
2026-09-02 15:00:00,R109,31.36,0,0,0,1,0.15,0.15,NORMAL
2026-09-02 15:00:00,R110,31.36,0,0,0,1,0.15,0.15,NORMAL
2026-09-02 15:00:00,R111,31.36,0,0,0,1,0.15,0.15,NORMAL
2026-09-02 15:00:00,R112,31.36,0,0,0,1,0.15,0.15,NORMAL
2026-09-02 15:00:00,R113,31.36,1,1,0,1,1.544,1.544,NORMAL
2026-09-02 15:00:00,R114,31.36,1,1,0,1,2.014,2.014,NORMAL
2026-09-02 15:00:00,R115,31.36,1,1,0,1,1.895,1.895,NORMAL
2026-09-02 15:00:00,R116,31.36,2,1,0,1,1.908,1.908,NORMAL
2026-09-02 15:00:00,R117,31.36,1,1,0,1,1.879,1.879,NORMAL
2026-09-02 15:00:00,R118,31.36,0,0,0,1,0.15,0.15,NORMAL
2026-09-02 15:00:00,R119,31.36,0,0,0,1,0.15,0.15,NORMAL
2026-09-02 15:00:00,R120,31.36,0,0,0,1,0.15,0.15,NORMAL
2026-09-02 16:00:00,R101,30.42,0,0,0,1,0.15,0.15,NORMAL
2026-09-02 16:00:00,R102,30.42,0,0,0,1,0.15,0.15,NORMAL
2026-09-02 16:00:00,R103,30.42,1,1,0,1,1.711,1.711,NORMAL
2026-09-02 16:00:00,R104,30.42,0,0,0,1,0.15,0.15,NORMAL
2026-09-02 16:00:00,R105,30.42,1,1,0,1,2.01,2.01,NORMAL
2026-09-02 16:00:00,R106,30.42,0,0,0,1,0.15,0.15,NORMAL
2026-09-02 16:00:00,R107,30.42,0,0,0,1,0.15,0.15,NORMAL
2026-09-02 16:00:00,R108,30.42,0,0,0,1,0.15,0.15,NORMAL
2026-09-02 16:00:00,R109,30.42,0,0,0,1,0.15,0.15,NORMAL
2026-09-02 16:00:00,R110,30.42,0,0,0,1,0.15,0.15,NORMAL
2026-09-02 16:00:00,R111,30.42,2,1,0,1,1.996,1.996,NORMAL
2026-09-02 16:00:00,R112,30.42,0,0,0,1,0.15,0.15,NORMAL
2026-09-02 16:00:00,R113,30.42,1,1,0,1,1.989,1.989,NORMAL
2026-09-02 16:00:00,R114,30.42,1,1,0,1,1.564,1.564,NORMAL
2026-09-02 16:00:00,R115,30.42,0,0,0,1,0.15,0.15,NORMAL
2026-09-02 16:00:00,R116,30.42,0,0,0,1,0.15,0.15,NORMAL
2026-09-02 16:00:00,R117,30.42,0,0,0,1,0.15,0.15,NORMAL
2026-09-02 16:00:00,R118,30.42,0,0,0,1,0.15,0.15,NORMAL
2026-09-02 16:00:00,R119,30.42,0,0,0,1,0.15,0.15,NORMAL
2026-09-02 16:00:00,R120,30.42,0,0,0,1,0.15,0.15,NORMAL
2026-09-02 17:00:00,R101,29.0,1,1,0,1,1.474,1.474,NORMAL
2026-09-02 17:00:00,R102,29.0,2,1,0,1,1.931,1.931,NORMAL
2026-09-02 17:00:00,R103,29.0,1,1,0,1,1.888,1.888,NORMAL
2026-09-02 17:00:00,R104,29.0,1,1,0,1,1.985,1.985,NORMAL
2026-09-02 17:00:00,R105,29.0,2,1,0,1,1.588,1.588,NORMAL
2026-09-02 17:00:00,R106,29.0,1,1,0,1,1.725,1.725,NORMAL
2026-09-02 17:00:00,R107,29.0,1,1,0,1,1.49,1.49,NORMAL
2026-09-02 17:00:00,R108,29.0,1,1,0,1,2.535,2.535,STANDBY_WASTE
2026-09-02 17:00:00,R109,29.0,1,1,0,1,1.984,1.984,NORMAL
2026-09-02 17:00:00,R110,29.0,1,1,0,1,1.92,1.92,NORMAL
2026-09-02 17:00:00,R111,29.0,2,1,0,1,1.745,1.745,NORMAL
2026-09-02 17:00:00,R112,29.0,2,1,0,1,1.585,1.585,NORMAL
2026-09-02 17:00:00,R113,29.0,1,1,0,1,1.987,1.987,NORMAL
2026-09-02 17:00:00,R114,29.0,1,1,0,1,1.926,1.926,NORMAL
2026-09-02 17:00:00,R115,29.0,1,1,0,1,1.567,1.567,NORMAL
2026-09-02 17:00:00,R116,29.0,1,1,0,1,1.751,1.751,NORMAL
2026-09-02 17:00:00,R117,29.0,0,0,0,1,0.15,0.15,NORMAL
2026-09-02 17:00:00,R118,29.0,1,1,0,1,1.484,1.484,NORMAL
2026-09-02 17:00:00,R119,29.0,0,0,0,1,0.15,0.15,NORMAL
2026-09-02 17:00:00,R120,29.0,2,1,0,1,2.062,2.062,NORMAL
2026-09-02 18:00:00,R101,28.61,2,0,1,1,0.389,0.389,NORMAL
2026-09-02 18:00:00,R102,28.61,2,0,1,1,0.54,0.54,NORMAL
2026-09-02 18:00:00,R103,28.61,1,0,1,1,0.372,0.372,NORMAL
2026-09-02 18:00:00,R104,28.61,1,0,1,1,0.336,0.336,NORMAL
2026-09-02 18:00:00,R105,28.61,1,0,1,1,0.44,0.44,NORMAL
2026-09-02 18:00:00,R106,28.61,2,0,1,1,0.54,0.54,NORMAL
2026-09-02 18:00:00,R107,28.61,1,0,1,1,0.389,0.389,NORMAL
2026-09-02 18:00:00,R108,28.61,1,0,1,1,0.331,0.331,NORMAL
2026-09-02 18:00:00,R109,28.61,1,0,1,1,0.378,0.378,NORMAL
2026-09-02 18:00:00,R110,28.61,2,0,1,1,0.37,0.37,NORMAL
2026-09-02 18:00:00,R111,28.61,1,0,1,1,0.31,0.31,NORMAL
2026-09-02 18:00:00,R112,28.61,1,0,1,1,0.351,0.351,NORMAL
2026-09-02 18:00:00,R113,28.61,2,0,1,1,0.502,0.502,NORMAL
2026-09-02 18:00:00,R114,28.61,2,0,1,1,0.481,0.481,NORMAL
2026-09-02 18:00:00,R115,28.61,0,0,1,1,0.15,0.15,NORMAL
2026-09-02 18:00:00,R116,28.61,2,0,1,1,0.598,0.598,NORMAL
2026-09-02 18:00:00,R117,28.61,0,0,1,1,0.15,0.15,NORMAL
2026-09-02 18:00:00,R118,28.61,0,0,1,1,0.15,0.15,NORMAL
2026-09-02 18:00:00,R119,28.61,1,0,1,1,0.383,0.383,NORMAL
2026-09-02 18:00:00,R120,28.61,2,0,1,1,0.557,0.557,NORMAL
2026-09-02 19:00:00,R101,27.22,2,0,1,1,0.523,0.523,NORMAL
2026-09-02 19:00:00,R102,27.22,1,0,1,1,0.475,0.475,NORMAL
2026-09-02 19:00:00,R103,27.22,1,0,1,1,0.367,0.367,NORMAL
2026-09-02 19:00:00,R104,27.22,1,0,1,1,0.364,0.364,NORMAL
2026-09-02 19:00:00,R105,27.22,2,0,1,1,0.57,0.57,NORMAL
2026-09-02 19:00:00,R106,27.22,1,0,1,1,0.429,0.429,NORMAL
2026-09-02 19:00:00,R107,27.22,1,0,1,1,0.409,0.409,NORMAL
2026-09-02 19:00:00,R108,27.22,1,0,1,1,0.362,0.362,NORMAL
2026-09-02 19:00:00,R109,27.22,2,0,1,1,0.518,0.518,NORMAL
2026-09-02 19:00:00,R110,27.22,0,0,1,1,0.15,0.15,NORMAL
2026-09-02 19:00:00,R111,27.22,2,0,1,1,0.591,0.591,NORMAL
2026-09-02 19:00:00,R112,27.22,1,0,1,1,0.344,0.344,NORMAL
2026-09-02 19:00:00,R113,27.22,2,0,1,1,0.519,0.519,NORMAL
2026-09-02 19:00:00,R114,27.22,0,0,1,1,0.15,0.15,NORMAL
2026-09-02 19:00:00,R115,27.22,2,0,1,1,0.612,0.612,NORMAL
2026-09-02 19:00:00,R116,27.22,2,0,1,1,0.476,0.476,NORMAL
2026-09-02 19:00:00,R117,27.22,2,0,1,1,0.456,0.456,NORMAL
2026-09-02 19:00:00,R118,27.22,2,0,1,1,0.555,0.555,NORMAL
2026-09-02 19:00:00,R119,27.22,0,0,1,1,0.15,0.15,NORMAL
2026-09-02 19:00:00,R120,27.22,2,0,1,1,0.46,0.46,NORMAL
2026-09-02 20:00:00,R101,22.01,1,0,1,1,0.322,0.322,NORMAL
2026-09-02 20:00:00,R102,22.01,2,0,1,1,0.615,0.615,NORMAL
2026-09-02 20:00:00,R103,22.01,2,0,1,1,0.429,0.429,NORMAL
2026-09-02 20:00:00,R104,22.01,1,0,1,1,0.39,0.39,NORMAL
2026-09-02 20:00:00,R105,22.01,2,0,1,1,0.416,0.416,NORMAL
2026-09-02 20:00:00,R106,22.01,0,0,1,1,0.15,0.15,NORMAL
2026-09-02 20:00:00,R107,22.01,1,0,1,1,0.39,0.39,NORMAL
2026-09-02 20:00:00,R108,22.01,1,0,1,1,0.382,0.382,NORMAL
2026-09-02 20:00:00,R109,22.01,1,0,1,1,0.399,0.399,NORMAL
2026-09-02 20:00:00,R110,22.01,1,0,1,1,0.424,0.424,NORMAL
2026-09-02 20:00:00,R111,22.01,2,0,1,1,0.475,0.475,NORMAL
2026-09-02 20:00:00,R112,22.01,2,0,1,1,0.414,0.414,NORMAL
2026-09-02 20:00:00,R113,22.01,1,0,1,1,0.422,0.422,NORMAL
2026-09-02 20:00:00,R114,22.01,1,0,1,1,0.365,0.365,NORMAL
2026-09-02 20:00:00,R115,22.01,1,0,1,1,0.412,0.412,NORMAL
2026-09-02 20:00:00,R116,22.01,1,0,1,1,0.38,0.38,NORMAL
2026-09-02 20:00:00,R117,22.01,2,0,1,1,0.461,0.461,NORMAL
2026-09-02 20:00:00,R118,22.01,1,0,1,1,0.385,0.385,NORMAL
2026-09-02 20:00:00,R119,22.01,2,0,1,1,0.427,0.427,NORMAL
2026-09-02 20:00:00,R120,22.01,1,0,1,1,0.346,0.346,NORMAL
2026-09-02 21:00:00,R101,20.29,1,0,1,1,0.383,0.383,NORMAL
2026-09-02 21:00:00,R102,20.29,1,0,1,1,0.312,0.312,NORMAL
2026-09-02 21:00:00,R103,20.29,2,0,1,1,0.45,0.45,NORMAL
2026-09-02 21:00:00,R104,20.29,0,0,1,1,0.15,0.15,NORMAL
2026-09-02 21:00:00,R105,20.29,0,0,1,1,0.15,0.15,NORMAL
2026-09-02 21:00:00,R106,20.29,1,0,1,1,0.436,0.436,NORMAL
2026-09-02 21:00:00,R107,20.29,1,0,1,1,0.381,0.381,NORMAL
2026-09-02 21:00:00,R108,20.29,2,0,1,1,0.543,0.543,NORMAL
2026-09-02 21:00:00,R109,20.29,1,0,1,1,0.372,0.372,NORMAL
2026-09-02 21:00:00,R110,20.29,1,0,1,1,0.345,0.345,NORMAL
2026-09-02 21:00:00,R111,20.29,1,0,1,1,0.397,0.397,NORMAL
2026-09-02 21:00:00,R112,20.29,1,0,1,1,0.358,0.358,NORMAL
2026-09-02 21:00:00,R113,20.29,1,0,1,1,0.339,0.339,NORMAL
2026-09-02 21:00:00,R114,20.29,2,0,1,1,0.5,0.5,NORMAL
2026-09-02 21:00:00,R115,20.29,1,0,1,1,0.43,0.43,NORMAL
2026-09-02 21:00:00,R116,20.29,2,0,1,1,0.548,0.548,NORMAL
2026-09-02 21:00:00,R117,20.29,0,0,1,1,0.15,0.15,NORMAL
2026-09-02 21:00:00,R118,20.29,2,0,1,1,0.484,0.484,NORMAL
2026-09-02 21:00:00,R119,20.29,2,0,1,1,0.621,0.621,NORMAL
2026-09-02 21:00:00,R120,20.29,1,0,1,1,0.397,0.397,NORMAL
2026-09-02 22:00:00,R101,18.44,0,0,1,1,0.15,0.15,NORMAL
2026-09-02 22:00:00,R102,18.44,1,0,1,1,0.474,0.474,NORMAL
2026-09-02 22:00:00,R103,18.44,2,0,1,1,0.356,0.356,NORMAL
2026-09-02 22:00:00,R104,18.44,1,0,1,1,0.441,0.441,NORMAL
2026-09-02 22:00:00,R105,18.44,1,0,1,1,0.435,0.435,NORMAL
2026-09-02 22:00:00,R106,18.44,2,0,1,1,1.064,1.064,STANDBY_WASTE
2026-09-02 22:00:00,R107,18.44,2,0,1,1,0.46,0.46,NORMAL
2026-09-02 22:00:00,R108,18.44,2,0,1,1,0.506,0.506,NORMAL
2026-09-02 22:00:00,R109,18.44,1,0,1,1,0.364,0.364,NORMAL
2026-09-02 22:00:00,R110,18.44,2,0,1,1,0.451,0.451,NORMAL
2026-09-02 22:00:00,R111,18.44,1,0,1,1,0.349,0.349,NORMAL
2026-09-02 22:00:00,R112,18.44,2,0,1,1,0.518,0.518,NORMAL
2026-09-02 22:00:00,R113,18.44,2,0,1,1,0.529,0.529,NORMAL
2026-09-02 22:00:00,R114,18.44,1,0,1,1,0.364,0.364,NORMAL
2026-09-02 22:00:00,R115,18.44,1,0,1,1,0.348,0.348,NORMAL
2026-09-02 22:00:00,R116,18.44,0,0,1,1,0.15,0.15,NORMAL
2026-09-02 22:00:00,R117,18.44,0,0,1,1,0.15,0.15,NORMAL
2026-09-02 22:00:00,R118,18.44,1,0,1,1,0.358,0.358,NORMAL
2026-09-02 22:00:00,R119,18.44,2,0,1,1,0.5,0.5,NORMAL
2026-09-02 22:00:00,R120,18.44,1,0,1,1,0.291,0.291,NORMAL
2026-09-02 23:00:00,R101,17.35,0,0,1,0,0.15,0.15,NORMAL
2026-09-02 23:00:00,R102,17.35,0,0,1,0,0.15,0.15,NORMAL
2026-09-02 23:00:00,R103,17.35,1,0,1,0,0.372,0.372,NORMAL
2026-09-02 23:00:00,R104,17.35,0,0,1,0,0.15,0.15,NORMAL
2026-09-02 23:00:00,R105,17.35,0,0,1,0,0.15,0.15,NORMAL
2026-09-02 23:00:00,R106,17.35,0,0,1,0,0.15,0.15,NORMAL
2026-09-02 23:00:00,R107,17.35,1,0,1,0,0.372,0.372,NORMAL
2026-09-02 23:00:00,R108,17.35,0,0,1,0,0.15,0.15,NORMAL
2026-09-02 23:00:00,R109,17.35,0,0,1,0,0.15,0.15,NORMAL
2026-09-02 23:00:00,R110,17.35,0,0,1,0,0.15,0.15,NORMAL
2026-09-02 23:00:00,R111,17.35,1,0,1,0,0.419,0.419,NORMAL
2026-09-02 23:00:00,R112,17.35,0,0,1,0,0.15,0.15,NORMAL
2026-09-02 23:00:00,R113,17.35,0,0,1,0,0.15,0.15,NORMAL
2026-09-02 23:00:00,R114,17.35,0,0,1,0,0.15,0.15,NORMAL
2026-09-02 23:00:00,R115,17.35,1,0,1,0,0.391,0.391,NORMAL
2026-09-02 23:00:00,R116,17.35,0,0,1,0,0.15,0.15,NORMAL
2026-09-02 23:00:00,R117,17.35,0,0,1,0,0.15,0.15,NORMAL
2026-09-02 23:00:00,R118,17.35,0,0,1,0,0.15,0.15,NORMAL
2026-09-02 23:00:00,R119,17.35,0,0,1,0,0.15,0.15,NORMAL
2026-09-02 23:00:00,R120,17.35,1,0,1,0,0.37,0.37,NORMAL
2026-09-03 00:00:00,R101,19.34,0,0,1,0,0.15,0.15,NORMAL
2026-09-03 00:00:00,R102,19.34,0,0,1,0,0.15,0.15,NORMAL
2026-09-03 00:00:00,R103,19.34,0,0,1,0,0.15,0.15,NORMAL
2026-09-03 00:00:00,R104,19.34,1,0,1,0,0.429,0.429,NORMAL
2026-09-03 00:00:00,R105,19.34,1,0,1,0,0.395,0.395,NORMAL
2026-09-03 00:00:00,R106,19.34,0,0,1,0,0.15,0.15,NORMAL
2026-09-03 00:00:00,R107,19.34,0,0,1,0,0.941,0.941,STANDBY_WASTE
2026-09-03 00:00:00,R108,19.34,1,0,1,0,0.4,0.4,NORMAL
2026-09-03 00:00:00,R109,19.34,1,0,1,0,0.434,0.434,NORMAL
2026-09-03 00:00:00,R110,19.34,1,0,1,0,0.343,0.343,NORMAL
2026-09-03 00:00:00,R111,19.34,0,0,1,0,0.15,0.15,NORMAL
2026-09-03 00:00:00,R112,19.34,0,0,1,0,0.15,0.15,NORMAL
2026-09-03 00:00:00,R113,19.34,0,0,1,0,0.15,0.15,NORMAL
2026-09-03 00:00:00,R114,19.34,0,0,1,0,0.15,0.15,NORMAL
2026-09-03 00:00:00,R115,19.34,1,0,1,0,0.329,0.329,NORMAL
2026-09-03 00:00:00,R116,19.34,0,0,1,0,0.15,0.15,NORMAL
2026-09-03 00:00:00,R117,19.34,0,0,1,0,0.15,0.15,NORMAL
2026-09-03 00:00:00,R118,19.34,1,0,1,0,0.319,0.319,NORMAL
2026-09-03 00:00:00,R119,19.34,0,0,1,0,0.15,0.15,NORMAL
2026-09-03 00:00:00,R120,19.34,0,0,1,0,0.15,0.15,NORMAL
2026-09-03 01:00:00,R101,20.31,0,1,1,0,1.694,1.694,AC_WASTE
2026-09-03 01:00:00,R102,20.31,0,0,1,0,0.15,0.15,NORMAL
2026-09-03 01:00:00,R103,20.31,0,0,1,0,0.15,0.15,NORMAL
2026-09-03 01:00:00,R104,20.31,0,0,1,0,0.15,0.15,NORMAL
2026-09-03 01:00:00,R105,20.31,1,0,1,0,0.38,0.38,NORMAL
2026-09-03 01:00:00,R106,20.31,1,0,1,0,0.399,0.399,NORMAL
2026-09-03 01:00:00,R107,20.31,1,0,1,0,0.336,0.336,NORMAL
2026-09-03 01:00:00,R108,20.31,0,0,1,0,0.15,0.15,NORMAL
2026-09-03 01:00:00,R109,20.31,0,0,1,0,0.15,0.15,NORMAL
2026-09-03 01:00:00,R110,20.31,0,0,1,0,0.15,0.15,NORMAL
2026-09-03 01:00:00,R111,20.31,0,0,1,0,0.15,0.15,NORMAL
2026-09-03 01:00:00,R112,20.31,0,0,1,0,0.15,0.15,NORMAL
2026-09-03 01:00:00,R113,20.31,0,0,1,0,0.15,0.15,NORMAL
2026-09-03 01:00:00,R114,20.31,0,0,1,0,0.15,0.15,NORMAL
2026-09-03 01:00:00,R115,20.31,0,0,1,0,0.15,0.15,NORMAL
2026-09-03 01:00:00,R116,20.31,0,0,1,0,0.15,0.15,NORMAL
2026-09-03 01:00:00,R117,20.31,1,0,1,0,0.339,0.339,NORMAL
2026-09-03 01:00:00,R118,20.31,0,0,1,0,0.15,0.15,NORMAL
2026-09-03 01:00:00,R119,20.31,1,0,1,0,0.343,0.343,NORMAL
2026-09-03 01:00:00,R120,20.31,0,0,1,0,0.15,0.15,NORMAL
2026-09-03 02:00:00,R101,20.98,0,0,1,0,0.15,0.15,NORMAL
2026-09-03 02:00:00,R102,20.98,0,0,1,0,0.15,0.15,NORMAL
2026-09-03 02:00:00,R103,20.98,0,0,1,0,0.15,0.15,NORMAL
2026-09-03 02:00:00,R104,20.98,1,0,1,0,0.398,0.398,NORMAL
2026-09-03 02:00:00,R105,20.98,0,0,1,0,0.15,0.15,NORMAL
2026-09-03 02:00:00,R106,20.98,1,0,1,0,0.374,0.374,NORMAL
2026-09-03 02:00:00,R107,20.98,0,0,1,0,0.15,0.15,NORMAL
2026-09-03 02:00:00,R108,20.98,1,0,1,0,0.305,0.305,NORMAL
2026-09-03 02:00:00,R109,20.98,1,0,1,0,0.387,0.387,NORMAL
2026-09-03 02:00:00,R110,20.98,0,0,1,0,0.15,0.15,NORMAL
2026-09-03 02:00:00,R111,20.98,0,0,1,0,0.15,0.15,NORMAL
2026-09-03 02:00:00,R112,20.98,0,0,1,0,0.15,0.15,NORMAL
2026-09-03 02:00:00,R113,20.98,0,0,1,0,0.15,0.15,NORMAL
2026-09-03 02:00:00,R114,20.98,0,0,1,0,0.15,0.15,NORMAL
2026-09-03 02:00:00,R115,20.98,0,0,1,0,0.15,0.15,NORMAL
2026-09-03 02:00:00,R116,20.98,0,0,1,0,0.15,0.15,NORMAL
2026-09-03 02:00:00,R117,20.98,0,1,1,0,1.341,1.341,AC_WASTE
2026-09-03 02:00:00,R118,20.98,0,0,1,0,0.15,0.15,NORMAL
2026-09-03 02:00:00,R119,20.98,0,0,1,0,0.15,0.15,NORMAL
2026-09-03 02:00:00,R120,20.98,0,0,1,0,0.15,0.15,NORMAL
2026-09-03 03:00:00,R101,23.02,0,0,1,0,0.15,0.15,NORMAL
2026-09-03 03:00:00,R102,23.02,0,0,1,0,0.15,0.15,NORMAL
2026-09-03 03:00:00,R103,23.02,0,0,1,0,0.15,0.15,NORMAL
2026-09-03 03:00:00,R104,23.02,1,0,1,0,0.343,0.343,NORMAL
2026-09-03 03:00:00,R105,23.02,0,0,1,0,0.15,0.15,NORMAL
2026-09-03 03:00:00,R106,23.02,0,0,1,0,0.15,0.15,NORMAL
2026-09-03 03:00:00,R107,23.02,1,0,1,0,0.316,0.316,NORMAL
2026-09-03 03:00:00,R108,23.02,0,0,1,0,0.15,0.15,NORMAL
2026-09-03 03:00:00,R109,23.02,0,0,1,0,0.15,0.15,NORMAL
2026-09-03 03:00:00,R110,23.02,0,0,1,0,0.15,0.15,NORMAL
2026-09-03 03:00:00,R111,23.02,0,0,1,0,0.15,0.15,NORMAL
2026-09-03 03:00:00,R112,23.02,1,0,1,0,0.368,0.368,NORMAL
2026-09-03 03:00:00,R113,23.02,0,0,1,0,0.835,0.835,STANDBY_WASTE
2026-09-03 03:00:00,R114,23.02,0,0,1,0,0.15,0.15,NORMAL
2026-09-03 03:00:00,R115,23.02,0,0,1,0,0.15,0.15,NORMAL
2026-09-03 03:00:00,R116,23.02,0,0,1,0,0.15,0.15,NORMAL
2026-09-03 03:00:00,R117,23.02,0,0,1,0,0.15,0.15,NORMAL
2026-09-03 03:00:00,R118,23.02,0,0,1,0,0.15,0.15,NORMAL
2026-09-03 03:00:00,R119,23.02,0,0,1,0,0.15,0.15,NORMAL
2026-09-03 03:00:00,R120,23.02,1,0,1,0,0.386,0.386,NORMAL
2026-09-03 04:00:00,R101,24.92,0,0,1,0,0.15,0.15,NORMAL
2026-09-03 04:00:00,R102,24.92,0,0,1,0,0.15,0.15,NORMAL
2026-09-03 04:00:00,R103,24.92,0,0,1,0,0.15,0.15,NORMAL
2026-09-03 04:00:00,R104,24.92,0,0,1,0,0.15,0.15,NORMAL
2026-09-03 04:00:00,R105,24.92,0,0,1,0,0.15,0.15,NORMAL
2026-09-03 04:00:00,R106,24.92,0,0,1,0,0.15,0.15,NORMAL
2026-09-03 04:00:00,R107,24.92,0,0,1,0,0.15,0.15,NORMAL
2026-09-03 04:00:00,R108,24.92,0,0,1,0,0.15,0.15,NORMAL
2026-09-03 04:00:00,R109,24.92,0,0,1,0,0.15,0.15,NORMAL
2026-09-03 04:00:00,R110,24.92,0,0,1,0,0.15,0.15,NORMAL
2026-09-03 04:00:00,R111,24.92,0,0,1,0,0.15,0.15,NORMAL
2026-09-03 04:00:00,R112,24.92,0,0,1,0,0.15,0.15,NORMAL
2026-09-03 04:00:00,R113,24.92,0,0,1,0,0.15,0.15,NORMAL
2026-09-03 04:00:00,R114,24.92,0,0,1,0,0.15,0.15,NORMAL
2026-09-03 04:00:00,R115,24.92,0,0,1,0,0.15,0.15,NORMAL
2026-09-03 04:00:00,R116,24.92,1,0,1,0,0.423,0.423,NORMAL
2026-09-03 04:00:00,R117,24.92,0,0,1,0,0.15,0.15,NORMAL
2026-09-03 04:00:00,R118,24.92,0,0,1,0,0.15,0.15,NORMAL
2026-09-03 04:00:00,R119,24.92,0,0,1,0,0.15,0.15,NORMAL
2026-09-03 04:00:00,R120,24.92,0,0,1,0,0.15,0.15,NORMAL
2026-09-03 05:00:00,R101,25.44,0,0,1,0,0.15,0.15,NORMAL
2026-09-03 05:00:00,R102,25.44,0,0,1,0,0.15,0.15,NORMAL
2026-09-03 05:00:00,R103,25.44,0,0,1,0,0.15,0.15,NORMAL
2026-09-03 05:00:00,R104,25.44,1,0,1,0,0.332,0.332,NORMAL
2026-09-03 05:00:00,R105,25.44,0,0,1,0,0.15,0.15,NORMAL
2026-09-03 05:00:00,R106,25.44,0,0,1,0,0.15,0.15,NORMAL
2026-09-03 05:00:00,R107,25.44,0,0,1,0,0.15,0.15,NORMAL
2026-09-03 05:00:00,R108,25.44,0,0,1,0,0.15,0.15,NORMAL
2026-09-03 05:00:00,R109,25.44,0,0,1,0,0.15,0.15,NORMAL
2026-09-03 05:00:00,R110,25.44,1,0,1,0,0.453,0.453,NORMAL
2026-09-03 05:00:00,R111,25.44,0,0,1,0,0.15,0.15,NORMAL
2026-09-03 05:00:00,R112,25.44,0,0,1,0,0.15,0.15,NORMAL
2026-09-03 05:00:00,R113,25.44,0,0,1,0,0.15,0.15,NORMAL
2026-09-03 05:00:00,R114,25.44,0,0,1,0,0.15,0.15,NORMAL
2026-09-03 05:00:00,R115,25.44,1,0,1,0,0.384,0.384,NORMAL
2026-09-03 05:00:00,R116,25.44,0,0,1,0,0.15,0.15,NORMAL
2026-09-03 05:00:00,R117,25.44,0,0,1,0,0.15,0.15,NORMAL
2026-09-03 05:00:00,R118,25.44,0,0,1,0,0.15,0.15,NORMAL
2026-09-03 05:00:00,R119,25.44,0,0,1,0,0.15,0.15,NORMAL
2026-09-03 05:00:00,R120,25.44,0,0,1,0,0.15,0.15,NORMAL
2026-09-03 06:00:00,R101,30.41,2,1,0,1,1.975,1.975,NORMAL
2026-09-03 06:00:00,R102,30.41,2,1,0,1,2.068,2.068,NORMAL
2026-09-03 06:00:00,R103,30.41,1,1,0,1,1.768,1.768,NORMAL
2026-09-03 06:00:00,R104,30.41,1,1,0,1,1.981,1.981,NORMAL
2026-09-03 06:00:00,R105,30.41,0,0,0,1,0.15,0.15,NORMAL
2026-09-03 06:00:00,R106,30.41,0,0,0,1,0.15,0.15,NORMAL
2026-09-03 06:00:00,R107,30.41,1,1,0,1,1.493,1.493,NORMAL
2026-09-03 06:00:00,R108,30.41,1,1,0,1,1.67,1.67,NORMAL
2026-09-03 06:00:00,R109,30.41,1,1,0,1,1.692,1.692,NORMAL
2026-09-03 06:00:00,R110,30.41,1,1,0,1,1.93,1.93,NORMAL
2026-09-03 06:00:00,R111,30.41,1,1,0,1,1.785,1.785,NORMAL
2026-09-03 06:00:00,R112,30.41,0,0,0,1,0.15,0.15,NORMAL
2026-09-03 06:00:00,R113,30.41,2,1,0,1,1.809,1.809,NORMAL
2026-09-03 06:00:00,R114,30.41,1,1,0,1,1.516,1.516,NORMAL
2026-09-03 06:00:00,R115,30.41,0,0,0,1,0.15,0.15,NORMAL
2026-09-03 06:00:00,R116,30.41,1,1,0,1,1.714,1.714,NORMAL
2026-09-03 06:00:00,R117,30.41,0,0,0,1,0.15,0.15,NORMAL
2026-09-03 06:00:00,R118,30.41,1,1,0,1,1.983,1.983,NORMAL
2026-09-03 06:00:00,R119,30.41,0,0,0,1,0.15,0.15,NORMAL
2026-09-03 06:00:00,R120,30.41,1,1,0,1,1.792,1.792,NORMAL
2026-09-03 07:00:00,R101,28.46,1,0,0,1,0.208,0.208,NORMAL
2026-09-03 07:00:00,R102,28.46,0,0,0,1,0.15,0.15,NORMAL
2026-09-03 07:00:00,R103,28.46,1,0,0,1,0.299,0.299,NORMAL
2026-09-03 07:00:00,R104,28.46,0,0,0,1,0.15,0.15,NORMAL
2026-09-03 07:00:00,R105,28.46,0,1,0,1,1.635,1.635,AC_WASTE
2026-09-03 07:00:00,R106,28.46,1,0,0,1,0.241,0.241,NORMAL
2026-09-03 07:00:00,R107,28.46,0,0,0,1,0.15,0.15,NORMAL
2026-09-03 07:00:00,R108,28.46,0,0,0,1,0.15,0.15,NORMAL
2026-09-03 07:00:00,R109,28.46,2,0,0,1,0.313,0.313,NORMAL
2026-09-03 07:00:00,R110,28.46,0,0,0,1,0.15,0.15,NORMAL
2026-09-03 07:00:00,R111,28.46,1,0,0,1,0.255,0.255,NORMAL
2026-09-03 07:00:00,R112,28.46,0,0,0,1,0.15,0.15,NORMAL
2026-09-03 07:00:00,R113,28.46,2,0,0,1,0.449,0.449,NORMAL
2026-09-03 07:00:00,R114,28.46,2,0,0,1,0.295,0.295,NORMAL
2026-09-03 07:00:00,R115,28.46,2,0,0,1,0.286,0.286,NORMAL
2026-09-03 07:00:00,R116,28.46,2,0,0,1,0.334,0.334,NORMAL
2026-09-03 07:00:00,R117,28.46,2,0,0,1,0.423,0.423,NORMAL
2026-09-03 07:00:00,R118,28.46,0,0,0,1,0.15,0.15,NORMAL
2026-09-03 07:00:00,R119,28.46,1,0,0,1,0.252,0.252,NORMAL
2026-09-03 07:00:00,R120,28.46,1,0,0,1,0.24,0.24,NORMAL
2026-09-03 08:00:00,R101,30.13,1,1,0,1,1.732,1.732,NORMAL
2026-09-03 08:00:00,R102,30.13,1,1,0,1,1.544,1.544,NORMAL
2026-09-03 08:00:00,R103,30.13,1,1,0,1,1.848,1.848,NORMAL
2026-09-03 08:00:00,R104,30.13,1,1,0,1,1.626,1.626,NORMAL
2026-09-03 08:00:00,R105,30.13,2,1,0,1,1.914,1.914,NORMAL
2026-09-03 08:00:00,R106,30.13,1,1,0,1,2.409,2.409,STANDBY_WASTE
2026-09-03 08:00:00,R107,30.13,1,1,0,1,1.843,1.843,NORMAL
2026-09-03 08:00:00,R108,30.13,0,0,0,1,0.15,0.15,NORMAL
2026-09-03 08:00:00,R109,30.13,1,1,0,1,1.771,1.771,NORMAL
2026-09-03 08:00:00,R110,30.13,0,0,0,1,0.15,0.15,NORMAL
2026-09-03 08:00:00,R111,30.13,1,1,0,1,1.994,1.994,NORMAL
2026-09-03 08:00:00,R112,30.13,2,1,0,1,2.112,2.112,NORMAL
2026-09-03 08:00:00,R113,30.13,0,0,0,1,0.15,0.15,NORMAL
2026-09-03 08:00:00,R114,30.13,1,1,0,1,1.795,1.795,NORMAL
2026-09-03 08:00:00,R115,30.13,0,0,0,1,0.15,0.15,NORMAL
2026-09-03 08:00:00,R116,30.13,1,1,0,1,1.61,1.61,NORMAL
2026-09-03 08:00:00,R117,30.13,1,1,0,1,1.881,1.881,NORMAL
2026-09-03 08:00:00,R118,30.13,0,0,0,1,0.15,0.15,NORMAL
2026-09-03 08:00:00,R119,30.13,1,1,0,1,1.866,1.866,NORMAL
2026-09-03 08:00:00,R120,30.13,2,1,0,1,1.798,1.798,NORMAL
2026-09-03 09:00:00,R101,30.9,1,1,0,1,1.576,1.576,NORMAL
2026-09-03 09:00:00,R102,30.9,0,0,0,1,0.15,0.15,NORMAL
2026-09-03 09:00:00,R103,30.9,1,1,0,1,1.887,1.887,NORMAL
2026-09-03 09:00:00,R104,30.9,2,1,0,1,2.024,2.024,NORMAL
2026-09-03 09:00:00,R105,30.9,1,1,0,1,1.912,1.912,NORMAL
2026-09-03 09:00:00,R106,30.9,1,1,0,1,1.895,1.895,NORMAL
2026-09-03 09:00:00,R107,30.9,0,0,0,1,0.15,0.15,NORMAL
2026-09-03 09:00:00,R108,30.9,1,1,0,1,1.58,1.58,NORMAL
2026-09-03 09:00:00,R109,30.9,1,1,0,1,1.983,1.983,NORMAL
2026-09-03 09:00:00,R110,30.9,1,1,0,1,1.605,1.605,NORMAL
2026-09-03 09:00:00,R111,30.9,0,0,0,1,0.15,0.15,NORMAL
2026-09-03 09:00:00,R112,30.9,0,0,0,1,0.15,0.15,NORMAL
2026-09-03 09:00:00,R113,30.9,1,1,0,1,1.667,1.667,NORMAL
2026-09-03 09:00:00,R114,30.9,0,0,0,1,0.15,0.15,NORMAL
2026-09-03 09:00:00,R115,30.9,1,1,0,1,1.649,1.649,NORMAL
2026-09-03 09:00:00,R116,30.9,0,0,0,1,0.15,0.15,NORMAL
2026-09-03 09:00:00,R117,30.9,1,1,0,1,1.578,1.578,NORMAL
2026-09-03 09:00:00,R118,30.9,1,1,0,1,1.982,1.982,NORMAL
2026-09-03 09:00:00,R119,30.9,0,0,0,1,0.15,0.15,NORMAL
2026-09-03 09:00:00,R120,30.9,1,1,0,1,1.639,1.639,NORMAL
2026-09-03 10:00:00,R101,33.62,1,1,0,1,1.647,1.647,NORMAL
2026-09-03 10:00:00,R102,33.62,0,0,0,1,0.15,0.15,NORMAL
2026-09-03 10:00:00,R103,33.62,1,1,0,1,1.759,1.759,NORMAL
2026-09-03 10:00:00,R104,33.62,0,0,0,1,0.15,0.15,NORMAL
2026-09-03 10:00:00,R105,33.62,1,1,0,1,1.706,1.706,NORMAL
2026-09-03 10:00:00,R106,33.62,0,0,0,1,0.15,0.15,NORMAL
2026-09-03 10:00:00,R107,33.62,2,1,0,1,1.984,1.984,NORMAL
2026-09-03 10:00:00,R108,33.62,2,1,0,1,1.784,1.784,NORMAL
2026-09-03 10:00:00,R109,33.62,0,0,0,1,0.15,0.15,NORMAL
2026-09-03 10:00:00,R110,33.62,0,0,0,1,0.15,0.15,NORMAL
2026-09-03 10:00:00,R111,33.62,0,0,0,1,0.15,0.15,NORMAL
2026-09-03 10:00:00,R112,33.62,0,0,0,1,0.15,0.15,NORMAL
2026-09-03 10:00:00,R113,33.62,2,1,0,1,1.615,1.615,NORMAL
2026-09-03 10:00:00,R114,33.62,0,0,0,1,0.15,0.15,NORMAL
2026-09-03 10:00:00,R115,33.62,0,0,0,1,0.15,0.15,NORMAL
2026-09-03 10:00:00,R116,33.62,0,0,0,1,0.15,0.15,NORMAL
2026-09-03 10:00:00,R117,33.62,1,1,0,1,1.74,1.74,NORMAL
2026-09-03 10:00:00,R118,33.62,0,0,0,1,0.15,0.15,NORMAL
2026-09-03 10:00:00,R119,33.62,0,0,0,1,0.15,0.15,NORMAL
2026-09-03 10:00:00,R120,33.62,0,1,0,1,1.758,1.758,AC_WASTE
2026-09-03 11:00:00,R101,37.44,1,1,0,1,1.862,1.862,NORMAL
2026-09-03 11:00:00,R102,37.44,1,1,0,1,2.0,2.0,NORMAL
2026-09-03 11:00:00,R103,37.44,0,0,0,1,0.15,0.15,NORMAL
2026-09-03 11:00:00,R104,37.44,1,1,0,1,1.47,1.47,NORMAL
2026-09-03 11:00:00,R105,37.44,0,0,0,1,0.15,0.15,NORMAL
2026-09-03 11:00:00,R106,37.44,0,0,0,1,0.15,0.15,NORMAL
2026-09-03 11:00:00,R107,37.44,0,0,0,1,0.15,0.15,NORMAL
2026-09-03 11:00:00,R108,37.44,1,1,0,1,1.921,1.921,NORMAL
2026-09-03 11:00:00,R109,37.44,2,1,0,1,1.937,1.937,NORMAL
2026-09-03 11:00:00,R110,37.44,0,0,0,1,0.15,0.15,NORMAL
2026-09-03 11:00:00,R111,37.44,0,0,0,1,0.15,0.15,NORMAL
2026-09-03 11:00:00,R112,37.44,0,0,0,1,0.15,0.15,NORMAL
2026-09-03 11:00:00,R113,37.44,0,1,0,1,1.454,1.454,AC_WASTE
2026-09-03 11:00:00,R114,37.44,0,0,0,1,0.15,0.15,NORMAL
2026-09-03 11:00:00,R115,37.44,0,0,0,1,0.15,0.15,NORMAL
2026-09-03 11:00:00,R116,37.44,0,0,0,1,0.15,0.15,NORMAL
2026-09-03 11:00:00,R117,37.44,2,1,0,1,1.812,1.812,NORMAL
2026-09-03 11:00:00,R118,37.44,0,0,0,1,0.15,0.15,NORMAL
2026-09-03 11:00:00,R119,37.44,0,0,0,1,0.15,0.15,NORMAL
2026-09-03 11:00:00,R120,37.44,0,0,0,1,0.15,0.15,NORMAL
2026-09-03 12:00:00,R101,35.73,0,0,0,1,0.15,0.15,NORMAL
2026-09-03 12:00:00,R102,35.73,0,0,0,1,0.15,0.15,NORMAL
2026-09-03 12:00:00,R103,35.73,1,1,0,1,1.459,1.459,NORMAL
2026-09-03 12:00:00,R104,35.73,2,1,0,1,2.119,2.119,NORMAL
2026-09-03 12:00:00,R105,35.73,0,0,0,1,0.15,0.15,NORMAL
2026-09-03 12:00:00,R106,35.73,0,0,0,1,0.15,0.15,NORMAL
2026-09-03 12:00:00,R107,35.73,0,0,0,1,0.15,0.15,NORMAL
2026-09-03 12:00:00,R108,35.73,1,1,0,1,1.908,1.908,NORMAL
2026-09-03 12:00:00,R109,35.73,0,0,0,1,0.15,0.15,NORMAL
2026-09-03 12:00:00,R110,35.73,0,0,0,1,0.15,0.15,NORMAL
2026-09-03 12:00:00,R111,35.73,2,1,0,1,1.67,1.67,NORMAL
2026-09-03 12:00:00,R112,35.73,2,1,0,1,1.687,1.687,NORMAL
2026-09-03 12:00:00,R113,35.73,0,0,0,1,0.15,0.15,NORMAL
2026-09-03 12:00:00,R114,35.73,1,1,0,1,1.53,1.53,NORMAL
2026-09-03 12:00:00,R115,35.73,1,1,0,1,1.856,1.856,NORMAL
2026-09-03 12:00:00,R116,35.73,0,0,0,1,0.15,0.15,NORMAL
2026-09-03 12:00:00,R117,35.73,0,0,0,1,0.15,0.15,NORMAL
2026-09-03 12:00:00,R118,35.73,0,0,0,1,0.15,0.15,NORMAL
2026-09-03 12:00:00,R119,35.73,0,0,0,1,0.15,0.15,NORMAL
2026-09-03 12:00:00,R120,35.73,1,1,0,1,1.854,1.854,NORMAL
2026-09-03 13:00:00,R101,34.03,0,0,0,1,0.15,0.15,NORMAL
2026-09-03 13:00:00,R102,34.03,0,0,0,1,0.15,0.15,NORMAL
2026-09-03 13:00:00,R103,34.03,1,1,0,1,1.484,1.484,NORMAL
2026-09-03 13:00:00,R104,34.03,1,1,0,1,1.583,1.583,NORMAL
2026-09-03 13:00:00,R105,34.03,0,0,0,1,0.15,0.15,NORMAL
2026-09-03 13:00:00,R106,34.03,0,0,0,1,0.15,0.15,NORMAL
2026-09-03 13:00:00,R107,34.03,0,0,0,1,0.15,0.15,NORMAL
2026-09-03 13:00:00,R108,34.03,2,1,0,1,1.722,1.722,NORMAL
2026-09-03 13:00:00,R109,34.03,0,0,0,1,0.15,0.15,NORMAL
2026-09-03 13:00:00,R110,34.03,0,0,0,1,0.15,0.15,NORMAL
2026-09-03 13:00:00,R111,34.03,0,0,0,1,0.15,0.15,NORMAL
2026-09-03 13:00:00,R112,34.03,2,1,0,1,2.012,2.012,NORMAL
2026-09-03 13:00:00,R113,34.03,0,0,0,1,0.15,0.15,NORMAL
2026-09-03 13:00:00,R114,34.03,1,1,0,1,1.994,1.994,NORMAL
2026-09-03 13:00:00,R115,34.03,0,0,0,1,0.15,0.15,NORMAL
2026-09-03 13:00:00,R116,34.03,2,1,0,1,1.944,1.944,NORMAL
2026-09-03 13:00:00,R117,34.03,0,0,0,1,0.15,0.15,NORMAL
2026-09-03 13:00:00,R118,34.03,1,1,0,1,2.027,2.027,NORMAL
2026-09-03 13:00:00,R119,34.03,1,1,0,1,1.642,1.642,NORMAL
2026-09-03 13:00:00,R120,34.03,0,0,0,1,0.15,0.15,NORMAL
2026-09-03 14:00:00,R101,32.23,1,1,0,1,1.748,1.748,NORMAL
2026-09-03 14:00:00,R102,32.23,0,0,0,1,0.15,0.15,NORMAL
2026-09-03 14:00:00,R103,32.23,1,1,0,1,2.017,2.017,NORMAL
2026-09-03 14:00:00,R104,32.23,0,0,0,1,0.15,0.15,NORMAL
2026-09-03 14:00:00,R105,32.23,0,0,0,1,0.15,0.15,NORMAL
2026-09-03 14:00:00,R106,32.23,0,0,0,1,0.15,0.15,NORMAL
2026-09-03 14:00:00,R107,32.23,0,0,0,1,0.15,0.15,NORMAL
2026-09-03 14:00:00,R108,32.23,0,0,0,1,0.15,0.15,NORMAL
2026-09-03 14:00:00,R109,32.23,1,1,0,1,1.916,1.916,NORMAL
2026-09-03 14:00:00,R110,32.23,0,0,0,1,0.15,0.15,NORMAL
2026-09-03 14:00:00,R111,32.23,1,1,0,1,1.504,1.504,NORMAL
2026-09-03 14:00:00,R112,32.23,0,0,0,1,0.15,0.15,NORMAL
2026-09-03 14:00:00,R113,32.23,0,0,0,1,0.15,0.15,NORMAL
2026-09-03 14:00:00,R114,32.23,1,1,0,1,1.927,1.927,NORMAL
2026-09-03 14:00:00,R115,32.23,1,1,0,1,1.785,1.785,NORMAL
2026-09-03 14:00:00,R116,32.23,0,0,0,1,0.15,0.15,NORMAL
2026-09-03 14:00:00,R117,32.23,1,1,0,1,1.844,1.844,NORMAL
2026-09-03 14:00:00,R118,32.23,2,1,0,1,1.818,1.818,NORMAL
2026-09-03 14:00:00,R119,32.23,0,0,0,1,0.15,0.15,NORMAL
2026-09-03 14:00:00,R120,32.23,0,0,0,1,0.15,0.15,NORMAL
2026-09-03 15:00:00,R101,33.39,0,0,0,1,0.15,0.15,NORMAL
2026-09-03 15:00:00,R102,33.39,1,1,0,1,2.03,2.03,NORMAL
2026-09-03 15:00:00,R103,33.39,1,1,0,1,1.834,1.834,NORMAL
2026-09-03 15:00:00,R104,33.39,0,0,0,1,0.15,0.15,NORMAL
2026-09-03 15:00:00,R105,33.39,1,1,0,1,1.52,1.52,NORMAL
2026-09-03 15:00:00,R106,33.39,0,0,0,1,0.15,0.15,NORMAL
2026-09-03 15:00:00,R107,33.39,0,0,0,1,0.15,0.15,NORMAL
2026-09-03 15:00:00,R108,33.39,0,0,0,1,0.15,0.15,NORMAL
2026-09-03 15:00:00,R109,33.39,0,0,0,1,0.15,0.15,NORMAL
2026-09-03 15:00:00,R110,33.39,2,1,0,1,1.568,1.568,NORMAL
2026-09-03 15:00:00,R111,33.39,0,0,0,1,0.15,0.15,NORMAL
2026-09-03 15:00:00,R112,33.39,1,1,0,1,1.59,1.59,NORMAL
2026-09-03 15:00:00,R113,33.39,0,0,0,1,0.15,0.15,NORMAL
2026-09-03 15:00:00,R114,33.39,0,0,0,1,0.15,0.15,NORMAL
2026-09-03 15:00:00,R115,33.39,0,0,0,1,0.15,0.15,NORMAL
2026-09-03 15:00:00,R116,33.39,0,0,0,1,0.15,0.15,NORMAL
2026-09-03 15:00:00,R117,33.39,0,0,0,1,0.15,0.15,NORMAL
2026-09-03 15:00:00,R118,33.39,1,1,0,1,1.6,1.6,NORMAL
2026-09-03 15:00:00,R119,33.39,0,0,0,1,0.15,0.15,NORMAL
2026-09-03 15:00:00,R120,33.39,0,0,0,1,0.15,0.15,NORMAL
2026-09-03 16:00:00,R101,31.33,2,1,0,1,2.205,2.205,NORMAL
2026-09-03 16:00:00,R102,31.33,0,0,0,1,0.15,0.15,NORMAL
2026-09-03 16:00:00,R103,31.33,0,0,0,1,0.15,0.15,NORMAL
2026-09-03 16:00:00,R104,31.33,0,0,0,1,0.15,0.15,NORMAL
2026-09-03 16:00:00,R105,31.33,0,0,0,1,0.15,0.15,NORMAL
2026-09-03 16:00:00,R106,31.33,0,0,0,1,0.15,0.15,NORMAL
2026-09-03 16:00:00,R107,31.33,1,1,0,1,1.787,1.787,NORMAL
2026-09-03 16:00:00,R108,31.33,2,1,0,1,1.797,1.797,NORMAL
2026-09-03 16:00:00,R109,31.33,2,1,0,1,1.821,1.821,NORMAL
2026-09-03 16:00:00,R110,31.33,0,0,0,1,0.15,0.15,NORMAL
2026-09-03 16:00:00,R111,31.33,1,1,0,1,1.787,1.787,NORMAL
2026-09-03 16:00:00,R112,31.33,2,1,0,1,2.042,2.042,NORMAL
2026-09-03 16:00:00,R113,31.33,1,1,0,1,1.707,1.707,NORMAL
2026-09-03 16:00:00,R114,31.33,0,0,0,1,0.15,0.15,NORMAL
2026-09-03 16:00:00,R115,31.33,2,1,0,1,1.602,1.602,NORMAL
2026-09-03 16:00:00,R116,31.33,0,0,0,1,0.15,0.15,NORMAL
2026-09-03 16:00:00,R117,31.33,0,0,0,1,0.15,0.15,NORMAL
2026-09-03 16:00:00,R118,31.33,1,1,0,1,1.506,1.506,NORMAL
2026-09-03 16:00:00,R119,31.33,1,1,0,1,1.574,1.574,NORMAL
2026-09-03 16:00:00,R120,31.33,1,1,0,1,1.712,1.712,NORMAL
2026-09-03 17:00:00,R101,28.58,2,0,0,1,0.403,0.403,NORMAL
2026-09-03 17:00:00,R102,28.58,2,0,0,1,0.398,0.398,NORMAL
2026-09-03 17:00:00,R103,28.58,1,0,0,1,0.23,0.23,NORMAL
2026-09-03 17:00:00,R104,28.58,2,0,0,1,0.445,0.445,NORMAL
2026-09-03 17:00:00,R105,28.58,1,0,0,1,0.287,0.287,NORMAL
2026-09-03 17:00:00,R106,28.58,1,0,0,1,0.233,0.233,NORMAL
2026-09-03 17:00:00,R107,28.58,2,0,0,1,0.339,0.339,NORMAL
2026-09-03 17:00:00,R108,28.58,0,0,0,1,0.15,0.15,NORMAL
2026-09-03 17:00:00,R109,28.58,1,0,0,1,0.235,0.235,NORMAL
2026-09-03 17:00:00,R110,28.58,1,0,0,1,0.288,0.288,NORMAL
2026-09-03 17:00:00,R111,28.58,2,0,0,1,0.334,0.334,NORMAL
2026-09-03 17:00:00,R112,28.58,1,0,0,1,0.201,0.201,NORMAL
2026-09-03 17:00:00,R113,28.58,0,0,0,1,0.15,0.15,NORMAL
2026-09-03 17:00:00,R114,28.58,1,0,0,1,0.25,0.25,NORMAL
2026-09-03 17:00:00,R115,28.58,1,0,0,1,0.28,0.28,NORMAL
2026-09-03 17:00:00,R116,28.58,1,0,0,1,0.239,0.239,NORMAL
2026-09-03 17:00:00,R117,28.58,0,0,0,1,0.15,0.15,NORMAL
2026-09-03 17:00:00,R118,28.58,0,0,0,1,0.15,0.15,NORMAL
2026-09-03 17:00:00,R119,28.58,2,0,0,1,0.291,0.291,NORMAL
2026-09-03 17:00:00,R120,28.58,0,0,0,1,0.15,0.15,NORMAL
2026-09-03 18:00:00,R101,26.6,2,0,1,1,0.405,0.405,NORMAL
2026-09-03 18:00:00,R102,26.6,2,0,1,1,0.432,0.432,NORMAL
2026-09-03 18:00:00,R103,26.6,2,0,1,1,0.569,0.569,NORMAL
2026-09-03 18:00:00,R104,26.6,2,0,1,1,0.527,0.527,NORMAL
2026-09-03 18:00:00,R105,26.6,0,0,1,1,0.15,0.15,NORMAL
2026-09-03 18:00:00,R106,26.6,1,0,1,1,0.287,0.287,NORMAL
2026-09-03 18:00:00,R107,26.6,1,0,1,1,0.396,0.396,NORMAL
2026-09-03 18:00:00,R108,26.6,0,0,1,1,0.15,0.15,NORMAL
2026-09-03 18:00:00,R109,26.6,1,0,1,1,0.392,0.392,NORMAL
2026-09-03 18:00:00,R110,26.6,2,0,1,1,0.493,0.493,NORMAL
2026-09-03 18:00:00,R111,26.6,1,0,1,1,0.362,0.362,NORMAL
2026-09-03 18:00:00,R112,26.6,1,0,1,1,0.342,0.342,NORMAL
2026-09-03 18:00:00,R113,26.6,0,0,1,1,0.15,0.15,NORMAL
2026-09-03 18:00:00,R114,26.6,1,0,1,1,0.384,0.384,NORMAL
2026-09-03 18:00:00,R115,26.6,0,0,1,1,0.15,0.15,NORMAL
2026-09-03 18:00:00,R116,26.6,2,0,1,1,1.209,1.209,STANDBY_WASTE
2026-09-03 18:00:00,R117,26.6,2,0,1,1,0.373,0.373,NORMAL
2026-09-03 18:00:00,R118,26.6,0,0,1,1,0.15,0.15,NORMAL
2026-09-03 18:00:00,R119,26.6,2,0,1,1,0.617,0.617,NORMAL
2026-09-03 18:00:00,R120,26.6,1,0,1,1,0.346,0.346,NORMAL
2026-09-03 19:00:00,R101,22.17,1,0,1,1,0.375,0.375,NORMAL
2026-09-03 19:00:00,R102,22.17,1,0,1,1,0.46,0.46,NORMAL
2026-09-03 19:00:00,R103,22.17,1,0,1,1,0.361,0.361,NORMAL
2026-09-03 19:00:00,R104,22.17,1,0,1,1,0.433,0.433,NORMAL
2026-09-03 19:00:00,R105,22.17,1,0,1,1,1.017,1.017,STANDBY_WASTE
2026-09-03 19:00:00,R106,22.17,1,0,1,1,0.43,0.43,NORMAL
2026-09-03 19:00:00,R107,22.17,1,0,1,1,0.435,0.435,NORMAL
2026-09-03 19:00:00,R108,22.17,1,0,1,1,0.337,0.337,NORMAL
2026-09-03 19:00:00,R109,22.17,1,0,1,1,0.492,0.492,NORMAL
2026-09-03 19:00:00,R110,22.17,2,0,1,1,0.535,0.535,NORMAL
2026-09-03 19:00:00,R111,22.17,2,0,1,1,0.51,0.51,NORMAL
2026-09-03 19:00:00,R112,22.17,1,0,1,1,0.354,0.354,NORMAL
2026-09-03 19:00:00,R113,22.17,1,0,1,1,0.415,0.415,NORMAL
2026-09-03 19:00:00,R114,22.17,1,0,1,1,0.422,0.422,NORMAL
2026-09-03 19:00:00,R115,22.17,2,0,1,1,0.476,0.476,NORMAL
2026-09-03 19:00:00,R116,22.17,2,0,1,1,0.524,0.524,NORMAL
2026-09-03 19:00:00,R117,22.17,1,0,1,1,0.319,0.319,NORMAL
2026-09-03 19:00:00,R118,22.17,1,0,1,1,0.384,0.384,NORMAL
2026-09-03 19:00:00,R119,22.17,1,0,1,1,0.33,0.33,NORMAL
2026-09-03 19:00:00,R120,22.17,1,0,1,1,0.363,0.363,NORMAL
2026-09-03 20:00:00,R101,22.05,0,0,1,1,0.15,0.15,NORMAL
2026-09-03 20:00:00,R102,22.05,1,0,1,1,0.459,0.459,NORMAL
2026-09-03 20:00:00,R103,22.05,2,0,1,1,0.943,0.943,STANDBY_WASTE
2026-09-03 20:00:00,R104,22.05,1,0,1,1,0.44,0.44,NORMAL
2026-09-03 20:00:00,R105,22.05,1,0,1,1,0.406,0.406,NORMAL
2026-09-03 20:00:00,R106,22.05,1,0,1,1,0.42,0.42,NORMAL
2026-09-03 20:00:00,R107,22.05,2,0,1,1,0.453,0.453,NORMAL
2026-09-03 20:00:00,R108,22.05,1,0,1,1,0.444,0.444,NORMAL
2026-09-03 20:00:00,R109,22.05,0,0,1,1,0.15,0.15,NORMAL
2026-09-03 20:00:00,R110,22.05,1,0,1,1,0.352,0.352,NORMAL
2026-09-03 20:00:00,R111,22.05,1,0,1,1,0.389,0.389,NORMAL
2026-09-03 20:00:00,R112,22.05,1,0,1,1,0.454,0.454,NORMAL
2026-09-03 20:00:00,R113,22.05,2,0,1,1,0.546,0.546,NORMAL
2026-09-03 20:00:00,R114,22.05,1,0,1,1,0.348,0.348,NORMAL
2026-09-03 20:00:00,R115,22.05,1,0,1,1,0.359,0.359,NORMAL
2026-09-03 20:00:00,R116,22.05,1,0,1,1,0.307,0.307,NORMAL
2026-09-03 20:00:00,R117,22.05,1,0,1,1,0.358,0.358,NORMAL
2026-09-03 20:00:00,R118,22.05,2,0,1,1,0.362,0.362,NORMAL
2026-09-03 20:00:00,R119,22.05,1,0,1,1,0.35,0.35,NORMAL
2026-09-03 20:00:00,R120,22.05,2,0,1,1,0.438,0.438,NORMAL
2026-09-03 21:00:00,R101,22.44,2,0,1,1,0.57,0.57,NORMAL
2026-09-03 21:00:00,R102,22.44,2,0,1,1,0.472,0.472,NORMAL
2026-09-03 21:00:00,R103,22.44,2,0,1,1,0.46,0.46,NORMAL
2026-09-03 21:00:00,R104,22.44,2,0,1,1,0.475,0.475,NORMAL
2026-09-03 21:00:00,R105,22.44,1,0,1,1,0.321,0.321,NORMAL
2026-09-03 21:00:00,R106,22.44,1,0,1,1,0.329,0.329,NORMAL
2026-09-03 21:00:00,R107,22.44,2,0,1,1,0.472,0.472,NORMAL
2026-09-03 21:00:00,R108,22.44,1,0,1,1,0.373,0.373,NORMAL
2026-09-03 21:00:00,R109,22.44,2,0,1,1,0.425,0.425,NORMAL
2026-09-03 21:00:00,R110,22.44,0,0,1,1,0.15,0.15,NORMAL
2026-09-03 21:00:00,R111,22.44,2,0,1,1,0.476,0.476,NORMAL
2026-09-03 21:00:00,R112,22.44,2,0,1,1,0.444,0.444,NORMAL
2026-09-03 21:00:00,R113,22.44,1,0,1,1,0.365,0.365,NORMAL
2026-09-03 21:00:00,R114,22.44,2,0,1,1,0.431,0.431,NORMAL
2026-09-03 21:00:00,R115,22.44,1,0,1,1,0.355,0.355,NORMAL
2026-09-03 21:00:00,R116,22.44,1,0,1,1,0.321,0.321,NORMAL
2026-09-03 21:00:00,R117,22.44,2,0,1,1,0.342,0.342,NORMAL
2026-09-03 21:00:00,R118,22.44,1,0,1,1,0.382,0.382,NORMAL
2026-09-03 21:00:00,R119,22.44,2,0,1,1,0.521,0.521,NORMAL
2026-09-03 21:00:00,R120,22.44,1,0,1,1,0.335,0.335,NORMAL
2026-09-03 22:00:00,R101,18.35,1,0,1,1,0.435,0.435,NORMAL
2026-09-03 22:00:00,R102,18.35,2,0,1,1,0.441,0.441,NORMAL
2026-09-03 22:00:00,R103,18.35,1,0,1,1,0.388,0.388,NORMAL
2026-09-03 22:00:00,R104,18.35,1,0,1,1,0.371,0.371,NORMAL
2026-09-03 22:00:00,R105,18.35,1,0,1,1,0.411,0.411,NORMAL
2026-09-03 22:00:00,R106,18.35,1,0,1,1,0.404,0.404,NORMAL
2026-09-03 22:00:00,R107,18.35,1,0,1,1,0.421,0.421,NORMAL
2026-09-03 22:00:00,R108,18.35,1,0,1,1,0.427,0.427,NORMAL
2026-09-03 22:00:00,R109,18.35,1,0,1,1,0.373,0.373,NORMAL
2026-09-03 22:00:00,R110,18.35,2,0,1,1,0.474,0.474,NORMAL
2026-09-03 22:00:00,R111,18.35,2,0,1,1,0.573,0.573,NORMAL
2026-09-03 22:00:00,R112,18.35,1,0,1,1,0.326,0.326,NORMAL
2026-09-03 22:00:00,R113,18.35,1,0,1,1,0.39,0.39,NORMAL
2026-09-03 22:00:00,R114,18.35,1,0,1,1,0.308,0.308,NORMAL
2026-09-03 22:00:00,R115,18.35,1,0,1,1,0.412,0.412,NORMAL
2026-09-03 22:00:00,R116,18.35,2,0,1,1,0.37,0.37,NORMAL
2026-09-03 22:00:00,R117,18.35,1,0,1,1,0.479,0.479,NORMAL
2026-09-03 22:00:00,R118,18.35,2,0,1,1,0.645,0.645,NORMAL
2026-09-03 22:00:00,R119,18.35,2,0,1,1,0.499,0.499,NORMAL
2026-09-03 22:00:00,R120,18.35,2,0,1,1,0.469,0.469,NORMAL
2026-09-03 23:00:00,R101,19.97,1,0,1,0,0.41,0.41,NORMAL
2026-09-03 23:00:00,R102,19.97,0,0,1,0,0.15,0.15,NORMAL
2026-09-03 23:00:00,R103,19.97,1,0,1,0,0.428,0.428,NORMAL
2026-09-03 23:00:00,R104,19.97,0,0,1,0,0.15,0.15,NORMAL
2026-09-03 23:00:00,R105,19.97,0,0,1,0,0.15,0.15,NORMAL
2026-09-03 23:00:00,R106,19.97,0,0,1,0,0.15,0.15,NORMAL
2026-09-03 23:00:00,R107,19.97,0,0,1,0,0.15,0.15,NORMAL
2026-09-03 23:00:00,R108,19.97,0,0,1,0,0.15,0.15,NORMAL
2026-09-03 23:00:00,R109,19.97,0,0,1,0,0.15,0.15,NORMAL
2026-09-03 23:00:00,R110,19.97,1,0,1,0,0.44,0.44,NORMAL
2026-09-03 23:00:00,R111,19.97,1,0,1,0,0.412,0.412,NORMAL
2026-09-03 23:00:00,R112,19.97,0,0,1,0,0.15,0.15,NORMAL
2026-09-03 23:00:00,R113,19.97,0,0,1,0,0.15,0.15,NORMAL
2026-09-03 23:00:00,R114,19.97,0,0,1,0,0.15,0.15,NORMAL
2026-09-03 23:00:00,R115,19.97,1,0,1,0,0.407,0.407,NORMAL
2026-09-03 23:00:00,R116,19.97,0,0,1,0,0.15,0.15,NORMAL
2026-09-03 23:00:00,R117,19.97,0,0,1,0,0.15,0.15,NORMAL
2026-09-03 23:00:00,R118,19.97,0,0,1,0,0.15,0.15,NORMAL
2026-09-03 23:00:00,R119,19.97,0,0,1,0,0.15,0.15,NORMAL
2026-09-03 23:00:00,R120,19.97,0,0,1,0,0.15,0.15,NORMAL
2026-09-04 00:00:00,R101,21.02,0,0,1,0,0.15,0.15,NORMAL
2026-09-04 00:00:00,R102,21.02,1,0,1,0,0.39,0.39,NORMAL
2026-09-04 00:00:00,R103,21.02,0,0,1,0,0.15,0.15,NORMAL
2026-09-04 00:00:00,R104,21.02,1,0,1,0,0.33,0.33,NORMAL
2026-09-04 00:00:00,R105,21.02,0,0,1,0,0.15,0.15,NORMAL
2026-09-04 00:00:00,R106,21.02,1,0,1,0,0.424,0.424,NORMAL
2026-09-04 00:00:00,R107,21.02,0,0,1,0,0.15,0.15,NORMAL
2026-09-04 00:00:00,R108,21.02,0,0,1,0,0.719,0.719,STANDBY_WASTE
2026-09-04 00:00:00,R109,21.02,0,0,1,0,0.15,0.15,NORMAL
2026-09-04 00:00:00,R110,21.02,0,0,1,0,0.15,0.15,NORMAL
2026-09-04 00:00:00,R111,21.02,0,0,1,0,0.15,0.15,NORMAL
2026-09-04 00:00:00,R112,21.02,1,0,1,0,0.356,0.356,NORMAL
2026-09-04 00:00:00,R113,21.02,0,0,1,0,0.15,0.15,NORMAL
2026-09-04 00:00:00,R114,21.02,0,0,1,0,0.15,0.15,NORMAL
2026-09-04 00:00:00,R115,21.02,0,0,1,0,0.15,0.15,NORMAL
2026-09-04 00:00:00,R116,21.02,1,0,1,0,0.421,0.421,NORMAL
2026-09-04 00:00:00,R117,21.02,0,0,1,0,0.15,0.15,NORMAL
2026-09-04 00:00:00,R118,21.02,0,0,1,0,0.15,0.15,NORMAL
2026-09-04 00:00:00,R119,21.02,1,0,1,0,0.407,0.407,NORMAL
2026-09-04 00:00:00,R120,21.02,0,0,1,0,0.15,0.15,NORMAL
2026-09-04 01:00:00,R101,19.11,0,0,1,0,0.15,0.15,NORMAL
2026-09-04 01:00:00,R102,19.11,0,0,1,0,0.15,0.15,NORMAL
2026-09-04 01:00:00,R103,19.11,0,0,1,0,0.15,0.15,NORMAL
2026-09-04 01:00:00,R104,19.11,0,0,1,0,0.15,0.15,NORMAL
2026-09-04 01:00:00,R105,19.11,0,0,1,0,0.15,0.15,NORMAL
2026-09-04 01:00:00,R106,19.11,1,0,1,0,0.366,0.366,NORMAL
2026-09-04 01:00:00,R107,19.11,0,0,1,0,0.15,0.15,NORMAL
2026-09-04 01:00:00,R108,19.11,1,0,1,0,0.323,0.323,NORMAL
2026-09-04 01:00:00,R109,19.11,0,0,1,0,0.15,0.15,NORMAL
2026-09-04 01:00:00,R110,19.11,0,0,1,0,0.15,0.15,NORMAL
2026-09-04 01:00:00,R111,19.11,0,0,1,0,0.15,0.15,NORMAL
2026-09-04 01:00:00,R112,19.11,1,0,1,0,1.102,1.102,STANDBY_WASTE
2026-09-04 01:00:00,R113,19.11,1,0,1,0,0.314,0.314,NORMAL
2026-09-04 01:00:00,R114,19.11,0,0,1,0,0.15,0.15,NORMAL
2026-09-04 01:00:00,R115,19.11,0,0,1,0,0.15,0.15,NORMAL
2026-09-04 01:00:00,R116,19.11,0,0,1,0,0.15,0.15,NORMAL
2026-09-04 01:00:00,R117,19.11,0,0,1,0,0.15,0.15,NORMAL
2026-09-04 01:00:00,R118,19.11,1,0,1,0,0.384,0.384,NORMAL
2026-09-04 01:00:00,R119,19.11,0,0,1,0,0.15,0.15,NORMAL
2026-09-04 01:00:00,R120,19.11,0,0,1,0,0.15,0.15,NORMAL
2026-09-04 02:00:00,R101,20.26,0,0,1,0,0.15,0.15,NORMAL
2026-09-04 02:00:00,R102,20.26,0,1,1,0,1.583,1.583,AC_WASTE
2026-09-04 02:00:00,R103,20.26,0,1,1,0,1.571,1.571,AC_WASTE
2026-09-04 02:00:00,R104,20.26,0,0,1,0,0.15,0.15,NORMAL
2026-09-04 02:00:00,R105,20.26,0,0,1,0,0.15,0.15,NORMAL
2026-09-04 02:00:00,R106,20.26,0,0,1,0,0.15,0.15,NORMAL
2026-09-04 02:00:00,R107,20.26,0,0,1,0,0.15,0.15,NORMAL
2026-09-04 02:00:00,R108,20.26,0,0,1,0,0.15,0.15,NORMAL
2026-09-04 02:00:00,R109,20.26,0,0,1,0,0.15,0.15,NORMAL
2026-09-04 02:00:00,R110,20.26,1,0,1,0,0.476,0.476,NORMAL
2026-09-04 02:00:00,R111,20.26,0,0,1,0,0.15,0.15,NORMAL
2026-09-04 02:00:00,R112,20.26,0,0,1,0,0.15,0.15,NORMAL
2026-09-04 02:00:00,R113,20.26,1,0,1,0,0.393,0.393,NORMAL
2026-09-04 02:00:00,R114,20.26,1,0,1,0,0.367,0.367,NORMAL
2026-09-04 02:00:00,R115,20.26,0,0,1,0,0.15,0.15,NORMAL
2026-09-04 02:00:00,R116,20.26,0,0,1,0,0.15,0.15,NORMAL
2026-09-04 02:00:00,R117,20.26,1,0,1,0,0.382,0.382,NORMAL
2026-09-04 02:00:00,R118,20.26,0,0,1,0,0.15,0.15,NORMAL
2026-09-04 02:00:00,R119,20.26,0,0,1,0,0.15,0.15,NORMAL
2026-09-04 02:00:00,R120,20.26,1,0,1,0,0.444,0.444,NORMAL
2026-09-04 03:00:00,R101,19.58,0,0,1,0,0.15,0.15,NORMAL
2026-09-04 03:00:00,R102,19.58,0,0,1,0,0.15,0.15,NORMAL
2026-09-04 03:00:00,R103,19.58,1,0,1,0,0.362,0.362,NORMAL
2026-09-04 03:00:00,R104,19.58,0,0,1,0,0.15,0.15,NORMAL
2026-09-04 03:00:00,R105,19.58,0,0,1,0,0.15,0.15,NORMAL
2026-09-04 03:00:00,R106,19.58,1,0,1,0,0.333,0.333,NORMAL
2026-09-04 03:00:00,R107,19.58,0,0,1,0,0.15,0.15,NORMAL
2026-09-04 03:00:00,R108,19.58,0,0,1,0,0.15,0.15,NORMAL
2026-09-04 03:00:00,R109,19.58,1,0,1,0,0.351,0.351,NORMAL
2026-09-04 03:00:00,R110,19.58,0,0,1,0,0.15,0.15,NORMAL
2026-09-04 03:00:00,R111,19.58,0,0,1,0,0.15,0.15,NORMAL
2026-09-04 03:00:00,R112,19.58,0,0,1,0,0.15,0.15,NORMAL
2026-09-04 03:00:00,R113,19.58,0,0,1,0,0.15,0.15,NORMAL
2026-09-04 03:00:00,R114,19.58,0,0,1,0,0.15,0.15,NORMAL
2026-09-04 03:00:00,R115,19.58,0,0,1,0,0.15,0.15,NORMAL
2026-09-04 03:00:00,R116,19.58,0,0,1,0,0.15,0.15,NORMAL
2026-09-04 03:00:00,R117,19.58,0,0,1,0,0.15,0.15,NORMAL
2026-09-04 03:00:00,R118,19.58,1,0,1,0,0.417,0.417,NORMAL
2026-09-04 03:00:00,R119,19.58,0,0,1,0,0.15,0.15,NORMAL
2026-09-04 03:00:00,R120,19.58,0,0,1,0,0.15,0.15,NORMAL
2026-09-04 04:00:00,R101,23.08,0,0,1,0,0.15,0.15,NORMAL
2026-09-04 04:00:00,R102,23.08,0,0,1,0,0.15,0.15,NORMAL
2026-09-04 04:00:00,R103,23.08,0,0,1,0,0.15,0.15,NORMAL
2026-09-04 04:00:00,R104,23.08,0,0,1,0,0.15,0.15,NORMAL
2026-09-04 04:00:00,R105,23.08,1,0,1,0,0.372,0.372,NORMAL
2026-09-04 04:00:00,R106,23.08,0,0,1,0,0.15,0.15,NORMAL
2026-09-04 04:00:00,R107,23.08,0,0,1,0,0.15,0.15,NORMAL
2026-09-04 04:00:00,R108,23.08,0,0,1,0,0.15,0.15,NORMAL
2026-09-04 04:00:00,R109,23.08,0,0,1,0,0.15,0.15,NORMAL
2026-09-04 04:00:00,R110,23.08,0,0,1,0,0.15,0.15,NORMAL
2026-09-04 04:00:00,R111,23.08,1,0,1,0,0.329,0.329,NORMAL
2026-09-04 04:00:00,R112,23.08,0,0,1,0,0.15,0.15,NORMAL
2026-09-04 04:00:00,R113,23.08,1,0,1,0,0.301,0.301,NORMAL
2026-09-04 04:00:00,R114,23.08,0,0,1,0,0.15,0.15,NORMAL
2026-09-04 04:00:00,R115,23.08,0,0,1,0,0.15,0.15,NORMAL
2026-09-04 04:00:00,R116,23.08,0,0,1,0,0.15,0.15,NORMAL
2026-09-04 04:00:00,R117,23.08,0,0,1,0,0.15,0.15,NORMAL
2026-09-04 04:00:00,R118,23.08,0,0,1,0,0.15,0.15,NORMAL
2026-09-04 04:00:00,R119,23.08,0,0,1,0,0.15,0.15,NORMAL
2026-09-04 04:00:00,R120,23.08,0,0,1,0,0.15,0.15,NORMAL
2026-09-04 05:00:00,R101,27.16,1,0,1,0,0.379,0.379,NORMAL
2026-09-04 05:00:00,R102,27.16,0,0,1,0,0.15,0.15,NORMAL
2026-09-04 05:00:00,R103,27.16,0,0,1,0,0.15,0.15,NORMAL
2026-09-04 05:00:00,R104,27.16,0,0,1,0,0.15,0.15,NORMAL
2026-09-04 05:00:00,R105,27.16,0,0,1,0,0.15,0.15,NORMAL
2026-09-04 05:00:00,R106,27.16,0,0,1,0,0.15,0.15,NORMAL
2026-09-04 05:00:00,R107,27.16,0,0,1,0,0.15,0.15,NORMAL
2026-09-04 05:00:00,R108,27.16,0,0,1,0,0.15,0.15,NORMAL
2026-09-04 05:00:00,R109,27.16,0,0,1,0,0.15,0.15,NORMAL
2026-09-04 05:00:00,R110,27.16,0,0,1,0,0.15,0.15,NORMAL
2026-09-04 05:00:00,R111,27.16,0,0,1,0,0.15,0.15,NORMAL
2026-09-04 05:00:00,R112,27.16,0,0,1,0,0.15,0.15,NORMAL
2026-09-04 05:00:00,R113,27.16,1,0,1,0,0.364,0.364,NORMAL
2026-09-04 05:00:00,R114,27.16,0,0,1,0,0.15,0.15,NORMAL
2026-09-04 05:00:00,R115,27.16,1,0,1,0,0.4,0.4,NORMAL
2026-09-04 05:00:00,R116,27.16,0,0,1,0,0.15,0.15,NORMAL
2026-09-04 05:00:00,R117,27.16,0,0,1,0,0.15,0.15,NORMAL
2026-09-04 05:00:00,R118,27.16,0,0,1,0,0.15,0.15,NORMAL
2026-09-04 05:00:00,R119,27.16,0,0,1,0,0.15,0.15,NORMAL
2026-09-04 05:00:00,R120,27.16,0,0,1,0,0.15,0.15,NORMAL
2026-09-04 06:00:00,R101,26.45,2,0,0,1,0.281,0.281,NORMAL
2026-09-04 06:00:00,R102,26.45,1,0,0,1,0.298,0.298,NORMAL
2026-09-04 06:00:00,R103,26.45,1,0,0,1,0.235,0.235,NORMAL
2026-09-04 06:00:00,R104,26.45,1,0,0,1,0.259,0.259,NORMAL
2026-09-04 06:00:00,R105,26.45,1,0,0,1,0.284,0.284,NORMAL
2026-09-04 06:00:00,R106,26.45,1,0,0,1,0.276,0.276,NORMAL
2026-09-04 06:00:00,R107,26.45,1,0,0,1,0.287,0.287,NORMAL
2026-09-04 06:00:00,R108,26.45,1,0,0,1,0.214,0.214,NORMAL
2026-09-04 06:00:00,R109,26.45,1,0,0,1,0.287,0.287,NORMAL
2026-09-04 06:00:00,R110,26.45,0,0,0,1,0.15,0.15,NORMAL
2026-09-04 06:00:00,R111,26.45,2,0,0,1,0.339,0.339,NORMAL
2026-09-04 06:00:00,R112,26.45,1,0,0,1,0.244,0.244,NORMAL
2026-09-04 06:00:00,R113,26.45,1,0,0,1,0.281,0.281,NORMAL
2026-09-04 06:00:00,R114,26.45,1,0,0,1,0.227,0.227,NORMAL
2026-09-04 06:00:00,R115,26.45,2,0,0,1,0.365,0.365,NORMAL
2026-09-04 06:00:00,R116,26.45,1,0,0,1,0.251,0.251,NORMAL
2026-09-04 06:00:00,R117,26.45,0,0,0,1,0.15,0.15,NORMAL
2026-09-04 06:00:00,R118,26.45,1,0,0,1,0.247,0.247,NORMAL
2026-09-04 06:00:00,R119,26.45,2,0,0,1,0.358,0.358,NORMAL
2026-09-04 06:00:00,R120,26.45,2,0,0,1,0.284,0.284,NORMAL
2026-09-04 07:00:00,R101,28.66,1,0,0,1,0.225,0.225,NORMAL
2026-09-04 07:00:00,R102,28.66,2,0,0,1,0.334,0.334,NORMAL
2026-09-04 07:00:00,R103,28.66,2,0,0,1,0.977,0.977,STANDBY_WASTE
2026-09-04 07:00:00,R104,28.66,0,0,0,1,0.15,0.15,NORMAL
2026-09-04 07:00:00,R105,28.66,2,0,0,1,0.358,0.358,NORMAL
2026-09-04 07:00:00,R106,28.66,1,0,0,1,0.206,0.206,NORMAL
2026-09-04 07:00:00,R107,28.66,1,0,0,1,0.246,0.246,NORMAL
2026-09-04 07:00:00,R108,28.66,0,0,0,1,0.15,0.15,NORMAL
2026-09-04 07:00:00,R109,28.66,1,0,0,1,0.234,0.234,NORMAL
2026-09-04 07:00:00,R110,28.66,1,0,0,1,0.204,0.204,NORMAL
2026-09-04 07:00:00,R111,28.66,2,0,0,1,0.428,0.428,NORMAL
2026-09-04 07:00:00,R112,28.66,0,0,0,1,0.15,0.15,NORMAL
2026-09-04 07:00:00,R113,28.66,1,0,0,1,0.256,0.256,NORMAL
2026-09-04 07:00:00,R114,28.66,1,0,0,1,0.209,0.209,NORMAL
2026-09-04 07:00:00,R115,28.66,1,0,0,1,0.299,0.299,NORMAL
2026-09-04 07:00:00,R116,28.66,1,0,0,1,0.244,0.244,NORMAL
2026-09-04 07:00:00,R117,28.66,2,0,0,1,0.291,0.291,NORMAL
2026-09-04 07:00:00,R118,28.66,2,0,0,1,0.316,0.316,NORMAL
2026-09-04 07:00:00,R119,28.66,2,0,0,1,0.26,0.26,NORMAL
2026-09-04 07:00:00,R120,28.66,1,0,0,1,0.22,0.22,NORMAL
2026-09-04 08:00:00,R101,31.21,1,1,0,1,2.04,2.04,NORMAL
2026-09-04 08:00:00,R102,31.21,1,1,0,1,1.589,1.589,NORMAL
2026-09-04 08:00:00,R103,31.21,1,1,0,1,1.927,1.927,NORMAL
2026-09-04 08:00:00,R104,31.21,2,1,0,1,1.898,1.898,NORMAL
2026-09-04 08:00:00,R105,31.21,1,1,0,1,1.563,1.563,NORMAL
2026-09-04 08:00:00,R106,31.21,1,1,0,1,1.82,1.82,NORMAL
2026-09-04 08:00:00,R107,31.21,1,1,0,1,2.004,2.004,NORMAL
2026-09-04 08:00:00,R108,31.21,2,1,0,1,1.688,1.688,NORMAL
2026-09-04 08:00:00,R109,31.21,1,1,0,1,1.628,1.628,NORMAL
2026-09-04 08:00:00,R110,31.21,2,1,0,1,1.591,1.591,NORMAL
2026-09-04 08:00:00,R111,31.21,2,1,0,1,2.01,2.01,NORMAL
2026-09-04 08:00:00,R112,31.21,2,1,0,1,2.108,2.108,NORMAL
2026-09-04 08:00:00,R113,31.21,0,0,0,1,0.15,0.15,NORMAL
2026-09-04 08:00:00,R114,31.21,1,1,0,1,1.426,1.426,NORMAL
2026-09-04 08:00:00,R115,31.21,1,1,0,1,1.726,1.726,NORMAL
2026-09-04 08:00:00,R116,31.21,1,1,0,1,1.627,1.627,NORMAL
2026-09-04 08:00:00,R117,31.21,0,0,0,1,0.15,0.15,NORMAL
2026-09-04 08:00:00,R118,31.21,0,1,0,1,1.342,1.342,AC_WASTE
2026-09-04 08:00:00,R119,31.21,2,1,0,1,2.096,2.096,NORMAL
2026-09-04 08:00:00,R120,31.21,0,0,0,1,0.15,0.15,NORMAL
2026-09-04 09:00:00,R101,33.0,1,1,0,1,1.728,1.728,NORMAL
2026-09-04 09:00:00,R102,33.0,2,1,0,1,1.589,1.589,NORMAL
2026-09-04 09:00:00,R103,33.0,0,0,0,1,0.15,0.15,NORMAL
2026-09-04 09:00:00,R104,33.0,0,0,0,1,0.15,0.15,NORMAL
2026-09-04 09:00:00,R105,33.0,1,1,0,1,2.253,2.253,STANDBY_WASTE
2026-09-04 09:00:00,R106,33.0,0,0,0,1,0.15,0.15,NORMAL
2026-09-04 09:00:00,R107,33.0,0,0,0,1,0.15,0.15,NORMAL
2026-09-04 09:00:00,R108,33.0,1,1,0,1,2.007,2.007,NORMAL
2026-09-04 09:00:00,R109,33.0,0,0,0,1,0.15,0.15,NORMAL
2026-09-04 09:00:00,R110,33.0,0,0,0,1,0.15,0.15,NORMAL
2026-09-04 09:00:00,R111,33.0,0,1,0,1,1.681,1.681,AC_WASTE
2026-09-04 09:00:00,R112,33.0,1,1,0,1,1.625,1.625,NORMAL
2026-09-04 09:00:00,R113,33.0,0,0,0,1,0.15,0.15,NORMAL
2026-09-04 09:00:00,R114,33.0,0,0,0,1,0.15,0.15,NORMAL
2026-09-04 09:00:00,R115,33.0,1,1,0,1,1.775,1.775,NORMAL
2026-09-04 09:00:00,R116,33.0,0,0,0,1,0.15,0.15,NORMAL
2026-09-04 09:00:00,R117,33.0,0,0,0,1,0.15,0.15,NORMAL
2026-09-04 09:00:00,R118,33.0,0,0,0,1,0.15,0.15,NORMAL
2026-09-04 09:00:00,R119,33.0,1,1,0,1,2.039,2.039,NORMAL
2026-09-04 09:00:00,R120,33.0,0,0,0,1,0.15,0.15,NORMAL
2026-09-04 10:00:00,R101,34.76,0,0,0,1,0.15,0.15,NORMAL
2026-09-04 10:00:00,R102,34.76,1,1,0,1,1.877,1.877,NORMAL
2026-09-04 10:00:00,R103,34.76,2,1,0,1,1.906,1.906,NORMAL
2026-09-04 10:00:00,R104,34.76,1,1,0,1,1.726,1.726,NORMAL
2026-09-04 10:00:00,R105,34.76,2,1,0,1,1.809,1.809,NORMAL
2026-09-04 10:00:00,R106,34.76,0,0,0,1,0.15,0.15,NORMAL
2026-09-04 10:00:00,R107,34.76,0,0,0,1,0.15,0.15,NORMAL
2026-09-04 10:00:00,R108,34.76,1,1,0,1,1.509,1.509,NORMAL
2026-09-04 10:00:00,R109,34.76,1,1,0,1,1.584,1.584,NORMAL
2026-09-04 10:00:00,R110,34.76,1,1,0,1,1.661,1.661,NORMAL
2026-09-04 10:00:00,R111,34.76,1,1,0,1,1.693,1.693,NORMAL
2026-09-04 10:00:00,R112,34.76,0,0,0,1,0.15,0.15,NORMAL
2026-09-04 10:00:00,R113,34.76,0,0,0,1,0.15,0.15,NORMAL
2026-09-04 10:00:00,R114,34.76,0,0,0,1,0.15,0.15,NORMAL
2026-09-04 10:00:00,R115,34.76,1,1,0,1,1.924,1.924,NORMAL
2026-09-04 10:00:00,R116,34.76,0,0,0,1,0.15,0.15,NORMAL
2026-09-04 10:00:00,R117,34.76,0,0,0,1,0.15,0.15,NORMAL
2026-09-04 10:00:00,R118,34.76,0,0,0,1,0.15,0.15,NORMAL
2026-09-04 10:00:00,R119,34.76,0,0,0,1,0.15,0.15,NORMAL
2026-09-04 10:00:00,R120,34.76,1,1,0,1,1.674,1.674,NORMAL
2026-09-04 11:00:00,R101,33.84,0,0,0,1,0.15,0.15,NORMAL
2026-09-04 11:00:00,R102,33.84,0,0,0,1,0.15,0.15,NORMAL
2026-09-04 11:00:00,R103,33.84,1,1,0,1,1.607,1.607,NORMAL
2026-09-04 11:00:00,R104,33.84,0,0,0,1,0.15,0.15,NORMAL
2026-09-04 11:00:00,R105,33.84,1,1,0,1,1.447,1.447,NORMAL
2026-09-04 11:00:00,R106,33.84,0,0,0,1,0.15,0.15,NORMAL
2026-09-04 11:00:00,R107,33.84,1,1,0,1,1.938,1.938,NORMAL
2026-09-04 11:00:00,R108,33.84,0,0,0,1,0.15,0.15,NORMAL
2026-09-04 11:00:00,R109,33.84,0,0,0,1,0.15,0.15,NORMAL
2026-09-04 11:00:00,R110,33.84,0,0,0,1,0.15,0.15,NORMAL
2026-09-04 11:00:00,R111,33.84,2,1,0,1,1.909,1.909,NORMAL
2026-09-04 11:00:00,R112,33.84,0,0,0,1,0.15,0.15,NORMAL
2026-09-04 11:00:00,R113,33.84,1,1,0,1,1.658,1.658,NORMAL
2026-09-04 11:00:00,R114,33.84,0,0,0,1,0.15,0.15,NORMAL
2026-09-04 11:00:00,R115,33.84,1,1,0,1,1.716,1.716,NORMAL
2026-09-04 11:00:00,R116,33.84,0,0,0,1,0.15,0.15,NORMAL
2026-09-04 11:00:00,R117,33.84,0,0,0,1,0.15,0.15,NORMAL
2026-09-04 11:00:00,R118,33.84,0,0,0,1,0.15,0.15,NORMAL
2026-09-04 11:00:00,R119,33.84,2,1,0,1,1.5,1.5,NORMAL
2026-09-04 11:00:00,R120,33.84,0,0,0,1,0.15,0.15,NORMAL
2026-09-04 12:00:00,R101,35.3,1,1,0,1,1.544,1.544,NORMAL
2026-09-04 12:00:00,R102,35.3,0,0,0,1,0.15,0.15,NORMAL
2026-09-04 12:00:00,R103,35.3,0,0,0,1,0.15,0.15,NORMAL
2026-09-04 12:00:00,R104,35.3,0,0,0,1,0.15,0.15,NORMAL
2026-09-04 12:00:00,R105,35.3,0,0,0,1,0.15,0.15,NORMAL
2026-09-04 12:00:00,R106,35.3,0,0,0,1,0.15,0.15,NORMAL
2026-09-04 12:00:00,R107,35.3,2,1,0,1,1.766,1.766,NORMAL
2026-09-04 12:00:00,R108,35.3,1,1,0,1,1.798,1.798,NORMAL
2026-09-04 12:00:00,R109,35.3,1,1,0,1,1.771,1.771,NORMAL
2026-09-04 12:00:00,R110,35.3,0,0,0,1,0.15,0.15,NORMAL
2026-09-04 12:00:00,R111,35.3,1,1,0,1,2.019,2.019,NORMAL
2026-09-04 12:00:00,R112,35.3,0,0,0,1,0.15,0.15,NORMAL
2026-09-04 12:00:00,R113,35.3,0,0,0,1,0.15,0.15,NORMAL
2026-09-04 12:00:00,R114,35.3,0,0,0,1,0.15,0.15,NORMAL
2026-09-04 12:00:00,R115,35.3,0,0,0,1,0.15,0.15,NORMAL
2026-09-04 12:00:00,R116,35.3,0,0,0,1,0.15,0.15,NORMAL
2026-09-04 12:00:00,R117,35.3,0,0,0,1,0.15,0.15,NORMAL
2026-09-04 12:00:00,R118,35.3,0,0,0,1,0.15,0.15,NORMAL
2026-09-04 12:00:00,R119,35.3,1,1,0,1,1.433,1.433,NORMAL
2026-09-04 12:00:00,R120,35.3,0,0,0,1,0.15,0.15,NORMAL
2026-09-04 13:00:00,R101,34.71,1,1,0,1,1.874,1.874,NORMAL
2026-09-04 13:00:00,R102,34.71,2,1,0,1,1.741,1.741,NORMAL
2026-09-04 13:00:00,R103,34.71,1,1,0,1,1.736,1.736,NORMAL
2026-09-04 13:00:00,R104,34.71,2,1,0,1,2.024,2.024,NORMAL
2026-09-04 13:00:00,R105,34.71,0,0,0,1,0.15,0.15,NORMAL
2026-09-04 13:00:00,R106,34.71,0,0,0,1,0.15,0.15,NORMAL
2026-09-04 13:00:00,R107,34.71,2,1,0,1,1.649,1.649,NORMAL
2026-09-04 13:00:00,R108,34.71,0,0,0,1,0.15,0.15,NORMAL
2026-09-04 13:00:00,R109,34.71,2,1,0,1,1.923,1.923,NORMAL
2026-09-04 13:00:00,R110,34.71,0,0,0,1,0.15,0.15,NORMAL
2026-09-04 13:00:00,R111,34.71,0,0,0,1,0.15,0.15,NORMAL
2026-09-04 13:00:00,R112,34.71,0,0,0,1,0.15,0.15,NORMAL
2026-09-04 13:00:00,R113,34.71,0,0,0,1,0.15,0.15,NORMAL
2026-09-04 13:00:00,R114,34.71,2,1,0,1,1.768,1.768,NORMAL
2026-09-04 13:00:00,R115,34.71,1,1,0,1,1.68,1.68,NORMAL
2026-09-04 13:00:00,R116,34.71,0,0,0,1,0.15,0.15,NORMAL
2026-09-04 13:00:00,R117,34.71,0,0,0,1,0.15,0.15,NORMAL
2026-09-04 13:00:00,R118,34.71,2,1,0,1,1.646,1.646,NORMAL
2026-09-04 13:00:00,R119,34.71,0,0,0,1,0.15,0.15,NORMAL
2026-09-04 13:00:00,R120,34.71,0,0,0,1,0.15,0.15,NORMAL
2026-09-04 14:00:00,R101,32.77,0,0,0,1,0.15,0.15,NORMAL
2026-09-04 14:00:00,R102,32.77,1,1,0,1,1.563,1.563,NORMAL
2026-09-04 14:00:00,R103,32.77,1,1,0,1,1.731,1.731,NORMAL
2026-09-04 14:00:00,R104,32.77,0,0,0,1,0.15,0.15,NORMAL
2026-09-04 14:00:00,R105,32.77,0,0,0,1,0.15,0.15,NORMAL
2026-09-04 14:00:00,R106,32.77,0,0,0,1,0.15,0.15,NORMAL
2026-09-04 14:00:00,R107,32.77,0,0,0,1,0.15,0.15,NORMAL
2026-09-04 14:00:00,R108,32.77,0,0,0,1,0.15,0.15,NORMAL
2026-09-04 14:00:00,R109,32.77,1,1,0,1,1.815,1.815,NORMAL
2026-09-04 14:00:00,R110,32.77,0,0,0,1,0.15,0.15,NORMAL
2026-09-04 14:00:00,R111,32.77,0,0,0,1,0.15,0.15,NORMAL
2026-09-04 14:00:00,R112,32.77,0,0,0,1,0.15,0.15,NORMAL
2026-09-04 14:00:00,R113,32.77,1,1,0,1,1.485,1.485,NORMAL
2026-09-04 14:00:00,R114,32.77,0,0,0,1,0.15,0.15,NORMAL
2026-09-04 14:00:00,R115,32.77,0,1,0,1,1.71,1.71,AC_WASTE
2026-09-04 14:00:00,R116,32.77,0,0,0,1,0.15,0.15,NORMAL
2026-09-04 14:00:00,R117,32.77,1,1,0,1,2.027,2.027,NORMAL
2026-09-04 14:00:00,R118,32.77,1,1,0,1,1.592,1.592,NORMAL
2026-09-04 14:00:00,R119,32.77,1,1,0,1,1.702,1.702,NORMAL
2026-09-04 14:00:00,R120,32.77,0,0,0,1,0.15,0.15,NORMAL
2026-09-04 15:00:00,R101,30.0,1,1,0,1,1.974,1.974,NORMAL
2026-09-04 15:00:00,R102,30.0,0,0,0,1,0.15,0.15,NORMAL
2026-09-04 15:00:00,R103,30.0,1,1,0,1,1.625,1.625,NORMAL
2026-09-04 15:00:00,R104,30.0,0,0,0,1,0.15,0.15,NORMAL
2026-09-04 15:00:00,R105,30.0,0,0,0,1,0.15,0.15,NORMAL
2026-09-04 15:00:00,R106,30.0,0,0,0,1,0.15,0.15,NORMAL
2026-09-04 15:00:00,R107,30.0,0,0,0,1,0.15,0.15,NORMAL
2026-09-04 15:00:00,R108,30.0,0,0,0,1,0.15,0.15,NORMAL
2026-09-04 15:00:00,R109,30.0,0,0,0,1,0.15,0.15,NORMAL
2026-09-04 15:00:00,R110,30.0,0,0,0,1,0.15,0.15,NORMAL
2026-09-04 15:00:00,R111,30.0,0,0,0,1,0.15,0.15,NORMAL
2026-09-04 15:00:00,R112,30.0,0,0,0,1,0.15,0.15,NORMAL
2026-09-04 15:00:00,R113,30.0,0,0,0,1,0.15,0.15,NORMAL
2026-09-04 15:00:00,R114,30.0,1,1,0,1,1.812,1.812,NORMAL
2026-09-04 15:00:00,R115,30.0,1,1,0,1,1.7,1.7,NORMAL
2026-09-04 15:00:00,R116,30.0,0,0,0,1,0.15,0.15,NORMAL
2026-09-04 15:00:00,R117,30.0,0,0,0,1,0.15,0.15,NORMAL
2026-09-04 15:00:00,R118,30.0,1,1,0,1,1.604,1.604,NORMAL
2026-09-04 15:00:00,R119,30.0,1,1,0,1,1.701,1.701,NORMAL
2026-09-04 15:00:00,R120,30.0,0,0,0,1,0.15,0.15,NORMAL
2026-09-04 16:00:00,R101,30.9,1,1,0,1,1.809,1.809,NORMAL
2026-09-04 16:00:00,R102,30.9,0,0,0,1,0.15,0.15,NORMAL
2026-09-04 16:00:00,R103,30.9,1,1,0,1,2.041,2.041,NORMAL
2026-09-04 16:00:00,R104,30.9,1,1,0,1,1.539,1.539,NORMAL
2026-09-04 16:00:00,R105,30.9,0,0,0,1,0.15,0.15,NORMAL
2026-09-04 16:00:00,R106,30.9,0,0,0,1,0.15,0.15,NORMAL
2026-09-04 16:00:00,R107,30.9,0,0,0,1,0.15,0.15,NORMAL
2026-09-04 16:00:00,R108,30.9,1,1,0,1,1.808,1.808,NORMAL
2026-09-04 16:00:00,R109,30.9,0,0,0,1,0.15,0.15,NORMAL
2026-09-04 16:00:00,R110,30.9,0,0,0,1,0.15,0.15,NORMAL
2026-09-04 16:00:00,R111,30.9,0,0,0,1,0.15,0.15,NORMAL
2026-09-04 16:00:00,R112,30.9,2,1,0,1,1.889,1.889,NORMAL
2026-09-04 16:00:00,R113,30.9,1,1,0,1,1.93,1.93,STANDBY_WASTE
2026-09-04 16:00:00,R114,30.9,2,1,0,1,1.87,1.87,NORMAL
2026-09-04 16:00:00,R115,30.9,0,0,0,1,0.15,0.15,NORMAL
2026-09-04 16:00:00,R116,30.9,1,1,0,1,1.992,1.992,NORMAL
2026-09-04 16:00:00,R117,30.9,2,1,0,1,1.946,1.946,NORMAL
2026-09-04 16:00:00,R118,30.9,2,1,0,1,1.63,1.63,NORMAL
2026-09-04 16:00:00,R119,30.9,0,0,0,1,0.15,0.15,NORMAL
2026-09-04 16:00:00,R120,30.9,0,0,0,1,0.15,0.15,NORMAL
2026-09-04 17:00:00,R101,26.89,1,0,0,1,0.267,0.267,NORMAL
2026-09-04 17:00:00,R102,26.89,2,0,0,1,0.423,0.423,NORMAL
2026-09-04 17:00:00,R103,26.89,1,0,0,1,0.295,0.295,NORMAL
2026-09-04 17:00:00,R104,26.89,1,0,0,1,0.293,0.293,NORMAL
2026-09-04 17:00:00,R105,26.89,1,0,0,1,0.244,0.244,NORMAL
2026-09-04 17:00:00,R106,26.89,1,0,0,1,0.296,0.296,NORMAL
2026-09-04 17:00:00,R107,26.89,2,0,0,1,0.354,0.354,NORMAL
2026-09-04 17:00:00,R108,26.89,1,0,0,1,0.273,0.273,NORMAL
2026-09-04 17:00:00,R109,26.89,2,0,0,1,0.392,0.392,NORMAL
2026-09-04 17:00:00,R110,26.89,1,0,0,1,0.226,0.226,NORMAL
2026-09-04 17:00:00,R111,26.89,2,0,0,1,0.326,0.326,NORMAL
2026-09-04 17:00:00,R112,26.89,1,0,0,1,0.299,0.299,NORMAL
2026-09-04 17:00:00,R113,26.89,1,0,0,1,0.223,0.223,NORMAL
2026-09-04 17:00:00,R114,26.89,2,0,0,1,0.296,0.296,NORMAL
2026-09-04 17:00:00,R115,26.89,1,0,0,1,0.25,0.25,NORMAL
2026-09-04 17:00:00,R116,26.89,1,0,0,1,0.25,0.25,NORMAL
2026-09-04 17:00:00,R117,26.89,1,0,0,1,0.213,0.213,NORMAL
2026-09-04 17:00:00,R118,26.89,2,0,0,1,0.324,0.324,NORMAL
2026-09-04 17:00:00,R119,26.89,1,0,0,1,0.293,0.293,NORMAL
2026-09-04 17:00:00,R120,26.89,1,0,0,1,0.238,0.238,NORMAL
2026-09-04 18:00:00,R101,26.2,1,0,1,1,0.359,0.359,NORMAL
2026-09-04 18:00:00,R102,26.2,2,0,1,1,0.629,0.629,NORMAL
2026-09-04 18:00:00,R103,26.2,1,0,1,1,0.485,0.485,NORMAL
2026-09-04 18:00:00,R104,26.2,2,0,1,1,0.383,0.383,NORMAL
2026-09-04 18:00:00,R105,26.2,1,0,1,1,0.368,0.368,NORMAL
2026-09-04 18:00:00,R106,26.2,2,0,1,1,0.546,0.546,NORMAL
2026-09-04 18:00:00,R107,26.2,1,0,1,1,0.319,0.319,NORMAL
2026-09-04 18:00:00,R108,26.2,1,0,1,1,0.463,0.463,NORMAL
2026-09-04 18:00:00,R109,26.2,2,0,1,1,0.479,0.479,NORMAL
2026-09-04 18:00:00,R110,26.2,2,0,1,1,0.435,0.435,NORMAL
2026-09-04 18:00:00,R111,26.2,0,0,1,1,0.15,0.15,NORMAL
2026-09-04 18:00:00,R112,26.2,1,0,1,1,0.375,0.375,NORMAL
2026-09-04 18:00:00,R113,26.2,2,0,1,1,0.412,0.412,NORMAL
2026-09-04 18:00:00,R114,26.2,1,0,1,1,0.367,0.367,NORMAL
2026-09-04 18:00:00,R115,26.2,0,0,1,1,0.15,0.15,NORMAL
2026-09-04 18:00:00,R116,26.2,1,0,1,1,0.395,0.395,NORMAL
2026-09-04 18:00:00,R117,26.2,2,0,1,1,0.432,0.432,NORMAL
2026-09-04 18:00:00,R118,26.2,1,0,1,1,0.413,0.413,NORMAL
2026-09-04 18:00:00,R119,26.2,2,0,1,1,0.432,0.432,NORMAL
2026-09-04 18:00:00,R120,26.2,0,0,1,1,0.15,0.15,NORMAL
2026-09-04 19:00:00,R101,23.79,1,0,1,1,0.378,0.378,NORMAL
2026-09-04 19:00:00,R102,23.79,1,0,1,1,0.33,0.33,NORMAL
2026-09-04 19:00:00,R103,23.79,2,0,1,1,0.573,0.573,NORMAL
2026-09-04 19:00:00,R104,23.79,1,0,1,1,0.371,0.371,NORMAL
2026-09-04 19:00:00,R105,23.79,2,0,1,1,0.467,0.467,NORMAL
2026-09-04 19:00:00,R106,23.79,2,0,1,1,0.463,0.463,NORMAL
2026-09-04 19:00:00,R107,23.79,1,0,1,1,0.412,0.412,NORMAL
2026-09-04 19:00:00,R108,23.79,2,0,1,1,0.491,0.491,NORMAL
2026-09-04 19:00:00,R109,23.79,1,0,1,1,0.459,0.459,NORMAL
2026-09-04 19:00:00,R110,23.79,1,0,1,1,0.362,0.362,NORMAL
2026-09-04 19:00:00,R111,23.79,2,0,1,1,0.529,0.529,NORMAL
2026-09-04 19:00:00,R112,23.79,1,0,1,1,0.43,0.43,NORMAL
2026-09-04 19:00:00,R113,23.79,1,0,1,1,0.393,0.393,NORMAL
2026-09-04 19:00:00,R114,23.79,0,0,1,1,0.15,0.15,NORMAL
2026-09-04 19:00:00,R115,23.79,0,0,1,1,0.15,0.15,NORMAL
2026-09-04 19:00:00,R116,23.79,1,0,1,1,0.334,0.334,NORMAL
2026-09-04 19:00:00,R117,23.79,1,0,1,1,0.395,0.395,NORMAL
2026-09-04 19:00:00,R118,23.79,1,0,1,1,0.396,0.396,NORMAL
2026-09-04 19:00:00,R119,23.79,1,0,1,1,0.32,0.32,NORMAL
2026-09-04 19:00:00,R120,23.79,2,0,1,1,0.373,0.373,NORMAL
2026-09-04 20:00:00,R101,20.42,1,0,1,1,0.457,0.457,NORMAL
2026-09-04 20:00:00,R102,20.42,1,0,1,1,0.359,0.359,NORMAL
2026-09-04 20:00:00,R103,20.42,1,0,1,1,0.335,0.335,NORMAL
2026-09-04 20:00:00,R104,20.42,1,0,1,1,0.402,0.402,NORMAL
2026-09-04 20:00:00,R105,20.42,1,0,1,1,0.323,0.323,NORMAL
2026-09-04 20:00:00,R106,20.42,1,0,1,1,0.355,0.355,NORMAL
2026-09-04 20:00:00,R107,20.42,2,0,1,1,0.401,0.401,NORMAL
2026-09-04 20:00:00,R108,20.42,2,0,1,1,0.366,0.366,NORMAL
2026-09-04 20:00:00,R109,20.42,2,0,1,1,0.448,0.448,NORMAL
2026-09-04 20:00:00,R110,20.42,1,0,1,1,0.359,0.359,NORMAL
2026-09-04 20:00:00,R111,20.42,2,0,1,1,0.484,0.484,NORMAL
2026-09-04 20:00:00,R112,20.42,1,0,1,1,0.415,0.415,NORMAL
2026-09-04 20:00:00,R113,20.42,1,0,1,1,0.445,0.445,NORMAL
2026-09-04 20:00:00,R114,20.42,2,0,1,1,0.509,0.509,NORMAL
2026-09-04 20:00:00,R115,20.42,1,0,1,1,0.361,0.361,NORMAL
2026-09-04 20:00:00,R116,20.42,1,0,1,1,0.341,0.341,NORMAL
2026-09-04 20:00:00,R117,20.42,2,0,1,1,0.573,0.573,NORMAL
2026-09-04 20:00:00,R118,20.42,1,0,1,1,0.361,0.361,NORMAL
2026-09-04 20:00:00,R119,20.42,0,0,1,1,0.15,0.15,NORMAL
2026-09-04 20:00:00,R120,20.42,1,0,1,1,0.415,0.415,NORMAL
2026-09-04 21:00:00,R101,19.54,1,0,1,1,0.441,0.441,NORMAL
2026-09-04 21:00:00,R102,19.54,2,0,1,1,0.609,0.609,NORMAL
2026-09-04 21:00:00,R103,19.54,1,0,1,1,0.435,0.435,NORMAL
2026-09-04 21:00:00,R104,19.54,2,0,1,1,0.411,0.411,NORMAL
2026-09-04 21:00:00,R105,19.54,2,0,1,1,0.495,0.495,NORMAL
2026-09-04 21:00:00,R106,19.54,2,0,1,1,0.378,0.378,NORMAL
2026-09-04 21:00:00,R107,19.54,1,0,1,1,0.451,0.451,NORMAL
2026-09-04 21:00:00,R108,19.54,1,0,1,1,0.346,0.346,NORMAL
2026-09-04 21:00:00,R109,19.54,2,0,1,1,0.359,0.359,NORMAL
2026-09-04 21:00:00,R110,19.54,2,0,1,1,0.604,0.604,NORMAL
2026-09-04 21:00:00,R111,19.54,1,0,1,1,0.401,0.401,NORMAL
2026-09-04 21:00:00,R112,19.54,1,0,1,1,0.451,0.451,NORMAL
2026-09-04 21:00:00,R113,19.54,2,0,1,1,0.569,0.569,NORMAL
2026-09-04 21:00:00,R114,19.54,2,0,1,1,0.408,0.408,NORMAL
2026-09-04 21:00:00,R115,19.54,2,0,1,1,0.365,0.365,NORMAL
2026-09-04 21:00:00,R116,19.54,2,0,1,1,0.997,0.997,STANDBY_WASTE
2026-09-04 21:00:00,R117,19.54,1,0,1,1,0.403,0.403,NORMAL
2026-09-04 21:00:00,R118,19.54,0,0,1,1,0.15,0.15,NORMAL
2026-09-04 21:00:00,R119,19.54,2,0,1,1,0.461,0.461,NORMAL
2026-09-04 21:00:00,R120,19.54,0,0,1,1,0.15,0.15,NORMAL
2026-09-04 22:00:00,R101,18.57,1,0,1,1,0.421,0.421,NORMAL
2026-09-04 22:00:00,R102,18.57,2,0,1,1,0.413,0.413,NORMAL
2026-09-04 22:00:00,R103,18.57,2,0,1,1,0.427,0.427,NORMAL
2026-09-04 22:00:00,R104,18.57,2,0,1,1,0.534,0.534,NORMAL
2026-09-04 22:00:00,R105,18.57,1,0,1,1,0.414,0.414,NORMAL
2026-09-04 22:00:00,R106,18.57,1,0,1,1,0.463,0.463,NORMAL
2026-09-04 22:00:00,R107,18.57,1,0,1,1,0.465,0.465,NORMAL
2026-09-04 22:00:00,R108,18.57,2,0,1,1,0.342,0.342,NORMAL
2026-09-04 22:00:00,R109,18.57,1,0,1,1,0.328,0.328,NORMAL
2026-09-04 22:00:00,R110,18.57,1,0,1,1,0.378,0.378,NORMAL
2026-09-04 22:00:00,R111,18.57,0,0,1,1,0.15,0.15,NORMAL
2026-09-04 22:00:00,R112,18.57,2,0,1,1,0.55,0.55,NORMAL
2026-09-04 22:00:00,R113,18.57,0,0,1,1,0.15,0.15,NORMAL
2026-09-04 22:00:00,R114,18.57,1,0,1,1,0.351,0.351,NORMAL
2026-09-04 22:00:00,R115,18.57,2,0,1,1,0.525,0.525,NORMAL
2026-09-04 22:00:00,R116,18.57,1,0,1,1,0.4,0.4,NORMAL
2026-09-04 22:00:00,R117,18.57,0,0,1,1,0.15,0.15,NORMAL
2026-09-04 22:00:00,R118,18.57,1,0,1,1,0.402,0.402,NORMAL
2026-09-04 22:00:00,R119,18.57,2,0,1,1,0.429,0.429,NORMAL
2026-09-04 22:00:00,R120,18.57,2,0,1,1,0.479,0.479,NORMAL
2026-09-04 23:00:00,R101,20.05,0,0,1,0,0.15,0.15,NORMAL
2026-09-04 23:00:00,R102,20.05,0,0,1,0,0.15,0.15,NORMAL
2026-09-04 23:00:00,R103,20.05,0,0,1,0,0.15,0.15,NORMAL
2026-09-04 23:00:00,R104,20.05,0,0,1,0,0.15,0.15,NORMAL
2026-09-04 23:00:00,R105,20.05,0,0,1,0,0.15,0.15,NORMAL
2026-09-04 23:00:00,R106,20.05,0,0,1,0,0.15,0.15,NORMAL
2026-09-04 23:00:00,R107,20.05,0,0,1,0,0.15,0.15,NORMAL
2026-09-04 23:00:00,R108,20.05,1,0,1,0,0.43,0.43,NORMAL
2026-09-04 23:00:00,R109,20.05,0,0,1,0,0.15,0.15,NORMAL
2026-09-04 23:00:00,R110,20.05,0,0,1,0,0.15,0.15,NORMAL
2026-09-04 23:00:00,R111,20.05,1,0,1,0,1.122,1.122,STANDBY_WASTE
2026-09-04 23:00:00,R112,20.05,0,0,1,0,0.15,0.15,NORMAL
2026-09-04 23:00:00,R113,20.05,0,0,1,0,0.15,0.15,NORMAL
2026-09-04 23:00:00,R114,20.05,0,0,1,0,0.15,0.15,NORMAL
2026-09-04 23:00:00,R115,20.05,0,0,1,0,0.15,0.15,NORMAL
2026-09-04 23:00:00,R116,20.05,0,0,1,0,0.15,0.15,NORMAL
2026-09-04 23:00:00,R117,20.05,0,0,1,0,0.15,0.15,NORMAL
2026-09-04 23:00:00,R118,20.05,0,0,1,0,0.15,0.15,NORMAL
2026-09-04 23:00:00,R119,20.05,0,0,1,0,0.15,0.15,NORMAL
2026-09-04 23:00:00,R120,20.05,1,0,1,0,0.365,0.365,NORMAL
2026-09-05 00:00:00,R101,20.43,0,0,1,0,0.15,0.15,NORMAL
2026-09-05 00:00:00,R102,20.43,0,0,1,0,0.15,0.15,NORMAL
2026-09-05 00:00:00,R103,20.43,0,0,1,0,0.15,0.15,NORMAL
2026-09-05 00:00:00,R104,20.43,0,0,1,0,0.15,0.15,NORMAL
2026-09-05 00:00:00,R105,20.43,1,0,1,0,0.439,0.439,NORMAL
2026-09-05 00:00:00,R106,20.43,1,0,1,0,0.376,0.376,NORMAL
2026-09-05 00:00:00,R107,20.43,1,0,1,0,0.341,0.341,NORMAL
2026-09-05 00:00:00,R108,20.43,0,0,1,0,0.15,0.15,NORMAL
2026-09-05 00:00:00,R109,20.43,0,0,1,0,0.15,0.15,NORMAL
2026-09-05 00:00:00,R110,20.43,0,0,1,0,0.15,0.15,NORMAL
2026-09-05 00:00:00,R111,20.43,0,0,1,0,0.15,0.15,NORMAL
2026-09-05 00:00:00,R112,20.43,0,0,1,0,0.15,0.15,NORMAL
2026-09-05 00:00:00,R113,20.43,1,0,1,0,0.313,0.313,NORMAL
2026-09-05 00:00:00,R114,20.43,0,0,1,0,0.15,0.15,NORMAL
2026-09-05 00:00:00,R115,20.43,0,0,1,0,0.15,0.15,NORMAL
2026-09-05 00:00:00,R116,20.43,1,0,1,0,0.383,0.383,NORMAL
2026-09-05 00:00:00,R117,20.43,0,0,1,0,0.15,0.15,NORMAL
2026-09-05 00:00:00,R118,20.43,1,0,1,0,0.376,0.376,NORMAL
2026-09-05 00:00:00,R119,20.43,0,0,1,0,0.15,0.15,NORMAL
2026-09-05 00:00:00,R120,20.43,0,0,1,0,0.15,0.15,NORMAL
2026-09-05 01:00:00,R101,21.18,0,0,1,0,0.15,0.15,NORMAL
2026-09-05 01:00:00,R102,21.18,0,0,1,0,0.15,0.15,NORMAL
2026-09-05 01:00:00,R103,21.18,0,0,1,0,0.15,0.15,NORMAL
2026-09-05 01:00:00,R104,21.18,0,1,1,0,1.452,1.452,AC_WASTE
2026-09-05 01:00:00,R105,21.18,0,0,1,0,0.15,0.15,NORMAL
2026-09-05 01:00:00,R106,21.18,0,0,1,0,0.15,0.15,NORMAL
2026-09-05 01:00:00,R107,21.18,0,0,1,0,0.15,0.15,NORMAL
2026-09-05 01:00:00,R108,21.18,0,0,1,0,0.801,0.801,STANDBY_WASTE
2026-09-05 01:00:00,R109,21.18,0,0,1,0,0.15,0.15,NORMAL
2026-09-05 01:00:00,R110,21.18,0,0,1,0,0.886,0.886,STANDBY_WASTE
2026-09-05 01:00:00,R111,21.18,0,0,1,0,0.15,0.15,NORMAL
2026-09-05 01:00:00,R112,21.18,0,0,1,0,0.15,0.15,NORMAL
2026-09-05 01:00:00,R113,21.18,0,0,1,0,0.15,0.15,NORMAL
2026-09-05 01:00:00,R114,21.18,0,0,1,0,0.15,0.15,NORMAL
2026-09-05 01:00:00,R115,21.18,1,0,1,0,0.375,0.375,NORMAL
2026-09-05 01:00:00,R116,21.18,0,0,1,0,0.15,0.15,NORMAL
2026-09-05 01:00:00,R117,21.18,0,0,1,0,0.15,0.15,NORMAL
2026-09-05 01:00:00,R118,21.18,0,0,1,0,0.15,0.15,NORMAL
2026-09-05 01:00:00,R119,21.18,0,0,1,0,0.15,0.15,NORMAL
2026-09-05 01:00:00,R120,21.18,0,0,1,0,0.15,0.15,NORMAL
2026-09-05 02:00:00,R101,19.39,0,0,1,0,0.15,0.15,NORMAL
2026-09-05 02:00:00,R102,19.39,0,0,1,0,0.648,0.648,STANDBY_WASTE
2026-09-05 02:00:00,R103,19.39,0,0,1,0,0.15,0.15,NORMAL
2026-09-05 02:00:00,R104,19.39,0,0,1,0,0.15,0.15,NORMAL
2026-09-05 02:00:00,R105,19.39,0,0,1,0,0.15,0.15,NORMAL
2026-09-05 02:00:00,R106,19.39,0,0,1,0,0.15,0.15,NORMAL
2026-09-05 02:00:00,R107,19.39,0,0,1,0,0.15,0.15,NORMAL
2026-09-05 02:00:00,R108,19.39,0,0,1,0,0.15,0.15,NORMAL
2026-09-05 02:00:00,R109,19.39,0,0,1,0,0.15,0.15,NORMAL
2026-09-05 02:00:00,R110,19.39,0,0,1,0,0.15,0.15,NORMAL
2026-09-05 02:00:00,R111,19.39,0,0,1,0,0.15,0.15,NORMAL
2026-09-05 02:00:00,R112,19.39,0,0,1,0,0.15,0.15,NORMAL
2026-09-05 02:00:00,R113,19.39,0,0,1,0,0.15,0.15,NORMAL
2026-09-05 02:00:00,R114,19.39,0,0,1,0,0.15,0.15,NORMAL
2026-09-05 02:00:00,R115,19.39,0,0,1,0,0.15,0.15,NORMAL
2026-09-05 02:00:00,R116,19.39,0,0,1,0,0.15,0.15,NORMAL
2026-09-05 02:00:00,R117,19.39,0,0,1,0,0.15,0.15,NORMAL
2026-09-05 02:00:00,R118,19.39,0,0,1,0,0.15,0.15,NORMAL
2026-09-05 02:00:00,R119,19.39,0,0,1,0,0.15,0.15,NORMAL
2026-09-05 02:00:00,R120,19.39,0,0,1,0,0.15,0.15,NORMAL
2026-09-05 03:00:00,R101,23.27,1,0,1,0,0.373,0.373,NORMAL
2026-09-05 03:00:00,R102,23.27,0,0,1,0,0.15,0.15,NORMAL
2026-09-05 03:00:00,R103,23.27,0,0,1,0,0.15,0.15,NORMAL
2026-09-05 03:00:00,R104,23.27,0,0,1,0,0.15,0.15,NORMAL
2026-09-05 03:00:00,R105,23.27,0,0,1,0,0.15,0.15,NORMAL
2026-09-05 03:00:00,R106,23.27,0,0,1,0,0.15,0.15,NORMAL
2026-09-05 03:00:00,R107,23.27,0,0,1,0,0.15,0.15,NORMAL
2026-09-05 03:00:00,R108,23.27,0,0,1,0,0.15,0.15,NORMAL
2026-09-05 03:00:00,R109,23.27,0,0,1,0,0.15,0.15,NORMAL
2026-09-05 03:00:00,R110,23.27,0,0,1,0,0.15,0.15,NORMAL
2026-09-05 03:00:00,R111,23.27,0,0,1,0,0.15,0.15,NORMAL
2026-09-05 03:00:00,R112,23.27,0,0,1,0,0.15,0.15,NORMAL
2026-09-05 03:00:00,R113,23.27,0,0,1,0,0.15,0.15,NORMAL
2026-09-05 03:00:00,R114,23.27,0,0,1,0,0.15,0.15,NORMAL
2026-09-05 03:00:00,R115,23.27,0,0,1,0,0.15,0.15,NORMAL
2026-09-05 03:00:00,R116,23.27,0,0,1,0,0.15,0.15,NORMAL
2026-09-05 03:00:00,R117,23.27,0,0,1,0,0.15,0.15,NORMAL
2026-09-05 03:00:00,R118,23.27,0,0,1,0,0.15,0.15,NORMAL
2026-09-05 03:00:00,R119,23.27,1,0,1,0,0.36,0.36,NORMAL
2026-09-05 03:00:00,R120,23.27,0,0,1,0,0.15,0.15,NORMAL
2026-09-05 04:00:00,R101,22.83,0,0,1,0,0.15,0.15,NORMAL
2026-09-05 04:00:00,R102,22.83,1,0,1,0,0.424,0.424,NORMAL
2026-09-05 04:00:00,R103,22.83,0,0,1,0,0.15,0.15,NORMAL
2026-09-05 04:00:00,R104,22.83,0,0,1,0,0.15,0.15,NORMAL
2026-09-05 04:00:00,R105,22.83,0,0,1,0,0.15,0.15,NORMAL
2026-09-05 04:00:00,R106,22.83,0,0,1,0,0.15,0.15,NORMAL
2026-09-05 04:00:00,R107,22.83,0,0,1,0,0.15,0.15,NORMAL
2026-09-05 04:00:00,R108,22.83,0,0,1,0,0.15,0.15,NORMAL
2026-09-05 04:00:00,R109,22.83,0,1,1,0,1.541,1.541,AC_WASTE
2026-09-05 04:00:00,R110,22.83,0,0,1,0,0.15,0.15,NORMAL
2026-09-05 04:00:00,R111,22.83,0,0,1,0,0.15,0.15,NORMAL
2026-09-05 04:00:00,R112,22.83,0,0,1,0,0.15,0.15,NORMAL
2026-09-05 04:00:00,R113,22.83,0,0,1,0,0.15,0.15,NORMAL
2026-09-05 04:00:00,R114,22.83,0,0,1,0,0.15,0.15,NORMAL
2026-09-05 04:00:00,R115,22.83,0,0,1,0,0.15,0.15,NORMAL
2026-09-05 04:00:00,R116,22.83,0,0,1,0,0.15,0.15,NORMAL
2026-09-05 04:00:00,R117,22.83,0,0,1,0,0.15,0.15,NORMAL
2026-09-05 04:00:00,R118,22.83,0,0,1,0,0.15,0.15,NORMAL
2026-09-05 04:00:00,R119,22.83,0,0,1,0,0.15,0.15,NORMAL
2026-09-05 04:00:00,R120,22.83,0,0,1,0,0.15,0.15,NORMAL
2026-09-05 05:00:00,R101,25.06,1,0,1,0,0.437,0.437,NORMAL
2026-09-05 05:00:00,R102,25.06,0,0,1,0,0.15,0.15,NORMAL
2026-09-05 05:00:00,R103,25.06,0,0,1,0,0.15,0.15,NORMAL
2026-09-05 05:00:00,R104,25.06,0,0,1,0,0.15,0.15,NORMAL
2026-09-05 05:00:00,R105,25.06,0,0,1,0,0.15,0.15,NORMAL
2026-09-05 05:00:00,R106,25.06,0,0,1,0,0.15,0.15,NORMAL
2026-09-05 05:00:00,R107,25.06,0,0,1,0,0.15,0.15,NORMAL
2026-09-05 05:00:00,R108,25.06,0,0,1,0,0.601,0.601,STANDBY_WASTE
2026-09-05 05:00:00,R109,25.06,1,0,1,0,0.407,0.407,NORMAL
2026-09-05 05:00:00,R110,25.06,1,0,1,0,0.393,0.393,NORMAL
2026-09-05 05:00:00,R111,25.06,1,0,1,0,0.373,0.373,NORMAL
2026-09-05 05:00:00,R112,25.06,0,0,1,0,0.15,0.15,NORMAL
2026-09-05 05:00:00,R113,25.06,0,0,1,0,0.15,0.15,NORMAL
2026-09-05 05:00:00,R114,25.06,0,0,1,0,0.15,0.15,NORMAL
2026-09-05 05:00:00,R115,25.06,1,0,1,0,0.387,0.387,NORMAL
2026-09-05 05:00:00,R116,25.06,0,0,1,0,0.15,0.15,NORMAL
2026-09-05 05:00:00,R117,25.06,0,0,1,0,0.15,0.15,NORMAL
2026-09-05 05:00:00,R118,25.06,0,0,1,0,0.15,0.15,NORMAL
2026-09-05 05:00:00,R119,25.06,0,0,1,0,0.15,0.15,NORMAL
2026-09-05 05:00:00,R120,25.06,0,0,1,0,0.15,0.15,NORMAL
2026-09-05 06:00:00,R101,26.9,1,0,0,1,0.264,0.264,NORMAL
2026-09-05 06:00:00,R102,26.9,2,0,0,1,0.719,0.719,STANDBY_WASTE
2026-09-05 06:00:00,R103,26.9,0,0,0,1,0.15,0.15,NORMAL
2026-09-05 06:00:00,R104,26.9,0,0,0,1,0.15,0.15,NORMAL
2026-09-05 06:00:00,R105,26.9,1,0,0,1,0.236,0.236,NORMAL
2026-09-05 06:00:00,R106,26.9,1,0,0,1,0.221,0.221,NORMAL
2026-09-05 06:00:00,R107,26.9,1,0,0,1,0.229,0.229,NORMAL
2026-09-05 06:00:00,R108,26.9,0,0,0,1,0.15,0.15,NORMAL
2026-09-05 06:00:00,R109,26.9,1,0,0,1,0.266,0.266,NORMAL
2026-09-05 06:00:00,R110,26.9,0,0,0,1,0.15,0.15,NORMAL
2026-09-05 06:00:00,R111,26.9,0,0,0,1,0.15,0.15,NORMAL
2026-09-05 06:00:00,R112,26.9,1,0,0,1,0.238,0.238,NORMAL
2026-09-05 06:00:00,R113,26.9,1,0,0,1,0.23,0.23,NORMAL
2026-09-05 06:00:00,R114,26.9,0,0,0,1,0.15,0.15,NORMAL
2026-09-05 06:00:00,R115,26.9,1,0,0,1,0.255,0.255,NORMAL
2026-09-05 06:00:00,R116,26.9,1,0,0,1,0.253,0.253,NORMAL
2026-09-05 06:00:00,R117,26.9,2,0,0,1,0.368,0.368,NORMAL
2026-09-05 06:00:00,R118,26.9,2,0,0,1,0.409,0.409,NORMAL
2026-09-05 06:00:00,R119,26.9,2,0,0,1,0.385,0.385,NORMAL
2026-09-05 06:00:00,R120,26.9,1,0,0,1,0.267,0.267,NORMAL
2026-09-05 07:00:00,R101,31.19,2,1,0,1,2.113,2.113,NORMAL
2026-09-05 07:00:00,R102,31.19,1,1,0,1,1.734,1.734,NORMAL
2026-09-05 07:00:00,R103,31.19,1,1,0,1,1.885,1.885,NORMAL
2026-09-05 07:00:00,R104,31.19,0,0,0,1,0.15,0.15,NORMAL
2026-09-05 07:00:00,R105,31.19,1,1,0,1,1.68,1.68,NORMAL
2026-09-05 07:00:00,R106,31.19,0,0,0,1,0.15,0.15,NORMAL
2026-09-05 07:00:00,R107,31.19,1,1,0,1,1.896,1.896,NORMAL
2026-09-05 07:00:00,R108,31.19,0,0,0,1,0.15,0.15,NORMAL
2026-09-05 07:00:00,R109,31.19,2,1,0,1,1.765,1.765,NORMAL
2026-09-05 07:00:00,R110,31.19,0,0,0,1,0.15,0.15,NORMAL
2026-09-05 07:00:00,R111,31.19,2,1,0,1,1.88,1.88,NORMAL
2026-09-05 07:00:00,R112,31.19,2,1,0,1,1.95,1.95,NORMAL
2026-09-05 07:00:00,R113,31.19,2,1,0,1,1.747,1.747,NORMAL
2026-09-05 07:00:00,R114,31.19,1,1,0,1,1.541,1.541,NORMAL
2026-09-05 07:00:00,R115,31.19,1,1,0,1,1.565,1.565,NORMAL
2026-09-05 07:00:00,R116,31.19,1,1,0,1,1.995,1.995,NORMAL
2026-09-05 07:00:00,R117,31.19,0,0,0,1,0.15,0.15,NORMAL
2026-09-05 07:00:00,R118,31.19,1,1,0,1,1.522,1.522,NORMAL
2026-09-05 07:00:00,R119,31.19,2,1,0,1,1.878,1.878,NORMAL
2026-09-05 07:00:00,R120,31.19,1,1,0,1,1.918,1.918,NORMAL
2026-09-05 08:00:00,R101,33.21,2,1,0,1,1.819,1.819,NORMAL
2026-09-05 08:00:00,R102,33.21,2,1,0,1,1.943,1.943,NORMAL
2026-09-05 08:00:00,R103,33.21,2,1,0,1,1.65,1.65,NORMAL
2026-09-05 08:00:00,R104,33.21,1,1,0,1,1.622,1.622,NORMAL
2026-09-05 08:00:00,R105,33.21,2,1,0,1,1.576,1.576,NORMAL
2026-09-05 08:00:00,R106,33.21,2,1,0,1,1.876,1.876,NORMAL
2026-09-05 08:00:00,R107,33.21,0,0,0,1,0.15,0.15,NORMAL
2026-09-05 08:00:00,R108,33.21,2,1,0,1,1.876,1.876,NORMAL
2026-09-05 08:00:00,R109,33.21,1,1,0,1,1.706,1.706,NORMAL
2026-09-05 08:00:00,R110,33.21,2,1,0,1,1.703,1.703,NORMAL
2026-09-05 08:00:00,R111,33.21,1,1,0,1,1.515,1.515,NORMAL
2026-09-05 08:00:00,R112,33.21,2,1,0,1,2.064,2.064,NORMAL
2026-09-05 08:00:00,R113,33.21,2,1,0,1,2.124,2.124,NORMAL
2026-09-05 08:00:00,R114,33.21,0,1,0,1,1.421,1.421,AC_WASTE
2026-09-05 08:00:00,R115,33.21,1,1,0,1,1.673,1.673,NORMAL
2026-09-05 08:00:00,R116,33.21,1,1,0,1,1.485,1.485,NORMAL
2026-09-05 08:00:00,R117,33.21,2,1,0,1,1.654,1.654,NORMAL
2026-09-05 08:00:00,R118,33.21,0,0,0,1,0.15,0.15,NORMAL
2026-09-05 08:00:00,R119,33.21,0,0,0,1,0.15,0.15,NORMAL
2026-09-05 08:00:00,R120,33.21,0,0,0,1,0.15,0.15,NORMAL
2026-09-05 09:00:00,R101,32.37,0,0,0,1,0.15,0.15,NORMAL
2026-09-05 09:00:00,R102,32.37,0,0,0,1,0.15,0.15,NORMAL
2026-09-05 09:00:00,R103,32.37,1,1,0,1,1.675,1.675,NORMAL
2026-09-05 09:00:00,R104,32.37,0,0,0,1,0.15,0.15,NORMAL
2026-09-05 09:00:00,R105,32.37,0,0,0,1,0.15,0.15,NORMAL
2026-09-05 09:00:00,R106,32.37,1,1,0,1,1.816,1.816,NORMAL
2026-09-05 09:00:00,R107,32.37,2,1,0,1,1.664,1.664,NORMAL
2026-09-05 09:00:00,R108,32.37,0,0,0,1,0.15,0.15,NORMAL
2026-09-05 09:00:00,R109,32.37,0,0,0,1,0.15,0.15,NORMAL
2026-09-05 09:00:00,R110,32.37,0,0,0,1,0.15,0.15,NORMAL
2026-09-05 09:00:00,R111,32.37,0,0,0,1,0.15,0.15,NORMAL
2026-09-05 09:00:00,R112,32.37,0,0,0,1,0.15,0.15,NORMAL
2026-09-05 09:00:00,R113,32.37,1,1,0,1,1.831,1.831,NORMAL
2026-09-05 09:00:00,R114,32.37,2,1,0,1,1.501,1.501,NORMAL
2026-09-05 09:00:00,R115,32.37,1,1,0,1,1.869,1.869,NORMAL
2026-09-05 09:00:00,R116,32.37,0,0,0,1,0.15,0.15,NORMAL
2026-09-05 09:00:00,R117,32.37,0,0,0,1,0.15,0.15,NORMAL
2026-09-05 09:00:00,R118,32.37,2,1,0,1,2.158,2.158,NORMAL
2026-09-05 09:00:00,R119,32.37,0,0,0,1,0.15,0.15,NORMAL
2026-09-05 09:00:00,R120,32.37,0,1,0,1,1.598,1.598,AC_WASTE
2026-09-05 10:00:00,R101,33.57,0,0,0,1,0.15,0.15,NORMAL
2026-09-05 10:00:00,R102,33.57,1,1,0,1,1.617,1.617,NORMAL
2026-09-05 10:00:00,R103,33.57,0,0,0,1,0.15,0.15,NORMAL
2026-09-05 10:00:00,R104,33.57,0,0,0,1,0.15,0.15,NORMAL
2026-09-05 10:00:00,R105,33.57,0,0,0,1,0.15,0.15,NORMAL
2026-09-05 10:00:00,R106,33.57,1,1,0,1,1.872,1.872,NORMAL
2026-09-05 10:00:00,R107,33.57,0,0,0,1,0.15,0.15,NORMAL
2026-09-05 10:00:00,R108,33.57,0,0,0,1,0.15,0.15,NORMAL
2026-09-05 10:00:00,R109,33.57,0,0,0,1,0.15,0.15,NORMAL
2026-09-05 10:00:00,R110,33.57,1,1,0,1,1.948,1.948,NORMAL
2026-09-05 10:00:00,R111,33.57,1,1,0,1,1.663,1.663,NORMAL
2026-09-05 10:00:00,R112,33.57,0,0,0,1,0.15,0.15,NORMAL
2026-09-05 10:00:00,R113,33.57,0,0,0,1,0.15,0.15,NORMAL
2026-09-05 10:00:00,R114,33.57,0,0,0,1,0.15,0.15,NORMAL
2026-09-05 10:00:00,R115,33.57,0,0,0,1,0.15,0.15,NORMAL
2026-09-05 10:00:00,R116,33.57,1,1,0,1,1.745,1.745,NORMAL
2026-09-05 10:00:00,R117,33.57,0,0,0,1,0.15,0.15,NORMAL
2026-09-05 10:00:00,R118,33.57,0,0,0,1,0.15,0.15,NORMAL
2026-09-05 10:00:00,R119,33.57,1,1,0,1,1.51,1.51,NORMAL
2026-09-05 10:00:00,R120,33.57,0,0,0,1,0.15,0.15,NORMAL
2026-09-05 11:00:00,R101,35.43,1,1,0,1,1.579,1.579,NORMAL
2026-09-05 11:00:00,R102,35.43,1,1,0,1,2.336,2.336,STANDBY_WASTE
2026-09-05 11:00:00,R103,35.43,2,1,0,1,2.003,2.003,NORMAL
2026-09-05 11:00:00,R104,35.43,0,0,0,1,0.15,0.15,NORMAL
2026-09-05 11:00:00,R105,35.43,1,1,0,1,1.932,1.932,NORMAL
2026-09-05 11:00:00,R106,35.43,1,1,0,1,1.614,1.614,NORMAL
2026-09-05 11:00:00,R107,35.43,2,1,0,1,2.067,2.067,NORMAL
2026-09-05 11:00:00,R108,35.43,2,1,0,1,1.512,1.512,NORMAL
2026-09-05 11:00:00,R109,35.43,0,0,0,1,0.15,0.15,NORMAL
2026-09-05 11:00:00,R110,35.43,0,0,0,1,0.15,0.15,NORMAL
2026-09-05 11:00:00,R111,35.43,1,1,0,1,1.639,1.639,NORMAL
2026-09-05 11:00:00,R112,35.43,0,0,0,1,0.15,0.15,NORMAL
2026-09-05 11:00:00,R113,35.43,1,1,0,1,1.926,1.926,NORMAL
2026-09-05 11:00:00,R114,35.43,1,1,0,1,1.683,1.683,NORMAL
2026-09-05 11:00:00,R115,35.43,0,0,0,1,0.15,0.15,NORMAL
2026-09-05 11:00:00,R116,35.43,1,1,0,1,1.548,1.548,NORMAL
2026-09-05 11:00:00,R117,35.43,0,0,0,1,0.15,0.15,NORMAL
2026-09-05 11:00:00,R118,35.43,0,0,0,1,0.15,0.15,NORMAL
2026-09-05 11:00:00,R119,35.43,1,1,0,1,1.701,1.701,NORMAL
2026-09-05 11:00:00,R120,35.43,0,0,0,1,0.15,0.15,NORMAL
2026-09-05 12:00:00,R101,34.17,1,1,0,1,1.982,1.982,NORMAL
2026-09-05 12:00:00,R102,34.17,0,0,0,1,0.15,0.15,NORMAL
2026-09-05 12:00:00,R103,34.17,0,1,0,1,1.704,1.704,AC_WASTE
2026-09-05 12:00:00,R104,34.17,0,0,0,1,0.15,0.15,NORMAL
2026-09-05 12:00:00,R105,34.17,0,0,0,1,0.15,0.15,NORMAL
2026-09-05 12:00:00,R106,34.17,0,0,0,1,0.15,0.15,NORMAL
2026-09-05 12:00:00,R107,34.17,1,1,0,1,1.559,1.559,NORMAL
2026-09-05 12:00:00,R108,34.17,2,1,0,1,1.898,1.898,NORMAL
2026-09-05 12:00:00,R109,34.17,1,1,0,1,1.618,1.618,NORMAL
2026-09-05 12:00:00,R110,34.17,1,1,0,1,1.709,1.709,NORMAL
2026-09-05 12:00:00,R111,34.17,0,0,0,1,0.15,0.15,NORMAL
2026-09-05 12:00:00,R112,34.17,1,1,0,1,1.96,1.96,NORMAL
2026-09-05 12:00:00,R113,34.17,0,0,0,1,0.15,0.15,NORMAL
2026-09-05 12:00:00,R114,34.17,0,0,0,1,0.15,0.15,NORMAL
2026-09-05 12:00:00,R115,34.17,1,1,0,1,1.664,1.664,NORMAL
2026-09-05 12:00:00,R116,34.17,0,0,0,1,0.15,0.15,NORMAL
2026-09-05 12:00:00,R117,34.17,0,0,0,1,0.15,0.15,NORMAL
2026-09-05 12:00:00,R118,34.17,0,0,0,1,0.15,0.15,NORMAL
2026-09-05 12:00:00,R119,34.17,0,0,0,1,0.15,0.15,NORMAL
2026-09-05 12:00:00,R120,34.17,0,0,0,1,0.15,0.15,NORMAL
2026-09-05 13:00:00,R101,33.65,0,0,0,1,0.15,0.15,NORMAL
2026-09-05 13:00:00,R102,33.65,0,0,0,1,0.15,0.15,NORMAL
2026-09-05 13:00:00,R103,33.65,0,0,0,1,0.15,0.15,NORMAL
2026-09-05 13:00:00,R104,33.65,2,1,0,1,2.009,2.009,NORMAL
2026-09-05 13:00:00,R105,33.65,0,0,0,1,0.15,0.15,NORMAL
2026-09-05 13:00:00,R106,33.65,0,0,0,1,0.15,0.15,NORMAL
2026-09-05 13:00:00,R107,33.65,1,1,0,1,1.888,1.888,NORMAL
2026-09-05 13:00:00,R108,33.65,0,0,0,1,0.15,0.15,NORMAL
2026-09-05 13:00:00,R109,33.65,0,0,0,1,0.15,0.15,NORMAL
2026-09-05 13:00:00,R110,33.65,2,1,0,1,1.743,1.743,NORMAL
2026-09-05 13:00:00,R111,33.65,1,1,0,1,1.651,1.651,NORMAL
2026-09-05 13:00:00,R112,33.65,0,0,0,1,0.15,0.15,NORMAL
2026-09-05 13:00:00,R113,33.65,1,1,0,1,1.943,1.943,NORMAL
2026-09-05 13:00:00,R114,33.65,0,0,0,1,0.15,0.15,NORMAL
2026-09-05 13:00:00,R115,33.65,0,0,0,1,0.15,0.15,NORMAL
2026-09-05 13:00:00,R116,33.65,1,1,0,1,1.603,1.603,NORMAL
2026-09-05 13:00:00,R117,33.65,1,1,0,1,1.726,1.726,NORMAL
2026-09-05 13:00:00,R118,33.65,0,0,0,1,0.15,0.15,NORMAL
2026-09-05 13:00:00,R119,33.65,0,0,0,1,0.15,0.15,NORMAL
2026-09-05 13:00:00,R120,33.65,0,0,0,1,0.15,0.15,NORMAL
2026-09-05 14:00:00,R101,32.97,2,1,0,1,1.541,1.541,NORMAL
2026-09-05 14:00:00,R102,32.97,1,1,0,1,1.637,1.637,NORMAL
2026-09-05 14:00:00,R103,32.97,0,0,0,1,0.15,0.15,NORMAL
2026-09-05 14:00:00,R104,32.97,2,1,0,1,1.576,1.576,NORMAL
2026-09-05 14:00:00,R105,32.97,0,0,0,1,0.15,0.15,NORMAL
2026-09-05 14:00:00,R106,32.97,0,0,0,1,0.15,0.15,NORMAL
2026-09-05 14:00:00,R107,32.97,1,1,0,1,2.026,2.026,NORMAL
2026-09-05 14:00:00,R108,32.97,2,1,0,1,1.738,1.738,NORMAL
2026-09-05 14:00:00,R109,32.97,0,0,0,1,0.15,0.15,NORMAL
2026-09-05 14:00:00,R110,32.97,0,0,0,1,0.15,0.15,NORMAL
2026-09-05 14:00:00,R111,32.97,0,1,0,1,1.648,1.648,AC_WASTE
2026-09-05 14:00:00,R112,32.97,0,0,0,1,0.15,0.15,NORMAL
2026-09-05 14:00:00,R113,32.97,0,0,0,1,0.15,0.15,NORMAL
2026-09-05 14:00:00,R114,32.97,1,1,0,1,1.495,1.495,NORMAL
2026-09-05 14:00:00,R115,32.97,0,0,0,1,0.15,0.15,NORMAL
2026-09-05 14:00:00,R116,32.97,0,0,0,1,0.15,0.15,NORMAL
2026-09-05 14:00:00,R117,32.97,0,0,0,1,0.15,0.15,NORMAL
2026-09-05 14:00:00,R118,32.97,1,1,0,1,1.85,1.85,NORMAL
2026-09-05 14:00:00,R119,32.97,0,1,0,1,1.37,1.37,AC_WASTE
2026-09-05 14:00:00,R120,32.97,0,0,0,1,0.15,0.15,NORMAL
2026-09-05 15:00:00,R101,32.29,2,1,0,1,1.852,1.852,NORMAL
2026-09-05 15:00:00,R102,32.29,1,1,0,1,1.84,1.84,NORMAL
2026-09-05 15:00:00,R103,32.29,2,1,0,1,2.045,2.045,NORMAL
2026-09-05 15:00:00,R104,32.29,0,0,0,1,0.15,0.15,NORMAL
2026-09-05 15:00:00,R105,32.29,1,1,0,1,1.723,1.723,NORMAL
2026-09-05 15:00:00,R106,32.29,1,1,0,1,1.913,1.913,NORMAL
2026-09-05 15:00:00,R107,32.29,0,0,0,1,0.15,0.15,NORMAL
2026-09-05 15:00:00,R108,32.29,0,0,0,1,0.15,0.15,NORMAL
2026-09-05 15:00:00,R109,32.29,1,1,0,1,1.83,1.83,NORMAL
2026-09-05 15:00:00,R110,32.29,0,0,0,1,0.15,0.15,NORMAL
2026-09-05 15:00:00,R111,32.29,0,0,0,1,0.15,0.15,NORMAL
2026-09-05 15:00:00,R112,32.29,0,0,0,1,0.15,0.15,NORMAL
2026-09-05 15:00:00,R113,32.29,2,1,0,1,1.713,1.713,NORMAL
2026-09-05 15:00:00,R114,32.29,0,0,0,1,0.15,0.15,NORMAL
2026-09-05 15:00:00,R115,32.29,0,0,0,1,0.15,0.15,NORMAL
2026-09-05 15:00:00,R116,32.29,1,1,0,1,1.938,1.938,NORMAL
2026-09-05 15:00:00,R117,32.29,0,0,0,1,0.15,0.15,NORMAL
2026-09-05 15:00:00,R118,32.29,0,0,0,1,0.15,0.15,NORMAL
2026-09-05 15:00:00,R119,32.29,0,0,0,1,0.15,0.15,NORMAL
2026-09-05 15:00:00,R120,32.29,0,0,0,1,0.15,0.15,NORMAL
2026-09-05 16:00:00,R101,28.11,1,0,0,1,0.264,0.264,NORMAL
2026-09-05 16:00:00,R102,28.11,1,0,0,1,0.264,0.264,NORMAL
2026-09-05 16:00:00,R103,28.11,1,0,0,1,0.238,0.238,NORMAL
2026-09-05 16:00:00,R104,28.11,0,0,0,1,0.15,0.15,NORMAL
2026-09-05 16:00:00,R105,28.11,0,0,0,1,0.15,0.15,NORMAL
2026-09-05 16:00:00,R106,28.11,0,0,0,1,0.15,0.15,NORMAL
2026-09-05 16:00:00,R107,28.11,0,0,0,1,0.15,0.15,NORMAL
2026-09-05 16:00:00,R108,28.11,0,0,0,1,0.15,0.15,NORMAL
2026-09-05 16:00:00,R109,28.11,1,0,0,1,0.234,0.234,NORMAL
2026-09-05 16:00:00,R110,28.11,0,0,0,1,0.15,0.15,NORMAL
2026-09-05 16:00:00,R111,28.11,0,0,0,1,0.15,0.15,NORMAL
2026-09-05 16:00:00,R112,28.11,0,0,0,1,0.15,0.15,NORMAL
2026-09-05 16:00:00,R113,28.11,1,0,0,1,0.204,0.204,NORMAL
2026-09-05 16:00:00,R114,28.11,1,0,0,1,0.248,0.248,NORMAL
2026-09-05 16:00:00,R115,28.11,0,0,0,1,0.15,0.15,NORMAL
2026-09-05 16:00:00,R116,28.11,2,0,0,1,0.335,0.335,NORMAL
2026-09-05 16:00:00,R117,28.11,0,0,0,1,0.15,0.15,NORMAL
2026-09-05 16:00:00,R118,28.11,1,0,0,1,0.211,0.211,NORMAL
2026-09-05 16:00:00,R119,28.11,0,0,0,1,0.15,0.15,NORMAL
2026-09-05 16:00:00,R120,28.11,2,0,0,1,0.301,0.301,NORMAL
2026-09-05 17:00:00,R101,29.99,1,1,0,1,1.838,1.838,NORMAL
2026-09-05 17:00:00,R102,29.99,1,1,0,1,1.456,1.456,NORMAL
2026-09-05 17:00:00,R103,29.99,2,1,0,1,1.631,1.631,NORMAL
2026-09-05 17:00:00,R104,29.99,2,1,0,1,1.993,1.993,NORMAL
2026-09-05 17:00:00,R105,29.99,1,1,0,1,1.706,1.706,NORMAL
2026-09-05 17:00:00,R106,29.99,2,1,0,1,1.807,1.807,NORMAL
2026-09-05 17:00:00,R107,29.99,2,1,0,1,2.052,2.052,NORMAL
2026-09-05 17:00:00,R108,29.99,1,1,0,1,1.674,1.674,NORMAL
2026-09-05 17:00:00,R109,29.99,1,1,0,1,2.011,2.011,NORMAL
2026-09-05 17:00:00,R110,29.99,0,0,0,1,0.15,0.15,NORMAL
2026-09-05 17:00:00,R111,29.99,1,1,0,1,1.952,1.952,NORMAL
2026-09-05 17:00:00,R112,29.99,1,1,0,1,1.825,1.825,NORMAL
2026-09-05 17:00:00,R113,29.99,1,1,0,1,1.589,1.589,NORMAL
2026-09-05 17:00:00,R114,29.99,2,1,0,1,2.122,2.122,NORMAL
2026-09-05 17:00:00,R115,29.99,1,1,0,1,1.746,1.746,NORMAL
2026-09-05 17:00:00,R116,29.99,2,1,0,1,2.077,2.077,NORMAL
2026-09-05 17:00:00,R117,29.99,1,1,0,1,2.019,2.019,NORMAL
2026-09-05 17:00:00,R118,29.99,2,1,0,1,1.746,1.746,NORMAL
2026-09-05 17:00:00,R119,29.99,2,1,0,1,1.914,1.914,NORMAL
2026-09-05 17:00:00,R120,29.99,2,1,0,1,1.733,1.733,NORMAL
2026-09-05 18:00:00,R101,26.11,1,0,1,1,0.37,0.37,NORMAL
2026-09-05 18:00:00,R102,26.11,1,0,1,1,0.346,0.346,NORMAL
2026-09-05 18:00:00,R103,26.11,2,0,1,1,0.534,0.534,NORMAL
2026-09-05 18:00:00,R104,26.11,2,0,1,1,0.496,0.496,NORMAL
2026-09-05 18:00:00,R105,26.11,2,0,1,1,0.405,0.405,NORMAL
2026-09-05 18:00:00,R106,26.11,2,0,1,1,0.349,0.349,NORMAL
2026-09-05 18:00:00,R107,26.11,0,1,1,1,1.515,1.515,AC_WASTE
2026-09-05 18:00:00,R108,26.11,1,0,1,1,0.361,0.361,NORMAL
2026-09-05 18:00:00,R109,26.11,2,0,1,1,0.521,0.521,NORMAL
2026-09-05 18:00:00,R110,26.11,0,0,1,1,0.15,0.15,NORMAL
2026-09-05 18:00:00,R111,26.11,2,0,1,1,0.489,0.489,NORMAL
2026-09-05 18:00:00,R112,26.11,1,0,1,1,0.438,0.438,NORMAL
2026-09-05 18:00:00,R113,26.11,2,0,1,1,0.439,0.439,NORMAL
2026-09-05 18:00:00,R114,26.11,1,0,1,1,0.483,0.483,NORMAL
2026-09-05 18:00:00,R115,26.11,0,0,1,1,0.15,0.15,NORMAL
2026-09-05 18:00:00,R116,26.11,2,0,1,1,0.457,0.457,NORMAL
2026-09-05 18:00:00,R117,26.11,1,0,1,1,0.402,0.402,NORMAL
2026-09-05 18:00:00,R118,26.11,2,0,1,1,0.523,0.523,NORMAL
2026-09-05 18:00:00,R119,26.11,2,0,1,1,0.531,0.531,NORMAL
2026-09-05 18:00:00,R120,26.11,1,0,1,1,0.409,0.409,NORMAL
2026-09-05 19:00:00,R101,27.26,2,0,1,1,0.513,0.513,NORMAL
2026-09-05 19:00:00,R102,27.26,1,0,1,1,0.335,0.335,NORMAL
2026-09-05 19:00:00,R103,27.26,1,0,1,1,0.394,0.394,NORMAL
2026-09-05 19:00:00,R104,27.26,1,0,1,1,0.386,0.386,NORMAL
2026-09-05 19:00:00,R105,27.26,2,0,1,1,0.568,0.568,NORMAL
2026-09-05 19:00:00,R106,27.26,1,0,1,1,0.326,0.326,NORMAL
2026-09-05 19:00:00,R107,27.26,2,0,1,1,0.52,0.52,NORMAL
2026-09-05 19:00:00,R108,27.26,1,0,1,1,0.291,0.291,NORMAL
2026-09-05 19:00:00,R109,27.26,2,0,1,1,0.51,0.51,NORMAL
2026-09-05 19:00:00,R110,27.26,2,0,1,1,0.423,0.423,NORMAL
2026-09-05 19:00:00,R111,27.26,1,0,1,1,0.443,0.443,NORMAL
2026-09-05 19:00:00,R112,27.26,2,0,1,1,0.463,0.463,NORMAL
2026-09-05 19:00:00,R113,27.26,2,0,1,1,0.54,0.54,NORMAL
2026-09-05 19:00:00,R114,27.26,2,0,1,1,0.42,0.42,NORMAL
2026-09-05 19:00:00,R115,27.26,2,0,1,1,0.485,0.485,NORMAL
2026-09-05 19:00:00,R116,27.26,1,0,1,1,0.43,0.43,NORMAL
2026-09-05 19:00:00,R117,27.26,2,0,1,1,0.418,0.418,NORMAL
2026-09-05 19:00:00,R118,27.26,1,0,1,1,0.401,0.401,NORMAL
2026-09-05 19:00:00,R119,27.26,1,0,1,1,0.405,0.405,NORMAL
2026-09-05 19:00:00,R120,27.26,2,0,1,1,0.459,0.459,NORMAL
2026-09-05 20:00:00,R101,23.7,0,0,1,1,0.15,0.15,NORMAL
2026-09-05 20:00:00,R102,23.7,2,0,1,1,0.579,0.579,NORMAL
2026-09-05 20:00:00,R103,23.7,2,0,1,1,0.37,0.37,NORMAL
2026-09-05 20:00:00,R104,23.7,1,0,1,1,0.451,0.451,NORMAL
2026-09-05 20:00:00,R105,23.7,1,0,1,1,0.332,0.332,NORMAL
2026-09-05 20:00:00,R106,23.7,2,0,1,1,0.541,0.541,NORMAL
2026-09-05 20:00:00,R107,23.7,0,0,1,1,0.15,0.15,NORMAL
2026-09-05 20:00:00,R108,23.7,1,0,1,1,0.404,0.404,NORMAL
2026-09-05 20:00:00,R109,23.7,0,0,1,1,0.15,0.15,NORMAL
2026-09-05 20:00:00,R110,23.7,1,0,1,1,0.432,0.432,NORMAL
2026-09-05 20:00:00,R111,23.7,1,0,1,1,0.441,0.441,NORMAL
2026-09-05 20:00:00,R112,23.7,0,1,1,1,1.53,1.53,AC_WASTE
2026-09-05 20:00:00,R113,23.7,1,0,1,1,0.351,0.351,NORMAL
2026-09-05 20:00:00,R114,23.7,1,0,1,1,0.341,0.341,NORMAL
2026-09-05 20:00:00,R115,23.7,1,0,1,1,0.357,0.357,NORMAL
2026-09-05 20:00:00,R116,23.7,1,0,1,1,0.343,0.343,NORMAL
2026-09-05 20:00:00,R117,23.7,1,0,1,1,0.435,0.435,NORMAL
2026-09-05 20:00:00,R118,23.7,1,0,1,1,0.472,0.472,NORMAL
2026-09-05 20:00:00,R119,23.7,1,0,1,1,0.462,0.462,NORMAL
2026-09-05 20:00:00,R120,23.7,1,0,1,1,0.345,0.345,NORMAL
2026-09-05 21:00:00,R101,22.26,0,0,1,1,0.15,0.15,NORMAL
2026-09-05 21:00:00,R102,22.26,1,0,1,1,0.346,0.346,NORMAL
2026-09-05 21:00:00,R103,22.26,2,0,1,1,0.481,0.481,NORMAL
2026-09-05 21:00:00,R104,22.26,2,0,1,1,0.385,0.385,NORMAL
2026-09-05 21:00:00,R105,22.26,1,0,1,1,0.451,0.451,NORMAL
2026-09-05 21:00:00,R106,22.26,0,0,1,1,0.15,0.15,NORMAL
2026-09-05 21:00:00,R107,22.26,2,0,1,1,0.63,0.63,NORMAL
2026-09-05 21:00:00,R108,22.26,1,0,1,1,0.405,0.405,NORMAL
2026-09-05 21:00:00,R109,22.26,2,0,1,1,0.624,0.624,NORMAL
2026-09-05 21:00:00,R110,22.26,1,0,1,1,0.323,0.323,NORMAL
2026-09-05 21:00:00,R111,22.26,2,0,1,1,0.406,0.406,NORMAL
2026-09-05 21:00:00,R112,22.26,1,0,1,1,0.345,0.345,NORMAL
2026-09-05 21:00:00,R113,22.26,2,0,1,1,0.485,0.485,NORMAL
2026-09-05 21:00:00,R114,22.26,1,0,1,1,0.416,0.416,NORMAL
2026-09-05 21:00:00,R115,22.26,1,0,1,1,0.344,0.344,NORMAL
2026-09-05 21:00:00,R116,22.26,1,0,1,1,0.399,0.399,NORMAL
2026-09-05 21:00:00,R117,22.26,2,0,1,1,0.447,0.447,NORMAL
2026-09-05 21:00:00,R118,22.26,1,0,1,1,0.38,0.38,NORMAL
2026-09-05 21:00:00,R119,22.26,0,0,1,1,0.15,0.15,NORMAL
2026-09-05 21:00:00,R120,22.26,0,0,1,1,0.15,0.15,NORMAL
2026-09-05 22:00:00,R101,21.6,1,0,1,1,0.396,0.396,NORMAL
2026-09-05 22:00:00,R102,21.6,1,0,1,1,0.337,0.337,NORMAL
2026-09-05 22:00:00,R103,21.6,1,0,1,1,0.307,0.307,NORMAL
2026-09-05 22:00:00,R104,21.6,2,0,1,1,0.533,0.533,NORMAL
2026-09-05 22:00:00,R105,21.6,2,0,1,1,0.451,0.451,NORMAL
2026-09-05 22:00:00,R106,21.6,1,0,1,1,0.387,0.387,NORMAL
2026-09-05 22:00:00,R107,21.6,1,0,1,1,0.383,0.383,NORMAL
2026-09-05 22:00:00,R108,21.6,2,0,1,1,0.399,0.399,NORMAL
2026-09-05 22:00:00,R109,21.6,1,0,1,1,0.392,0.392,NORMAL
2026-09-05 22:00:00,R110,21.6,1,0,1,1,0.368,0.368,NORMAL
2026-09-05 22:00:00,R111,21.6,2,0,1,1,0.463,0.463,NORMAL
2026-09-05 22:00:00,R112,21.6,2,0,1,1,0.417,0.417,NORMAL
2026-09-05 22:00:00,R113,21.6,1,0,1,1,0.375,0.375,NORMAL
2026-09-05 22:00:00,R114,21.6,1,0,1,1,0.36,0.36,NORMAL
2026-09-05 22:00:00,R115,21.6,2,0,1,1,0.586,0.586,NORMAL
2026-09-05 22:00:00,R116,21.6,2,0,1,1,0.463,0.463,NORMAL
2026-09-05 22:00:00,R117,21.6,2,0,1,1,0.571,0.571,NORMAL
2026-09-05 22:00:00,R118,21.6,1,0,1,1,0.34,0.34,NORMAL
2026-09-05 22:00:00,R119,21.6,1,0,1,1,0.379,0.379,NORMAL
2026-09-05 22:00:00,R120,21.6,1,0,1,1,0.369,0.369,NORMAL
2026-09-05 23:00:00,R101,18.67,0,0,1,0,0.15,0.15,NORMAL
2026-09-05 23:00:00,R102,18.67,0,0,1,0,0.15,0.15,NORMAL
2026-09-05 23:00:00,R103,18.67,0,0,1,0,0.15,0.15,NORMAL
2026-09-05 23:00:00,R104,18.67,0,0,1,0,0.15,0.15,NORMAL
2026-09-05 23:00:00,R105,18.67,0,0,1,0,0.15,0.15,NORMAL
2026-09-05 23:00:00,R106,18.67,0,0,1,0,0.15,0.15,NORMAL
2026-09-05 23:00:00,R107,18.67,0,0,1,0,0.15,0.15,NORMAL
2026-09-05 23:00:00,R108,18.67,0,0,1,0,0.15,0.15,NORMAL
2026-09-05 23:00:00,R109,18.67,0,0,1,0,0.15,0.15,NORMAL
2026-09-05 23:00:00,R110,18.67,0,0,1,0,0.15,0.15,NORMAL
2026-09-05 23:00:00,R111,18.67,0,0,1,0,0.15,0.15,NORMAL
2026-09-05 23:00:00,R112,18.67,0,0,1,0,0.15,0.15,NORMAL
2026-09-05 23:00:00,R113,18.67,0,0,1,0,0.15,0.15,NORMAL
2026-09-05 23:00:00,R114,18.67,0,0,1,0,0.15,0.15,NORMAL
2026-09-05 23:00:00,R115,18.67,1,0,1,0,0.339,0.339,NORMAL
2026-09-05 23:00:00,R116,18.67,0,0,1,0,0.15,0.15,NORMAL
2026-09-05 23:00:00,R117,18.67,0,0,1,0,0.15,0.15,NORMAL
2026-09-05 23:00:00,R118,18.67,0,0,1,0,0.15,0.15,NORMAL
2026-09-05 23:00:00,R119,18.67,1,0,1,0,0.372,0.372,NORMAL
2026-09-05 23:00:00,R120,18.67,0,0,1,0,0.15,0.15,NORMAL
2026-09-06 00:00:00,R101,21.06,0,0,1,0,0.15,0.15,NORMAL
2026-09-06 00:00:00,R102,21.06,0,1,1,0,1.525,1.525,AC_WASTE
2026-09-06 00:00:00,R103,21.06,0,0,1,0,0.15,0.15,NORMAL
2026-09-06 00:00:00,R104,21.06,1,0,1,0,0.334,0.334,NORMAL
2026-09-06 00:00:00,R105,21.06,0,0,1,0,0.15,0.15,NORMAL
2026-09-06 00:00:00,R106,21.06,0,0,1,0,0.15,0.15,NORMAL
2026-09-06 00:00:00,R107,21.06,0,0,1,0,0.15,0.15,NORMAL
2026-09-06 00:00:00,R108,21.06,1,0,1,0,0.399,0.399,NORMAL
2026-09-06 00:00:00,R109,21.06,0,0,1,0,0.15,0.15,NORMAL
2026-09-06 00:00:00,R110,21.06,0,0,1,0,0.15,0.15,NORMAL
2026-09-06 00:00:00,R111,21.06,0,0,1,0,0.15,0.15,NORMAL
2026-09-06 00:00:00,R112,21.06,0,1,1,0,1.316,1.316,AC_WASTE
2026-09-06 00:00:00,R113,21.06,1,0,1,0,0.389,0.389,NORMAL
2026-09-06 00:00:00,R114,21.06,0,0,1,0,0.15,0.15,NORMAL
2026-09-06 00:00:00,R115,21.06,0,0,1,0,0.15,0.15,NORMAL
2026-09-06 00:00:00,R116,21.06,0,0,1,0,0.15,0.15,NORMAL
2026-09-06 00:00:00,R117,21.06,0,0,1,0,0.15,0.15,NORMAL
2026-09-06 00:00:00,R118,21.06,0,0,1,0,0.15,0.15,NORMAL
2026-09-06 00:00:00,R119,21.06,1,0,1,0,0.482,0.482,NORMAL
2026-09-06 00:00:00,R120,21.06,0,0,1,0,0.15,0.15,NORMAL
2026-09-06 01:00:00,R101,19.49,0,0,1,0,0.15,0.15,NORMAL
2026-09-06 01:00:00,R102,19.49,0,0,1,0,0.15,0.15,NORMAL
2026-09-06 01:00:00,R103,19.49,0,0,1,0,0.15,0.15,NORMAL
2026-09-06 01:00:00,R104,19.49,0,0,1,0,0.15,0.15,NORMAL
2026-09-06 01:00:00,R105,19.49,0,0,1,0,0.15,0.15,NORMAL
2026-09-06 01:00:00,R106,19.49,0,0,1,0,0.15,0.15,NORMAL
2026-09-06 01:00:00,R107,19.49,0,0,1,0,0.15,0.15,NORMAL
2026-09-06 01:00:00,R108,19.49,0,1,1,0,1.432,1.432,AC_WASTE
2026-09-06 01:00:00,R109,19.49,0,0,1,0,0.15,0.15,NORMAL
2026-09-06 01:00:00,R110,19.49,0,0,1,0,0.15,0.15,NORMAL
2026-09-06 01:00:00,R111,19.49,0,0,1,0,0.15,0.15,NORMAL
2026-09-06 01:00:00,R112,19.49,0,0,1,0,0.15,0.15,NORMAL
2026-09-06 01:00:00,R113,19.49,0,0,1,0,0.15,0.15,NORMAL
2026-09-06 01:00:00,R114,19.49,0,0,1,0,0.15,0.15,NORMAL
2026-09-06 01:00:00,R115,19.49,0,0,1,0,0.15,0.15,NORMAL
2026-09-06 01:00:00,R116,19.49,0,0,1,0,0.15,0.15,NORMAL
2026-09-06 01:00:00,R117,19.49,0,0,1,0,0.15,0.15,NORMAL
2026-09-06 01:00:00,R118,19.49,0,0,1,0,0.15,0.15,NORMAL
2026-09-06 01:00:00,R119,19.49,0,0,1,0,0.15,0.15,NORMAL
2026-09-06 01:00:00,R120,19.49,0,0,1,0,0.15,0.15,NORMAL
2026-09-06 02:00:00,R101,21.41,0,0,1,0,0.15,0.15,NORMAL
2026-09-06 02:00:00,R102,21.41,0,0,1,0,0.15,0.15,NORMAL
2026-09-06 02:00:00,R103,21.41,0,0,1,0,0.15,0.15,NORMAL
2026-09-06 02:00:00,R104,21.41,1,0,1,0,0.386,0.386,NORMAL
2026-09-06 02:00:00,R105,21.41,1,0,1,0,0.383,0.383,NORMAL
2026-09-06 02:00:00,R106,21.41,1,0,1,0,0.344,0.344,NORMAL
2026-09-06 02:00:00,R107,21.41,0,0,1,0,0.15,0.15,NORMAL
2026-09-06 02:00:00,R108,21.41,0,0,1,0,0.15,0.15,NORMAL
2026-09-06 02:00:00,R109,21.41,0,1,1,0,1.514,1.514,AC_WASTE
2026-09-06 02:00:00,R110,21.41,0,0,1,0,0.15,0.15,NORMAL
2026-09-06 02:00:00,R111,21.41,0,0,1,0,0.15,0.15,NORMAL
2026-09-06 02:00:00,R112,21.41,0,0,1,0,0.15,0.15,NORMAL
2026-09-06 02:00:00,R113,21.41,0,0,1,0,0.15,0.15,NORMAL
2026-09-06 02:00:00,R114,21.41,0,0,1,0,0.15,0.15,NORMAL
2026-09-06 02:00:00,R115,21.41,0,0,1,0,0.15,0.15,NORMAL
2026-09-06 02:00:00,R116,21.41,0,0,1,0,0.15,0.15,NORMAL
2026-09-06 02:00:00,R117,21.41,0,0,1,0,0.15,0.15,NORMAL
2026-09-06 02:00:00,R118,21.41,0,0,1,0,0.15,0.15,NORMAL
2026-09-06 02:00:00,R119,21.41,0,0,1,0,0.15,0.15,NORMAL
2026-09-06 02:00:00,R120,21.41,0,0,1,0,0.15,0.15,NORMAL
2026-09-06 03:00:00,R101,21.04,0,0,1,0,0.15,0.15,NORMAL
2026-09-06 03:00:00,R102,21.04,0,0,1,0,0.15,0.15,NORMAL
2026-09-06 03:00:00,R103,21.04,1,0,1,0,0.297,0.297,NORMAL
2026-09-06 03:00:00,R104,21.04,1,0,1,0,0.352,0.352,NORMAL
2026-09-06 03:00:00,R105,21.04,0,0,1,0,0.15,0.15,NORMAL
2026-09-06 03:00:00,R106,21.04,0,0,1,0,0.15,0.15,NORMAL
2026-09-06 03:00:00,R107,21.04,0,0,1,0,0.15,0.15,NORMAL
2026-09-06 03:00:00,R108,21.04,0,0,1,0,0.15,0.15,NORMAL
2026-09-06 03:00:00,R109,21.04,1,0,1,0,0.47,0.47,NORMAL
2026-09-06 03:00:00,R110,21.04,0,0,1,0,0.15,0.15,NORMAL
2026-09-06 03:00:00,R111,21.04,0,0,1,0,0.15,0.15,NORMAL
2026-09-06 03:00:00,R112,21.04,0,0,1,0,0.15,0.15,NORMAL
2026-09-06 03:00:00,R113,21.04,0,0,1,0,0.15,0.15,NORMAL
2026-09-06 03:00:00,R114,21.04,0,0,1,0,0.15,0.15,NORMAL
2026-09-06 03:00:00,R115,21.04,0,0,1,0,0.15,0.15,NORMAL
2026-09-06 03:00:00,R116,21.04,0,0,1,0,0.15,0.15,NORMAL
2026-09-06 03:00:00,R117,21.04,0,0,1,0,0.15,0.15,NORMAL
2026-09-06 03:00:00,R118,21.04,0,0,1,0,0.15,0.15,NORMAL
2026-09-06 03:00:00,R119,21.04,0,0,1,0,0.15,0.15,NORMAL
2026-09-06 03:00:00,R120,21.04,0,0,1,0,0.15,0.15,NORMAL
2026-09-06 04:00:00,R101,22.11,0,0,1,0,0.15,0.15,NORMAL
2026-09-06 04:00:00,R102,22.11,1,0,1,0,0.401,0.401,NORMAL
2026-09-06 04:00:00,R103,22.11,0,0,1,0,0.15,0.15,NORMAL
2026-09-06 04:00:00,R104,22.11,0,0,1,0,0.15,0.15,NORMAL
2026-09-06 04:00:00,R105,22.11,0,0,1,0,0.15,0.15,NORMAL
2026-09-06 04:00:00,R106,22.11,0,0,1,0,0.15,0.15,NORMAL
2026-09-06 04:00:00,R107,22.11,0,0,1,0,0.15,0.15,NORMAL
2026-09-06 04:00:00,R108,22.11,0,0,1,0,0.15,0.15,NORMAL
2026-09-06 04:00:00,R109,22.11,0,0,1,0,0.15,0.15,NORMAL
2026-09-06 04:00:00,R110,22.11,1,0,1,0,0.349,0.349,NORMAL
2026-09-06 04:00:00,R111,22.11,0,0,1,0,0.15,0.15,NORMAL
2026-09-06 04:00:00,R112,22.11,1,0,1,0,0.348,0.348,NORMAL
2026-09-06 04:00:00,R113,22.11,1,0,1,0,0.46,0.46,NORMAL
2026-09-06 04:00:00,R114,22.11,0,1,1,0,1.42,1.42,AC_WASTE
2026-09-06 04:00:00,R115,22.11,0,0,1,0,0.15,0.15,NORMAL
2026-09-06 04:00:00,R116,22.11,0,0,1,0,0.844,0.844,STANDBY_WASTE
2026-09-06 04:00:00,R117,22.11,0,0,1,0,0.15,0.15,NORMAL
2026-09-06 04:00:00,R118,22.11,0,0,1,0,0.944,0.944,STANDBY_WASTE
2026-09-06 04:00:00,R119,22.11,1,0,1,0,0.453,0.453,NORMAL
2026-09-06 04:00:00,R120,22.11,0,0,1,0,0.15,0.15,NORMAL
2026-09-06 05:00:00,R101,25.42,1,0,1,0,0.319,0.319,NORMAL
2026-09-06 05:00:00,R102,25.42,0,0,1,0,0.853,0.853,STANDBY_WASTE
2026-09-06 05:00:00,R103,25.42,1,0,1,0,0.423,0.423,NORMAL
2026-09-06 05:00:00,R104,25.42,0,0,1,0,0.15,0.15,NORMAL
2026-09-06 05:00:00,R105,25.42,0,0,1,0,0.15,0.15,NORMAL
2026-09-06 05:00:00,R106,25.42,0,0,1,0,0.15,0.15,NORMAL
2026-09-06 05:00:00,R107,25.42,0,0,1,0,0.15,0.15,NORMAL
2026-09-06 05:00:00,R108,25.42,0,0,1,0,0.15,0.15,NORMAL
2026-09-06 05:00:00,R109,25.42,1,0,1,0,0.473,0.473,NORMAL
2026-09-06 05:00:00,R110,25.42,1,0,1,0,0.333,0.333,NORMAL
2026-09-06 05:00:00,R111,25.42,1,0,1,0,0.406,0.406,NORMAL
2026-09-06 05:00:00,R112,25.42,0,0,1,0,0.15,0.15,NORMAL
2026-09-06 05:00:00,R113,25.42,0,0,1,0,0.15,0.15,NORMAL
2026-09-06 05:00:00,R114,25.42,0,0,1,0,0.15,0.15,NORMAL
2026-09-06 05:00:00,R115,25.42,1,0,1,0,0.418,0.418,NORMAL
2026-09-06 05:00:00,R116,25.42,0,0,1,0,0.15,0.15,NORMAL
2026-09-06 05:00:00,R117,25.42,0,0,1,0,0.15,0.15,NORMAL
2026-09-06 05:00:00,R118,25.42,0,0,1,0,0.15,0.15,NORMAL
2026-09-06 05:00:00,R119,25.42,0,0,1,0,0.15,0.15,NORMAL
2026-09-06 05:00:00,R120,25.42,0,0,1,0,0.15,0.15,NORMAL
2026-09-06 06:00:00,R101,25.63,0,0,0,1,0.15,0.15,NORMAL
2026-09-06 06:00:00,R102,25.63,0,0,0,1,0.15,0.15,NORMAL
2026-09-06 06:00:00,R103,25.63,1,0,0,1,0.289,0.289,NORMAL
2026-09-06 06:00:00,R104,25.63,2,0,0,1,0.349,0.349,NORMAL
2026-09-06 06:00:00,R105,25.63,1,0,0,1,0.299,0.299,NORMAL
2026-09-06 06:00:00,R106,25.63,0,1,0,1,1.36,1.36,AC_WASTE
2026-09-06 06:00:00,R107,25.63,1,0,0,1,0.257,0.257,NORMAL
2026-09-06 06:00:00,R108,25.63,1,0,0,1,0.292,0.292,NORMAL
2026-09-06 06:00:00,R109,25.63,2,0,0,1,0.407,0.407,NORMAL
2026-09-06 06:00:00,R110,25.63,1,0,0,1,0.289,0.289,NORMAL
2026-09-06 06:00:00,R111,25.63,0,0,0,1,0.15,0.15,NORMAL
2026-09-06 06:00:00,R112,25.63,1,0,0,1,0.223,0.223,NORMAL
2026-09-06 06:00:00,R113,25.63,1,0,0,1,0.262,0.262,NORMAL
2026-09-06 06:00:00,R114,25.63,2,0,0,1,0.275,0.275,NORMAL
2026-09-06 06:00:00,R115,25.63,1,0,0,1,0.246,0.246,NORMAL
2026-09-06 06:00:00,R116,25.63,1,0,0,1,0.224,0.224,NORMAL
2026-09-06 06:00:00,R117,25.63,2,0,0,1,0.335,0.335,NORMAL
2026-09-06 06:00:00,R118,25.63,1,0,0,1,0.247,0.247,NORMAL
2026-09-06 06:00:00,R119,25.63,1,0,0,1,0.249,0.249,NORMAL
2026-09-06 06:00:00,R120,25.63,0,0,0,1,0.15,0.15,NORMAL
2026-09-06 07:00:00,R101,29.04,1,1,0,1,1.5,1.5,NORMAL
2026-09-06 07:00:00,R102,29.04,2,1,0,1,1.948,1.948,NORMAL
2026-09-06 07:00:00,R103,29.04,0,0,0,1,0.15,0.15,NORMAL
2026-09-06 07:00:00,R104,29.04,0,0,0,1,0.15,0.15,NORMAL
2026-09-06 07:00:00,R105,29.04,0,0,0,1,0.15,0.15,NORMAL
2026-09-06 07:00:00,R106,29.04,2,1,0,1,1.672,1.672,NORMAL
2026-09-06 07:00:00,R107,29.04,2,1,0,1,1.887,1.887,NORMAL
2026-09-06 07:00:00,R108,29.04,1,1,0,1,1.932,1.932,NORMAL
2026-09-06 07:00:00,R109,29.04,1,1,0,1,1.903,1.903,NORMAL
2026-09-06 07:00:00,R110,29.04,1,1,0,1,1.684,1.684,NORMAL
2026-09-06 07:00:00,R111,29.04,1,1,0,1,1.897,1.897,NORMAL
2026-09-06 07:00:00,R112,29.04,1,1,0,1,1.576,1.576,NORMAL
2026-09-06 07:00:00,R113,29.04,2,1,0,1,1.704,1.704,NORMAL
2026-09-06 07:00:00,R114,29.04,1,1,0,1,1.556,1.556,NORMAL
2026-09-06 07:00:00,R115,29.04,0,0,0,1,0.15,0.15,NORMAL
2026-09-06 07:00:00,R116,29.04,2,1,0,1,1.637,1.637,NORMAL
2026-09-06 07:00:00,R117,29.04,2,1,0,1,1.952,1.952,NORMAL
2026-09-06 07:00:00,R118,29.04,1,1,0,1,1.709,1.709,NORMAL
2026-09-06 07:00:00,R119,29.04,0,0,0,1,0.15,0.15,NORMAL
2026-09-06 07:00:00,R120,29.04,1,1,0,1,1.934,1.934,NORMAL
2026-09-06 08:00:00,R101,32.0,2,1,0,1,1.537,1.537,NORMAL
2026-09-06 08:00:00,R102,32.0,0,1,0,1,1.458,1.458,AC_WASTE
2026-09-06 08:00:00,R103,32.0,1,1,0,1,1.788,1.788,NORMAL
2026-09-06 08:00:00,R104,32.0,0,0,0,1,0.15,0.15,NORMAL
2026-09-06 08:00:00,R105,32.0,2,1,0,1,1.726,1.726,NORMAL
2026-09-06 08:00:00,R106,32.0,2,1,0,1,1.773,1.773,NORMAL
2026-09-06 08:00:00,R107,32.0,1,1,0,1,1.977,1.977,NORMAL
2026-09-06 08:00:00,R108,32.0,1,1,0,1,1.605,1.605,NORMAL
2026-09-06 08:00:00,R109,32.0,1,1,0,1,1.976,1.976,NORMAL
2026-09-06 08:00:00,R110,32.0,1,1,0,1,1.589,1.589,NORMAL
2026-09-06 08:00:00,R111,32.0,1,1,0,1,1.523,1.523,NORMAL
2026-09-06 08:00:00,R112,32.0,1,1,0,1,1.685,1.685,NORMAL
2026-09-06 08:00:00,R113,32.0,1,1,0,1,1.556,1.556,NORMAL
2026-09-06 08:00:00,R114,32.0,1,1,0,1,2.009,2.009,NORMAL
2026-09-06 08:00:00,R115,32.0,1,1,0,1,1.546,1.546,NORMAL
2026-09-06 08:00:00,R116,32.0,2,1,0,1,1.696,1.696,NORMAL
2026-09-06 08:00:00,R117,32.0,0,1,0,1,1.49,1.49,AC_WASTE
2026-09-06 08:00:00,R118,32.0,2,1,0,1,1.79,1.79,NORMAL
2026-09-06 08:00:00,R119,32.0,2,1,0,1,1.845,1.845,NORMAL
2026-09-06 08:00:00,R120,32.0,0,0,0,1,0.15,0.15,NORMAL
2026-09-06 09:00:00,R101,32.36,1,1,0,1,1.944,1.944,NORMAL
2026-09-06 09:00:00,R102,32.36,1,1,0,1,1.53,1.53,NORMAL
2026-09-06 09:00:00,R103,32.36,1,1,0,1,1.986,1.986,NORMAL
2026-09-06 09:00:00,R104,32.36,0,0,0,1,0.15,0.15,NORMAL
2026-09-06 09:00:00,R105,32.36,1,1,0,1,1.751,1.751,NORMAL
2026-09-06 09:00:00,R106,32.36,0,0,0,1,0.15,0.15,NORMAL
2026-09-06 09:00:00,R107,32.36,0,0,0,1,0.15,0.15,NORMAL
2026-09-06 09:00:00,R108,32.36,1,1,0,1,1.572,1.572,NORMAL
2026-09-06 09:00:00,R109,32.36,0,0,0,1,0.15,0.15,NORMAL
2026-09-06 09:00:00,R110,32.36,1,1,0,1,1.491,1.491,NORMAL
2026-09-06 09:00:00,R111,32.36,0,0,0,1,0.15,0.15,NORMAL
2026-09-06 09:00:00,R112,32.36,1,1,0,1,1.937,1.937,NORMAL
2026-09-06 09:00:00,R113,32.36,1,1,0,1,1.5,1.5,NORMAL
2026-09-06 09:00:00,R114,32.36,2,1,0,1,1.725,1.725,NORMAL
2026-09-06 09:00:00,R115,32.36,0,0,0,1,0.15,0.15,NORMAL
2026-09-06 09:00:00,R116,32.36,1,1,0,1,2.01,2.01,NORMAL
2026-09-06 09:00:00,R117,32.36,1,1,0,1,1.785,1.785,NORMAL
2026-09-06 09:00:00,R118,32.36,1,1,0,1,2.023,2.023,NORMAL
2026-09-06 09:00:00,R119,32.36,0,0,0,1,0.15,0.15,NORMAL
2026-09-06 09:00:00,R120,32.36,0,0,0,1,0.15,0.15,NORMAL
2026-09-06 10:00:00,R101,32.28,0,0,0,1,0.15,0.15,NORMAL
2026-09-06 10:00:00,R102,32.28,0,0,0,1,0.15,0.15,NORMAL
2026-09-06 10:00:00,R103,32.28,0,0,0,1,0.15,0.15,NORMAL
2026-09-06 10:00:00,R104,32.28,0,0,0,1,0.15,0.15,NORMAL
2026-09-06 10:00:00,R105,32.28,0,0,0,1,0.15,0.15,NORMAL
2026-09-06 10:00:00,R106,32.28,1,1,0,1,2.327,2.327,STANDBY_WASTE
2026-09-06 10:00:00,R107,32.28,0,1,0,1,1.418,1.418,AC_WASTE
2026-09-06 10:00:00,R108,32.28,0,0,0,1,0.15,0.15,NORMAL
2026-09-06 10:00:00,R109,32.28,0,0,0,1,0.15,0.15,NORMAL
2026-09-06 10:00:00,R110,32.28,0,0,0,1,0.15,0.15,NORMAL
2026-09-06 10:00:00,R111,32.28,1,1,0,1,1.67,1.67,NORMAL
2026-09-06 10:00:00,R112,32.28,0,0,0,1,0.15,0.15,NORMAL
2026-09-06 10:00:00,R113,32.28,0,0,0,1,0.15,0.15,NORMAL
2026-09-06 10:00:00,R114,32.28,0,0,0,1,0.15,0.15,NORMAL
2026-09-06 10:00:00,R115,32.28,1,1,0,1,1.8,1.8,NORMAL
2026-09-06 10:00:00,R116,32.28,1,1,0,1,1.967,1.967,NORMAL
2026-09-06 10:00:00,R117,32.28,0,0,0,1,0.15,0.15,NORMAL
2026-09-06 10:00:00,R118,32.28,0,0,0,1,0.15,0.15,NORMAL
2026-09-06 10:00:00,R119,32.28,2,1,0,1,1.602,1.602,NORMAL
2026-09-06 10:00:00,R120,32.28,0,0,0,1,0.15,0.15,NORMAL
2026-09-06 11:00:00,R101,31.89,0,0,0,1,0.15,0.15,NORMAL
2026-09-06 11:00:00,R102,31.89,1,1,0,1,1.984,1.984,NORMAL
2026-09-06 11:00:00,R103,31.89,0,0,0,1,0.15,0.15,NORMAL
2026-09-06 11:00:00,R104,31.89,0,0,0,1,0.15,0.15,NORMAL
2026-09-06 11:00:00,R105,31.89,1,1,0,1,1.716,1.716,NORMAL
2026-09-06 11:00:00,R106,31.89,2,1,0,1,1.712,1.712,NORMAL
2026-09-06 11:00:00,R107,31.89,0,0,0,1,0.15,0.15,NORMAL
2026-09-06 11:00:00,R108,31.89,0,0,0,1,0.15,0.15,NORMAL
2026-09-06 11:00:00,R109,31.89,1,1,0,1,1.937,1.937,NORMAL
2026-09-06 11:00:00,R110,31.89,2,1,0,1,2.216,2.216,NORMAL
2026-09-06 11:00:00,R111,31.89,0,0,0,1,0.15,0.15,NORMAL
2026-09-06 11:00:00,R112,31.89,0,0,0,1,0.15,0.15,NORMAL
2026-09-06 11:00:00,R113,31.89,0,0,0,1,0.15,0.15,NORMAL
2026-09-06 11:00:00,R114,31.89,0,0,0,1,0.15,0.15,NORMAL
2026-09-06 11:00:00,R115,31.89,0,0,0,1,0.15,0.15,NORMAL
2026-09-06 11:00:00,R116,31.89,1,1,0,1,1.79,1.79,NORMAL
2026-09-06 11:00:00,R117,31.89,0,0,0,1,0.15,0.15,NORMAL
2026-09-06 11:00:00,R118,31.89,2,1,0,1,1.734,1.734,NORMAL
2026-09-06 11:00:00,R119,31.89,1,1,0,1,1.975,1.975,NORMAL
2026-09-06 11:00:00,R120,31.89,0,0,0,1,0.15,0.15,NORMAL
2026-09-06 12:00:00,R101,34.72,0,0,0,1,0.15,0.15,NORMAL
2026-09-06 12:00:00,R102,34.72,2,1,0,1,2.158,2.158,NORMAL
2026-09-06 12:00:00,R103,34.72,0,0,0,1,0.15,0.15,NORMAL
2026-09-06 12:00:00,R104,34.72,1,1,0,1,1.569,1.569,NORMAL
2026-09-06 12:00:00,R105,34.72,0,0,0,1,0.15,0.15,NORMAL
2026-09-06 12:00:00,R106,34.72,0,0,0,1,0.15,0.15,NORMAL
2026-09-06 12:00:00,R107,34.72,0,0,0,1,0.15,0.15,NORMAL
2026-09-06 12:00:00,R108,34.72,0,0,0,1,0.15,0.15,NORMAL
2026-09-06 12:00:00,R109,34.72,2,1,0,1,2.045,2.045,NORMAL
2026-09-06 12:00:00,R110,34.72,0,0,0,1,0.15,0.15,NORMAL
2026-09-06 12:00:00,R111,34.72,0,0,0,1,0.15,0.15,NORMAL
2026-09-06 12:00:00,R112,34.72,0,0,0,1,0.15,0.15,NORMAL
2026-09-06 12:00:00,R113,34.72,1,1,0,1,2.224,2.224,STANDBY_WASTE
2026-09-06 12:00:00,R114,34.72,1,1,0,1,1.55,1.55,NORMAL
2026-09-06 12:00:00,R115,34.72,0,1,0,1,1.686,1.686,AC_WASTE
2026-09-06 12:00:00,R116,34.72,1,1,0,1,1.787,1.787,NORMAL
2026-09-06 12:00:00,R117,34.72,2,1,0,1,1.745,1.745,NORMAL
2026-09-06 12:00:00,R118,34.72,0,0,0,1,0.15,0.15,NORMAL
2026-09-06 12:00:00,R119,34.72,0,0,0,1,0.15,0.15,NORMAL
2026-09-06 12:00:00,R120,34.72,2,1,0,1,1.742,1.742,NORMAL
2026-09-06 13:00:00,R101,34.42,0,0,0,1,0.15,0.15,NORMAL
2026-09-06 13:00:00,R102,34.42,0,0,0,1,0.15,0.15,NORMAL
2026-09-06 13:00:00,R103,34.42,2,1,0,1,1.626,1.626,NORMAL
2026-09-06 13:00:00,R104,34.42,1,1,0,1,1.525,1.525,NORMAL
2026-09-06 13:00:00,R105,34.42,1,1,0,1,1.987,1.987,NORMAL
2026-09-06 13:00:00,R106,34.42,0,0,0,1,0.15,0.15,NORMAL
2026-09-06 13:00:00,R107,34.42,0,0,0,1,0.15,0.15,NORMAL
2026-09-06 13:00:00,R108,34.42,1,1,0,1,1.674,1.674,NORMAL
2026-09-06 13:00:00,R109,34.42,1,1,0,1,1.704,1.704,NORMAL
2026-09-06 13:00:00,R110,34.42,0,0,0,1,0.15,0.15,NORMAL
2026-09-06 13:00:00,R111,34.42,0,0,0,1,0.15,0.15,NORMAL
2026-09-06 13:00:00,R112,34.42,0,0,0,1,0.15,0.15,NORMAL
2026-09-06 13:00:00,R113,34.42,0,0,0,1,0.15,0.15,NORMAL
2026-09-06 13:00:00,R114,34.42,1,1,0,1,1.966,1.966,NORMAL
2026-09-06 13:00:00,R115,34.42,1,1,0,1,1.8,1.8,NORMAL
2026-09-06 13:00:00,R116,34.42,0,0,0,1,0.15,0.15,NORMAL
2026-09-06 13:00:00,R117,34.42,1,1,0,1,1.47,1.47,NORMAL
2026-09-06 13:00:00,R118,34.42,1,1,0,1,1.837,1.837,NORMAL
2026-09-06 13:00:00,R119,34.42,0,0,0,1,0.15,0.15,NORMAL
2026-09-06 13:00:00,R120,34.42,0,0,0,1,0.15,0.15,NORMAL
2026-09-06 14:00:00,R101,35.1,0,0,0,1,0.15,0.15,NORMAL
2026-09-06 14:00:00,R102,35.1,2,1,0,1,2.019,2.019,NORMAL
2026-09-06 14:00:00,R103,35.1,0,0,0,1,0.15,0.15,NORMAL
2026-09-06 14:00:00,R104,35.1,1,1,0,1,1.685,1.685,NORMAL
2026-09-06 14:00:00,R105,35.1,0,0,0,1,0.15,0.15,NORMAL
2026-09-06 14:00:00,R106,35.1,1,1,0,1,1.493,1.493,NORMAL
2026-09-06 14:00:00,R107,35.1,2,1,0,1,2.06,2.06,NORMAL
2026-09-06 14:00:00,R108,35.1,1,1,0,1,1.822,1.822,NORMAL
2026-09-06 14:00:00,R109,35.1,1,1,0,1,1.881,1.881,NORMAL
2026-09-06 14:00:00,R110,35.1,0,0,0,1,0.15,0.15,NORMAL
2026-09-06 14:00:00,R111,35.1,0,0,0,1,0.15,0.15,NORMAL
2026-09-06 14:00:00,R112,35.1,1,1,0,1,1.706,1.706,NORMAL
2026-09-06 14:00:00,R113,35.1,0,0,0,1,0.15,0.15,NORMAL
2026-09-06 14:00:00,R114,35.1,0,0,0,1,0.15,0.15,NORMAL
2026-09-06 14:00:00,R115,35.1,2,1,0,1,1.973,1.973,NORMAL
2026-09-06 14:00:00,R116,35.1,1,1,0,1,1.77,1.77,NORMAL
2026-09-06 14:00:00,R117,35.1,1,1,0,1,1.841,1.841,NORMAL
2026-09-06 14:00:00,R118,35.1,0,0,0,1,0.15,0.15,NORMAL
2026-09-06 14:00:00,R119,35.1,1,1,0,1,1.624,1.624,NORMAL
2026-09-06 14:00:00,R120,35.1,1,1,0,1,1.859,1.859,NORMAL
2026-09-06 15:00:00,R101,33.65,0,0,0,1,0.15,0.15,NORMAL
2026-09-06 15:00:00,R102,33.65,0,0,0,1,0.15,0.15,NORMAL
2026-09-06 15:00:00,R103,33.65,0,0,0,1,0.15,0.15,NORMAL
2026-09-06 15:00:00,R104,33.65,0,0,0,1,0.15,0.15,NORMAL
2026-09-06 15:00:00,R105,33.65,0,0,0,1,0.15,0.15,NORMAL
2026-09-06 15:00:00,R106,33.65,0,0,0,1,0.15,0.15,NORMAL
2026-09-06 15:00:00,R107,33.65,0,0,0,1,0.15,0.15,NORMAL
2026-09-06 15:00:00,R108,33.65,0,0,0,1,0.15,0.15,NORMAL
2026-09-06 15:00:00,R109,33.65,0,0,0,1,0.15,0.15,NORMAL
2026-09-06 15:00:00,R110,33.65,1,1,0,1,1.539,1.539,NORMAL
2026-09-06 15:00:00,R111,33.65,0,0,0,1,0.15,0.15,NORMAL
2026-09-06 15:00:00,R112,33.65,0,0,0,1,0.15,0.15,NORMAL
2026-09-06 15:00:00,R113,33.65,0,0,0,1,0.15,0.15,NORMAL
2026-09-06 15:00:00,R114,33.65,1,1,0,1,1.694,1.694,NORMAL
2026-09-06 15:00:00,R115,33.65,0,1,0,1,1.626,1.626,AC_WASTE
2026-09-06 15:00:00,R116,33.65,0,0,0,1,0.15,0.15,NORMAL
2026-09-06 15:00:00,R117,33.65,0,0,0,1,0.15,0.15,NORMAL
2026-09-06 15:00:00,R118,33.65,1,1,0,1,1.637,1.637,NORMAL
2026-09-06 15:00:00,R119,33.65,0,0,0,1,0.15,0.15,NORMAL
2026-09-06 15:00:00,R120,33.65,1,1,0,1,1.71,1.71,NORMAL
2026-09-06 16:00:00,R101,29.15,1,1,0,1,1.679,1.679,NORMAL
2026-09-06 16:00:00,R102,29.15,0,0,0,1,0.15,0.15,NORMAL
2026-09-06 16:00:00,R103,29.15,1,1,0,1,1.619,1.619,NORMAL
2026-09-06 16:00:00,R104,29.15,0,0,0,1,0.15,0.15,NORMAL
2026-09-06 16:00:00,R105,29.15,2,1,0,1,1.707,1.707,NORMAL
2026-09-06 16:00:00,R106,29.15,1,1,0,1,1.956,1.956,NORMAL
2026-09-06 16:00:00,R107,29.15,1,1,0,1,1.641,1.641,NORMAL
2026-09-06 16:00:00,R108,29.15,1,1,0,1,1.514,1.514,NORMAL
2026-09-06 16:00:00,R109,29.15,0,0,0,1,0.15,0.15,NORMAL
2026-09-06 16:00:00,R110,29.15,0,0,0,1,0.15,0.15,NORMAL
2026-09-06 16:00:00,R111,29.15,0,0,0,1,0.15,0.15,NORMAL
2026-09-06 16:00:00,R112,29.15,0,0,0,1,0.15,0.15,NORMAL
2026-09-06 16:00:00,R113,29.15,0,0,0,1,0.15,0.15,NORMAL
2026-09-06 16:00:00,R114,29.15,0,0,0,1,0.15,0.15,NORMAL
2026-09-06 16:00:00,R115,29.15,0,0,0,1,0.15,0.15,NORMAL
2026-09-06 16:00:00,R116,29.15,1,1,0,1,1.854,1.854,NORMAL
2026-09-06 16:00:00,R117,29.15,0,0,0,1,0.15,0.15,NORMAL
2026-09-06 16:00:00,R118,29.15,0,0,0,1,0.15,0.15,NORMAL
2026-09-06 16:00:00,R119,29.15,0,0,0,1,0.15,0.15,NORMAL
2026-09-06 16:00:00,R120,29.15,0,0,0,1,0.15,0.15,NORMAL
2026-09-06 17:00:00,R101,28.26,2,0,0,1,0.385,0.385,NORMAL
2026-09-06 17:00:00,R102,28.26,2,0,0,1,0.442,0.442,NORMAL
2026-09-06 17:00:00,R103,28.26,2,0,0,1,0.384,0.384,NORMAL
2026-09-06 17:00:00,R104,28.26,2,0,0,1,0.391,0.391,NORMAL
2026-09-06 17:00:00,R105,28.26,1,0,0,1,0.246,0.246,NORMAL
2026-09-06 17:00:00,R106,28.26,1,0,0,1,0.283,0.283,NORMAL
2026-09-06 17:00:00,R107,28.26,0,0,0,1,0.15,0.15,NORMAL
2026-09-06 17:00:00,R108,28.26,2,0,0,1,0.439,0.439,NORMAL
2026-09-06 17:00:00,R109,28.26,2,0,0,1,0.405,0.405,NORMAL
2026-09-06 17:00:00,R110,28.26,2,0,0,1,0.392,0.392,NORMAL
2026-09-06 17:00:00,R111,28.26,0,0,0,1,0.15,0.15,NORMAL
2026-09-06 17:00:00,R112,28.26,1,0,0,1,0.202,0.202,NORMAL
2026-09-06 17:00:00,R113,28.26,2,0,0,1,0.448,0.448,NORMAL
2026-09-06 17:00:00,R114,28.26,2,0,0,1,0.283,0.283,NORMAL
2026-09-06 17:00:00,R115,28.26,0,0,0,1,0.15,0.15,NORMAL
2026-09-06 17:00:00,R116,28.26,0,0,0,1,0.15,0.15,NORMAL
2026-09-06 17:00:00,R117,28.26,1,0,0,1,0.251,0.251,NORMAL
2026-09-06 17:00:00,R118,28.26,2,0,0,1,0.324,0.324,NORMAL
2026-09-06 17:00:00,R119,28.26,1,0,0,1,0.241,0.241,NORMAL
2026-09-06 17:00:00,R120,28.26,2,0,0,1,0.449,0.449,NORMAL
2026-09-06 18:00:00,R101,29.21,1,1,1,1,2.135,2.135,NORMAL
2026-09-06 18:00:00,R102,29.21,2,1,1,1,1.688,1.688,NORMAL
2026-09-06 18:00:00,R103,29.21,2,1,1,1,2.142,2.142,NORMAL
2026-09-06 18:00:00,R104,29.21,1,1,1,1,2.012,2.012,NORMAL
2026-09-06 18:00:00,R105,29.21,2,1,1,1,1.946,1.946,NORMAL
2026-09-06 18:00:00,R106,29.21,2,1,1,1,2.301,2.301,NORMAL
2026-09-06 18:00:00,R107,29.21,1,1,1,1,1.781,1.781,NORMAL
2026-09-06 18:00:00,R108,29.21,1,1,1,1,1.928,1.928,NORMAL
2026-09-06 18:00:00,R109,29.21,2,1,1,1,1.949,1.949,NORMAL
2026-09-06 18:00:00,R110,29.21,2,1,1,1,2.146,2.146,NORMAL
2026-09-06 18:00:00,R111,29.21,2,1,1,1,2.026,2.026,NORMAL
2026-09-06 18:00:00,R112,29.21,2,1,1,1,1.967,1.967,NORMAL
2026-09-06 18:00:00,R113,29.21,1,1,1,1,1.984,1.984,NORMAL
2026-09-06 18:00:00,R114,29.21,2,1,1,1,1.804,1.804,NORMAL
2026-09-06 18:00:00,R115,29.21,0,0,1,1,0.15,0.15,NORMAL
2026-09-06 18:00:00,R116,29.21,2,1,1,1,2.17,2.17,NORMAL
2026-09-06 18:00:00,R117,29.21,2,1,1,1,1.816,1.816,NORMAL
2026-09-06 18:00:00,R118,29.21,2,1,1,1,2.268,2.268,NORMAL
2026-09-06 18:00:00,R119,29.21,2,1,1,1,1.771,1.771,NORMAL
2026-09-06 18:00:00,R120,29.21,2,1,1,1,1.973,1.973,NORMAL
2026-09-06 19:00:00,R101,26.12,2,0,1,1,0.601,0.601,NORMAL
2026-09-06 19:00:00,R102,26.12,1,0,1,1,0.321,0.321,NORMAL
2026-09-06 19:00:00,R103,26.12,2,0,1,1,0.503,0.503,NORMAL
2026-09-06 19:00:00,R104,26.12,2,0,1,1,0.47,0.47,NORMAL
2026-09-06 19:00:00,R105,26.12,2,0,1,1,0.523,0.523,NORMAL
2026-09-06 19:00:00,R106,26.12,2,0,1,1,0.45,0.45,NORMAL
2026-09-06 19:00:00,R107,26.12,1,0,1,1,0.374,0.374,NORMAL
2026-09-06 19:00:00,R108,26.12,2,0,1,1,0.441,0.441,NORMAL
2026-09-06 19:00:00,R109,26.12,1,0,1,1,0.35,0.35,NORMAL
2026-09-06 19:00:00,R110,26.12,1,0,1,1,0.409,0.409,NORMAL
2026-09-06 19:00:00,R111,26.12,2,0,1,1,0.504,0.504,NORMAL
2026-09-06 19:00:00,R112,26.12,1,0,1,1,0.415,0.415,NORMAL
2026-09-06 19:00:00,R113,26.12,2,0,1,1,0.528,0.528,NORMAL
2026-09-06 19:00:00,R114,26.12,1,0,1,1,0.418,0.418,NORMAL
2026-09-06 19:00:00,R115,26.12,1,0,1,1,0.308,0.308,NORMAL
2026-09-06 19:00:00,R116,26.12,2,0,1,1,0.58,0.58,NORMAL
2026-09-06 19:00:00,R117,26.12,2,0,1,1,0.507,0.507,NORMAL
2026-09-06 19:00:00,R118,26.12,1,0,1,1,0.404,0.404,NORMAL
2026-09-06 19:00:00,R119,26.12,0,1,1,1,1.529,1.529,AC_WASTE
2026-09-06 19:00:00,R120,26.12,1,0,1,1,0.381,0.381,NORMAL
2026-09-06 20:00:00,R101,21.49,0,0,1,1,0.15,0.15,NORMAL
2026-09-06 20:00:00,R102,21.49,1,0,1,1,0.372,0.372,NORMAL
2026-09-06 20:00:00,R103,21.49,1,0,1,1,0.489,0.489,NORMAL
2026-09-06 20:00:00,R104,21.49,1,0,1,1,0.417,0.417,NORMAL
2026-09-06 20:00:00,R105,21.49,1,0,1,1,0.38,0.38,NORMAL
2026-09-06 20:00:00,R106,21.49,1,0,1,1,0.383,0.383,NORMAL
2026-09-06 20:00:00,R107,21.49,2,0,1,1,0.451,0.451,NORMAL
2026-09-06 20:00:00,R108,21.49,1,0,1,1,0.423,0.423,NORMAL
2026-09-06 20:00:00,R109,21.49,1,0,1,1,0.421,0.421,NORMAL
2026-09-06 20:00:00,R110,21.49,1,0,1,1,0.897,0.897,STANDBY_WASTE
2026-09-06 20:00:00,R111,21.49,1,0,1,1,0.389,0.389,NORMAL
2026-09-06 20:00:00,R112,21.49,2,0,1,1,0.555,0.555,NORMAL
2026-09-06 20:00:00,R113,21.49,1,0,1,1,0.382,0.382,NORMAL
2026-09-06 20:00:00,R114,21.49,1,0,1,1,0.484,0.484,NORMAL
2026-09-06 20:00:00,R115,21.49,1,0,1,1,0.435,0.435,NORMAL
2026-09-06 20:00:00,R116,21.49,1,0,1,1,0.346,0.346,NORMAL
2026-09-06 20:00:00,R117,21.49,2,0,1,1,0.46,0.46,NORMAL
2026-09-06 20:00:00,R118,21.49,2,0,1,1,0.381,0.381,NORMAL
2026-09-06 20:00:00,R119,21.49,2,0,1,1,0.475,0.475,NORMAL
2026-09-06 20:00:00,R120,21.49,1,0,1,1,0.36,0.36,NORMAL
2026-09-06 21:00:00,R101,21.53,1,0,1,1,0.44,0.44,NORMAL
2026-09-06 21:00:00,R102,21.53,1,0,1,1,0.34,0.34,NORMAL
2026-09-06 21:00:00,R103,21.53,0,0,1,1,0.15,0.15,NORMAL
2026-09-06 21:00:00,R104,21.53,2,0,1,1,0.527,0.527,NORMAL
2026-09-06 21:00:00,R105,21.53,1,0,1,1,0.446,0.446,NORMAL
2026-09-06 21:00:00,R106,21.53,1,0,1,1,0.362,0.362,NORMAL
2026-09-06 21:00:00,R107,21.53,2,0,1,1,0.54,0.54,NORMAL
2026-09-06 21:00:00,R108,21.53,1,0,1,1,0.481,0.481,NORMAL
2026-09-06 21:00:00,R109,21.53,1,0,1,1,0.351,0.351,NORMAL
2026-09-06 21:00:00,R110,21.53,2,0,1,1,0.383,0.383,NORMAL
2026-09-06 21:00:00,R111,21.53,2,0,1,1,0.413,0.413,NORMAL
2026-09-06 21:00:00,R112,21.53,1,0,1,1,0.407,0.407,NORMAL
2026-09-06 21:00:00,R113,21.53,0,0,1,1,0.15,0.15,NORMAL
2026-09-06 21:00:00,R114,21.53,2,0,1,1,0.361,0.361,NORMAL
2026-09-06 21:00:00,R115,21.53,2,0,1,1,0.38,0.38,NORMAL
2026-09-06 21:00:00,R116,21.53,2,0,1,1,0.474,0.474,NORMAL
2026-09-06 21:00:00,R117,21.53,2,0,1,1,0.48,0.48,NORMAL
2026-09-06 21:00:00,R118,21.53,1,0,1,1,0.363,0.363,NORMAL
2026-09-06 21:00:00,R119,21.53,1,0,1,1,0.422,0.422,NORMAL
2026-09-06 21:00:00,R120,21.53,1,0,1,1,0.351,0.351,NORMAL
2026-09-06 22:00:00,R101,20.58,1,0,1,1,0.429,0.429,NORMAL
2026-09-06 22:00:00,R102,20.58,1,0,1,1,0.324,0.324,NORMAL
2026-09-06 22:00:00,R103,20.58,1,0,1,1,0.432,0.432,NORMAL
2026-09-06 22:00:00,R104,20.58,2,0,1,1,0.57,0.57,NORMAL
2026-09-06 22:00:00,R105,20.58,0,0,1,1,0.15,0.15,NORMAL
2026-09-06 22:00:00,R106,20.58,1,0,1,1,0.436,0.436,NORMAL
2026-09-06 22:00:00,R107,20.58,0,0,1,1,0.15,0.15,NORMAL
2026-09-06 22:00:00,R108,20.58,1,0,1,1,0.473,0.473,NORMAL
2026-09-06 22:00:00,R109,20.58,2,0,1,1,0.454,0.454,NORMAL
2026-09-06 22:00:00,R110,20.58,1,0,1,1,0.382,0.382,NORMAL
2026-09-06 22:00:00,R111,20.58,2,0,1,1,0.496,0.496,NORMAL
2026-09-06 22:00:00,R112,20.58,2,0,1,1,0.57,0.57,NORMAL
2026-09-06 22:00:00,R113,20.58,2,0,1,1,0.43,0.43,NORMAL
2026-09-06 22:00:00,R114,20.58,2,0,1,1,0.362,0.362,NORMAL
2026-09-06 22:00:00,R115,20.58,2,0,1,1,0.452,0.452,NORMAL
2026-09-06 22:00:00,R116,20.58,2,0,1,1,0.478,0.478,NORMAL
2026-09-06 22:00:00,R117,20.58,2,0,1,1,0.393,0.393,NORMAL
2026-09-06 22:00:00,R118,20.58,2,0,1,1,0.492,0.492,NORMAL
2026-09-06 22:00:00,R119,20.58,2,0,1,1,0.567,0.567,NORMAL
2026-09-06 22:00:00,R120,20.58,2,0,1,1,0.529,0.529,NORMAL
2026-09-06 23:00:00,R101,20.39,0,0,1,0,0.15,0.15,NORMAL
2026-09-06 23:00:00,R102,20.39,1,0,1,0,0.414,0.414,NORMAL
2026-09-06 23:00:00,R103,20.39,0,0,1,0,0.15,0.15,NORMAL
2026-09-06 23:00:00,R104,20.39,1,0,1,0,0.329,0.329,NORMAL
2026-09-06 23:00:00,R105,20.39,0,0,1,0,0.15,0.15,NORMAL
2026-09-06 23:00:00,R106,20.39,1,0,1,0,0.352,0.352,NORMAL
2026-09-06 23:00:00,R107,20.39,0,0,1,0,0.15,0.15,NORMAL
2026-09-06 23:00:00,R108,20.39,0,0,1,0,0.15,0.15,NORMAL
2026-09-06 23:00:00,R109,20.39,0,0,1,0,0.15,0.15,NORMAL
2026-09-06 23:00:00,R110,20.39,0,0,1,0,0.15,0.15,NORMAL
2026-09-06 23:00:00,R111,20.39,0,0,1,0,0.15,0.15,NORMAL
2026-09-06 23:00:00,R112,20.39,0,0,1,0,0.15,0.15,NORMAL
2026-09-06 23:00:00,R113,20.39,1,0,1,0,0.405,0.405,NORMAL
2026-09-06 23:00:00,R114,20.39,0,0,1,0,0.15,0.15,NORMAL
2026-09-06 23:00:00,R115,20.39,1,0,1,0,0.381,0.381,NORMAL
2026-09-06 23:00:00,R116,20.39,1,0,1,0,0.448,0.448,NORMAL
2026-09-06 23:00:00,R117,20.39,0,0,1,0,0.15,0.15,NORMAL
2026-09-06 23:00:00,R118,20.39,0,0,1,0,0.15,0.15,NORMAL
2026-09-06 23:00:00,R119,20.39,0,0,1,0,0.15,0.15,NORMAL
2026-09-06 23:00:00,R120,20.39,0,0,1,0,0.15,0.15,NORMAL
2026-09-07 00:00:00,R101,18.38,1,0,1,0,0.306,0.306,NORMAL
2026-09-07 00:00:00,R102,18.38,0,0,1,0,0.15,0.15,NORMAL
2026-09-07 00:00:00,R103,18.38,0,0,1,0,0.15,0.15,NORMAL
2026-09-07 00:00:00,R104,18.38,1,0,1,0,0.342,0.342,NORMAL
2026-09-07 00:00:00,R105,18.38,0,0,1,0,0.15,0.15,NORMAL
2026-09-07 00:00:00,R106,18.38,0,0,1,0,0.15,0.15,NORMAL
2026-09-07 00:00:00,R107,18.38,0,0,1,0,0.15,0.15,NORMAL
2026-09-07 00:00:00,R108,18.38,1,0,1,0,0.304,0.304,NORMAL
2026-09-07 00:00:00,R109,18.38,0,0,1,0,0.15,0.15,NORMAL
2026-09-07 00:00:00,R110,18.38,1,0,1,0,0.437,0.437,NORMAL
2026-09-07 00:00:00,R111,18.38,0,0,1,0,0.15,0.15,NORMAL
2026-09-07 00:00:00,R112,18.38,0,0,1,0,0.15,0.15,NORMAL
2026-09-07 00:00:00,R113,18.38,0,0,1,0,0.15,0.15,NORMAL
2026-09-07 00:00:00,R114,18.38,0,0,1,0,0.15,0.15,NORMAL
2026-09-07 00:00:00,R115,18.38,0,0,1,0,0.15,0.15,NORMAL
2026-09-07 00:00:00,R116,18.38,0,0,1,0,0.15,0.15,NORMAL
2026-09-07 00:00:00,R117,18.38,0,0,1,0,0.15,0.15,NORMAL
2026-09-07 00:00:00,R118,18.38,0,0,1,0,0.15,0.15,NORMAL
2026-09-07 00:00:00,R119,18.38,0,0,1,0,0.15,0.15,NORMAL
2026-09-07 00:00:00,R120,18.38,0,0,1,0,0.15,0.15,NORMAL
2026-09-07 01:00:00,R101,18.45,0,0,1,0,0.15,0.15,NORMAL
2026-09-07 01:00:00,R102,18.45,1,0,1,0,0.3,0.3,NORMAL
2026-09-07 01:00:00,R103,18.45,0,0,1,0,0.15,0.15,NORMAL
2026-09-07 01:00:00,R104,18.45,0,0,1,0,0.15,0.15,NORMAL
2026-09-07 01:00:00,R105,18.45,0,0,1,0,0.15,0.15,NORMAL
2026-09-07 01:00:00,R106,18.45,1,0,1,0,0.411,0.411,NORMAL
2026-09-07 01:00:00,R107,18.45,0,0,1,0,0.15,0.15,NORMAL
2026-09-07 01:00:00,R108,18.45,0,0,1,0,0.15,0.15,NORMAL
2026-09-07 01:00:00,R109,18.45,0,1,1,0,1.355,1.355,AC_WASTE
2026-09-07 01:00:00,R110,18.45,0,0,1,0,0.15,0.15,NORMAL
2026-09-07 01:00:00,R111,18.45,0,0,1,0,0.15,0.15,NORMAL
2026-09-07 01:00:00,R112,18.45,1,0,1,0,0.391,0.391,NORMAL
2026-09-07 01:00:00,R113,18.45,0,0,1,0,0.15,0.15,NORMAL
2026-09-07 01:00:00,R114,18.45,1,0,1,0,0.392,0.392,NORMAL
2026-09-07 01:00:00,R115,18.45,0,0,1,0,0.15,0.15,NORMAL
2026-09-07 01:00:00,R116,18.45,0,0,1,0,0.15,0.15,NORMAL
2026-09-07 01:00:00,R117,18.45,0,0,1,0,0.15,0.15,NORMAL
2026-09-07 01:00:00,R118,18.45,0,0,1,0,0.15,0.15,NORMAL
2026-09-07 01:00:00,R119,18.45,1,0,1,0,0.411,0.411,NORMAL
2026-09-07 01:00:00,R120,18.45,0,0,1,0,0.15,0.15,NORMAL
2026-09-07 02:00:00,R101,19.34,0,0,1,0,0.15,0.15,NORMAL
2026-09-07 02:00:00,R102,19.34,0,0,1,0,0.15,0.15,NORMAL
2026-09-07 02:00:00,R103,19.34,0,0,1,0,0.15,0.15,NORMAL
2026-09-07 02:00:00,R104,19.34,1,0,1,0,0.349,0.349,NORMAL
2026-09-07 02:00:00,R105,19.34,0,0,1,0,0.15,0.15,NORMAL
2026-09-07 02:00:00,R106,19.34,0,0,1,0,0.15,0.15,NORMAL
2026-09-07 02:00:00,R107,19.34,0,0,1,0,0.15,0.15,NORMAL
2026-09-07 02:00:00,R108,19.34,0,0,1,0,0.15,0.15,NORMAL
2026-09-07 02:00:00,R109,19.34,0,0,1,0,0.15,0.15,NORMAL
2026-09-07 02:00:00,R110,19.34,1,0,1,0,0.378,0.378,NORMAL
2026-09-07 02:00:00,R111,19.34,1,0,1,0,0.403,0.403,NORMAL
2026-09-07 02:00:00,R112,19.34,0,0,1,0,0.15,0.15,NORMAL
2026-09-07 02:00:00,R113,19.34,0,0,1,0,0.15,0.15,NORMAL
2026-09-07 02:00:00,R114,19.34,1,0,1,0,0.363,0.363,NORMAL
2026-09-07 02:00:00,R115,19.34,0,0,1,0,0.15,0.15,NORMAL
2026-09-07 02:00:00,R116,19.34,0,0,1,0,0.15,0.15,NORMAL
2026-09-07 02:00:00,R117,19.34,0,0,1,0,0.15,0.15,NORMAL
2026-09-07 02:00:00,R118,19.34,1,0,1,0,0.473,0.473,NORMAL
2026-09-07 02:00:00,R119,19.34,1,0,1,0,1.048,1.048,STANDBY_WASTE
2026-09-07 02:00:00,R120,19.34,0,0,1,0,0.15,0.15,NORMAL
2026-09-07 03:00:00,R101,20.39,0,0,1,0,0.15,0.15,NORMAL
2026-09-07 03:00:00,R102,20.39,0,0,1,0,0.15,0.15,NORMAL
2026-09-07 03:00:00,R103,20.39,0,0,1,0,0.15,0.15,NORMAL
2026-09-07 03:00:00,R104,20.39,1,0,1,0,0.375,0.375,NORMAL
2026-09-07 03:00:00,R105,20.39,0,0,1,0,0.15,0.15,NORMAL
2026-09-07 03:00:00,R106,20.39,0,0,1,0,0.15,0.15,NORMAL
2026-09-07 03:00:00,R107,20.39,0,1,1,0,1.763,1.763,AC_WASTE
2026-09-07 03:00:00,R108,20.39,0,0,1,0,0.15,0.15,NORMAL
2026-09-07 03:00:00,R109,20.39,1,0,1,0,0.486,0.486,NORMAL
2026-09-07 03:00:00,R110,20.39,1,0,1,0,0.402,0.402,NORMAL
2026-09-07 03:00:00,R111,20.39,0,0,1,0,0.558,0.558,STANDBY_WASTE
2026-09-07 03:00:00,R112,20.39,0,0,1,0,0.15,0.15,NORMAL
2026-09-07 03:00:00,R113,20.39,0,0,1,0,0.15,0.15,NORMAL
2026-09-07 03:00:00,R114,20.39,0,0,1,0,0.15,0.15,NORMAL
2026-09-07 03:00:00,R115,20.39,0,0,1,0,0.15,0.15,NORMAL
2026-09-07 03:00:00,R116,20.39,0,0,1,0,0.15,0.15,NORMAL
2026-09-07 03:00:00,R117,20.39,1,0,1,0,0.474,0.474,NORMAL
2026-09-07 03:00:00,R118,20.39,0,0,1,0,0.15,0.15,NORMAL
2026-09-07 03:00:00,R119,20.39,0,0,1,0,0.15,0.15,NORMAL
2026-09-07 03:00:00,R120,20.39,1,0,1,0,0.449,0.449,NORMAL
2026-09-07 04:00:00,R101,22.3,0,0,1,0,0.15,0.15,NORMAL
2026-09-07 04:00:00,R102,22.3,1,0,1,0,0.318,0.318,NORMAL
2026-09-07 04:00:00,R103,22.3,0,0,1,0,0.15,0.15,NORMAL
2026-09-07 04:00:00,R104,22.3,0,0,1,0,0.15,0.15,NORMAL
2026-09-07 04:00:00,R105,22.3,1,0,1,0,0.977,0.977,STANDBY_WASTE
2026-09-07 04:00:00,R106,22.3,0,0,1,0,0.15,0.15,NORMAL
2026-09-07 04:00:00,R107,22.3,0,0,1,0,0.15,0.15,NORMAL
2026-09-07 04:00:00,R108,22.3,1,0,1,0,0.308,0.308,NORMAL
2026-09-07 04:00:00,R109,22.3,1,0,1,0,0.368,0.368,NORMAL
2026-09-07 04:00:00,R110,22.3,0,0,1,0,0.15,0.15,NORMAL
2026-09-07 04:00:00,R111,22.3,0,0,1,0,0.15,0.15,NORMAL
2026-09-07 04:00:00,R112,22.3,1,0,1,0,0.418,0.418,NORMAL
2026-09-07 04:00:00,R113,22.3,1,0,1,0,0.408,0.408,NORMAL
2026-09-07 04:00:00,R114,22.3,0,0,1,0,0.15,0.15,NORMAL
2026-09-07 04:00:00,R115,22.3,0,0,1,0,0.15,0.15,NORMAL
2026-09-07 04:00:00,R116,22.3,0,0,1,0,0.15,0.15,NORMAL
2026-09-07 04:00:00,R117,22.3,0,0,1,0,0.15,0.15,NORMAL
2026-09-07 04:00:00,R118,22.3,0,0,1,0,0.15,0.15,NORMAL
2026-09-07 04:00:00,R119,22.3,0,0,1,0,0.15,0.15,NORMAL
2026-09-07 04:00:00,R120,22.3,0,0,1,0,0.15,0.15,NORMAL
2026-09-07 05:00:00,R101,26.2,0,0,1,0,0.15,0.15,NORMAL
2026-09-07 05:00:00,R102,26.2,0,0,1,0,0.15,0.15,NORMAL
2026-09-07 05:00:00,R103,26.2,1,0,1,0,0.407,0.407,NORMAL
2026-09-07 05:00:00,R104,26.2,1,0,1,0,0.393,0.393,NORMAL
2026-09-07 05:00:00,R105,26.2,0,0,1,0,0.15,0.15,NORMAL
2026-09-07 05:00:00,R106,26.2,0,0,1,0,0.15,0.15,NORMAL
2026-09-07 05:00:00,R107,26.2,0,0,1,0,0.15,0.15,NORMAL
2026-09-07 05:00:00,R108,26.2,0,0,1,0,0.15,0.15,NORMAL
2026-09-07 05:00:00,R109,26.2,1,0,1,0,0.365,0.365,NORMAL
2026-09-07 05:00:00,R110,26.2,0,0,1,0,0.15,0.15,NORMAL
2026-09-07 05:00:00,R111,26.2,0,0,1,0,0.15,0.15,NORMAL
2026-09-07 05:00:00,R112,26.2,1,0,1,0,0.358,0.358,NORMAL
2026-09-07 05:00:00,R113,26.2,0,0,1,0,0.15,0.15,NORMAL
2026-09-07 05:00:00,R114,26.2,0,0,1,0,0.15,0.15,NORMAL
2026-09-07 05:00:00,R115,26.2,0,0,1,0,0.15,0.15,NORMAL
2026-09-07 05:00:00,R116,26.2,0,0,1,0,0.15,0.15,NORMAL
2026-09-07 05:00:00,R117,26.2,0,0,1,0,0.15,0.15,NORMAL
2026-09-07 05:00:00,R118,26.2,0,0,1,0,0.15,0.15,NORMAL
2026-09-07 05:00:00,R119,26.2,0,0,1,0,0.15,0.15,NORMAL
2026-09-07 05:00:00,R120,26.2,0,0,1,0,0.15,0.15,NORMAL
2026-09-07 06:00:00,R101,28.23,2,0,0,1,0.309,0.309,NORMAL
2026-09-07 06:00:00,R102,28.23,0,0,0,1,0.15,0.15,NORMAL
2026-09-07 06:00:00,R103,28.23,2,0,0,1,0.449,0.449,NORMAL
2026-09-07 06:00:00,R104,28.23,2,0,0,1,0.408,0.408,NORMAL
2026-09-07 06:00:00,R105,28.23,1,0,0,1,0.259,0.259,NORMAL
2026-09-07 06:00:00,R106,28.23,2,0,0,1,0.304,0.304,NORMAL
2026-09-07 06:00:00,R107,28.23,1,0,0,1,0.261,0.261,NORMAL
2026-09-07 06:00:00,R108,28.23,0,0,0,1,0.15,0.15,NORMAL
2026-09-07 06:00:00,R109,28.23,2,0,0,1,0.372,0.372,NORMAL
2026-09-07 06:00:00,R110,28.23,1,0,0,1,0.296,0.296,NORMAL
2026-09-07 06:00:00,R111,28.23,1,0,0,1,0.265,0.265,NORMAL
2026-09-07 06:00:00,R112,28.23,0,0,0,1,0.15,0.15,NORMAL
2026-09-07 06:00:00,R113,28.23,1,0,0,1,0.214,0.214,NORMAL
2026-09-07 06:00:00,R114,28.23,1,0,0,1,0.201,0.201,NORMAL
2026-09-07 06:00:00,R115,28.23,0,0,0,1,0.15,0.15,NORMAL
2026-09-07 06:00:00,R116,28.23,1,0,0,1,0.223,0.223,NORMAL
2026-09-07 06:00:00,R117,28.23,2,0,0,1,0.401,0.401,NORMAL
2026-09-07 06:00:00,R118,28.23,1,0,0,1,0.288,0.288,NORMAL
2026-09-07 06:00:00,R119,28.23,1,0,0,1,0.268,0.268,NORMAL
2026-09-07 06:00:00,R120,28.23,1,0,0,1,0.211,0.211,NORMAL
2026-09-07 07:00:00,R101,28.37,1,0,0,1,0.241,0.241,NORMAL
2026-09-07 07:00:00,R102,28.37,2,0,0,1,0.373,0.373,NORMAL
2026-09-07 07:00:00,R103,28.37,1,0,0,1,0.223,0.223,NORMAL
2026-09-07 07:00:00,R104,28.37,1,0,0,1,0.245,0.245,NORMAL
2026-09-07 07:00:00,R105,28.37,1,0,0,1,0.268,0.268,NORMAL
2026-09-07 07:00:00,R106,28.37,0,0,0,1,0.15,0.15,NORMAL
2026-09-07 07:00:00,R107,28.37,0,0,0,1,0.15,0.15,NORMAL
2026-09-07 07:00:00,R108,28.37,1,0,0,1,0.223,0.223,NORMAL
2026-09-07 07:00:00,R109,28.37,2,0,0,1,0.447,0.447,NORMAL
2026-09-07 07:00:00,R110,28.37,1,0,0,1,0.268,0.268,NORMAL
2026-09-07 07:00:00,R111,28.37,0,0,0,1,0.15,0.15,NORMAL
2026-09-07 07:00:00,R112,28.37,1,0,0,1,0.278,0.278,NORMAL
2026-09-07 07:00:00,R113,28.37,0,0,0,1,0.15,0.15,NORMAL
2026-09-07 07:00:00,R114,28.37,1,0,0,1,0.298,0.298,NORMAL
2026-09-07 07:00:00,R115,28.37,1,0,0,1,0.297,0.297,NORMAL
2026-09-07 07:00:00,R116,28.37,1,0,0,1,0.299,0.299,NORMAL
2026-09-07 07:00:00,R117,28.37,2,0,0,1,0.435,0.435,NORMAL
2026-09-07 07:00:00,R118,28.37,0,0,0,1,0.15,0.15,NORMAL
2026-09-07 07:00:00,R119,28.37,2,0,0,1,0.384,0.384,NORMAL
2026-09-07 07:00:00,R120,28.37,1,0,0,1,0.28,0.28,NORMAL
2026-09-07 08:00:00,R101,33.02,2,1,0,1,2.121,2.121,NORMAL
2026-09-07 08:00:00,R102,33.02,2,1,0,1,1.681,1.681,NORMAL
2026-09-07 08:00:00,R103,33.02,0,0,0,1,0.15,0.15,NORMAL
2026-09-07 08:00:00,R104,33.02,2,1,0,1,1.94,1.94,NORMAL
2026-09-07 08:00:00,R105,33.02,1,1,0,1,1.842,1.842,NORMAL
2026-09-07 08:00:00,R106,33.02,1,1,0,1,1.68,1.68,NORMAL
2026-09-07 08:00:00,R107,33.02,1,1,0,1,1.45,1.45,NORMAL
2026-09-07 08:00:00,R108,33.02,2,1,0,1,1.783,1.783,NORMAL
2026-09-07 08:00:00,R109,33.02,1,1,0,1,1.496,1.496,NORMAL
2026-09-07 08:00:00,R110,33.02,1,1,0,1,1.866,1.866,NORMAL
2026-09-07 08:00:00,R111,33.02,2,1,0,1,1.697,1.697,NORMAL
2026-09-07 08:00:00,R112,33.02,1,1,0,1,1.657,1.657,NORMAL
2026-09-07 08:00:00,R113,33.02,0,1,0,1,1.785,1.785,AC_WASTE
2026-09-07 08:00:00,R114,33.02,1,1,0,1,1.996,1.996,NORMAL
2026-09-07 08:00:00,R115,33.02,2,1,0,1,1.943,1.943,NORMAL
2026-09-07 08:00:00,R116,33.02,1,1,0,1,2.08,2.08,NORMAL
2026-09-07 08:00:00,R117,33.02,0,0,0,1,0.15,0.15,NORMAL
2026-09-07 08:00:00,R118,33.02,2,1,0,1,1.672,1.672,NORMAL
2026-09-07 08:00:00,R119,33.02,1,1,0,1,1.761,1.761,NORMAL
2026-09-07 08:00:00,R120,33.02,0,0,0,1,0.15,0.15,NORMAL
2026-09-07 09:00:00,R101,36.35,1,1,0,1,1.584,1.584,NORMAL
2026-09-07 09:00:00,R102,36.35,1,1,0,1,1.879,1.879,NORMAL
2026-09-07 09:00:00,R103,36.35,0,0,0,1,0.15,0.15,NORMAL
2026-09-07 09:00:00,R104,36.35,1,1,0,1,1.575,1.575,NORMAL
2026-09-07 09:00:00,R105,36.35,1,1,0,1,1.47,1.47,NORMAL
2026-09-07 09:00:00,R106,36.35,2,1,0,1,1.913,1.913,NORMAL
2026-09-07 09:00:00,R107,36.35,2,1,0,1,1.753,1.753,NORMAL
2026-09-07 09:00:00,R108,36.35,0,0,0,1,0.15,0.15,NORMAL
2026-09-07 09:00:00,R109,36.35,0,0,0,1,0.15,0.15,NORMAL
2026-09-07 09:00:00,R110,36.35,1,1,0,1,2.031,2.031,NORMAL
2026-09-07 09:00:00,R111,36.35,0,0,0,1,0.15,0.15,NORMAL
2026-09-07 09:00:00,R112,36.35,0,0,0,1,0.15,0.15,NORMAL
2026-09-07 09:00:00,R113,36.35,0,0,0,1,0.15,0.15,NORMAL
2026-09-07 09:00:00,R114,36.35,2,1,0,1,1.502,1.502,NORMAL
2026-09-07 09:00:00,R115,36.35,2,1,0,1,2.019,2.019,NORMAL
2026-09-07 09:00:00,R116,36.35,0,0,0,1,0.15,0.15,NORMAL
2026-09-07 09:00:00,R117,36.35,0,0,0,1,0.15,0.15,NORMAL
2026-09-07 09:00:00,R118,36.35,2,1,0,1,1.741,1.741,NORMAL
2026-09-07 09:00:00,R119,36.35,1,1,0,1,1.735,1.735,NORMAL
2026-09-07 09:00:00,R120,36.35,2,1,0,1,1.657,1.657,NORMAL
2026-09-07 10:00:00,R101,33.89,0,0,0,1,0.15,0.15,NORMAL
2026-09-07 10:00:00,R102,33.89,1,1,0,1,1.86,1.86,NORMAL
2026-09-07 10:00:00,R103,33.89,0,0,0,1,0.15,0.15,NORMAL
2026-09-07 10:00:00,R104,33.89,1,1,0,1,1.673,1.673,NORMAL
2026-09-07 10:00:00,R105,33.89,1,1,0,1,1.595,1.595,NORMAL
2026-09-07 10:00:00,R106,33.89,0,0,0,1,0.15,0.15,NORMAL
2026-09-07 10:00:00,R107,33.89,1,1,0,1,2.072,2.072,NORMAL
2026-09-07 10:00:00,R108,33.89,0,0,0,1,0.15,0.15,NORMAL
2026-09-07 10:00:00,R109,33.89,1,1,0,1,1.891,1.891,NORMAL
2026-09-07 10:00:00,R110,33.89,1,1,0,1,1.631,1.631,NORMAL
2026-09-07 10:00:00,R111,33.89,0,0,0,1,0.15,0.15,NORMAL
2026-09-07 10:00:00,R112,33.89,0,0,0,1,0.15,0.15,NORMAL
2026-09-07 10:00:00,R113,33.89,0,0,0,1,0.15,0.15,NORMAL
2026-09-07 10:00:00,R114,33.89,0,0,0,1,0.15,0.15,NORMAL
2026-09-07 10:00:00,R115,33.89,0,0,0,1,0.15,0.15,NORMAL
2026-09-07 10:00:00,R116,33.89,0,0,0,1,0.15,0.15,NORMAL
2026-09-07 10:00:00,R117,33.89,0,0,0,1,0.15,0.15,NORMAL
2026-09-07 10:00:00,R118,33.89,1,1,0,1,1.429,1.429,NORMAL
2026-09-07 10:00:00,R119,33.89,2,1,0,1,2.041,2.041,NORMAL
2026-09-07 10:00:00,R120,33.89,0,0,0,1,0.15,0.15,NORMAL
2026-09-07 11:00:00,R101,35.65,0,0,0,1,0.15,0.15,NORMAL
2026-09-07 11:00:00,R102,35.65,0,0,0,1,0.15,0.15,NORMAL
2026-09-07 11:00:00,R103,35.65,1,1,0,1,1.517,1.517,NORMAL
2026-09-07 11:00:00,R104,35.65,0,0,0,1,0.15,0.15,NORMAL
2026-09-07 11:00:00,R105,35.65,0,0,0,1,0.15,0.15,NORMAL
2026-09-07 11:00:00,R106,35.65,0,0,0,1,0.15,0.15,NORMAL
2026-09-07 11:00:00,R107,35.65,0,0,0,1,0.15,0.15,NORMAL
2026-09-07 11:00:00,R108,35.65,1,1,0,1,1.858,1.858,NORMAL
2026-09-07 11:00:00,R109,35.65,0,0,0,1,0.15,0.15,NORMAL
2026-09-07 11:00:00,R110,35.65,0,0,0,1,0.15,0.15,NORMAL
2026-09-07 11:00:00,R111,35.65,1,1,0,1,1.872,1.872,NORMAL
2026-09-07 11:00:00,R112,35.65,0,0,0,1,0.15,0.15,NORMAL
2026-09-07 11:00:00,R113,35.65,0,0,0,1,0.15,0.15,NORMAL
2026-09-07 11:00:00,R114,35.65,1,1,0,1,1.829,1.829,NORMAL
2026-09-07 11:00:00,R115,35.65,2,1,0,1,1.837,1.837,NORMAL
2026-09-07 11:00:00,R116,35.65,0,0,0,1,0.15,0.15,NORMAL
2026-09-07 11:00:00,R117,35.65,1,1,0,1,1.478,1.478,NORMAL
2026-09-07 11:00:00,R118,35.65,0,0,0,1,0.15,0.15,NORMAL
2026-09-07 11:00:00,R119,35.65,0,0,0,1,0.15,0.15,NORMAL
2026-09-07 11:00:00,R120,35.65,1,1,0,1,1.915,1.915,NORMAL
2026-09-07 12:00:00,R101,35.94,1,1,0,1,1.675,1.675,NORMAL
2026-09-07 12:00:00,R102,35.94,1,1,0,1,1.718,1.718,NORMAL
2026-09-07 12:00:00,R103,35.94,0,0,0,1,0.15,0.15,NORMAL
2026-09-07 12:00:00,R104,35.94,1,1,0,1,1.731,1.731,NORMAL
2026-09-07 12:00:00,R105,35.94,1,1,0,1,1.566,1.566,NORMAL
2026-09-07 12:00:00,R106,35.94,2,1,0,1,1.856,1.856,NORMAL
2026-09-07 12:00:00,R107,35.94,1,1,0,1,1.927,1.927,NORMAL
2026-09-07 12:00:00,R108,35.94,0,0,0,1,0.15,0.15,NORMAL
2026-09-07 12:00:00,R109,35.94,2,1,0,1,1.943,1.943,NORMAL
2026-09-07 12:00:00,R110,35.94,0,0,0,1,0.15,0.15,NORMAL
2026-09-07 12:00:00,R111,35.94,0,0,0,1,0.15,0.15,NORMAL
2026-09-07 12:00:00,R112,35.94,0,0,0,1,0.15,0.15,NORMAL
2026-09-07 12:00:00,R113,35.94,1,1,0,1,1.958,1.958,NORMAL
2026-09-07 12:00:00,R114,35.94,0,0,0,1,0.15,0.15,NORMAL
2026-09-07 12:00:00,R115,35.94,2,1,0,1,1.723,1.723,NORMAL
2026-09-07 12:00:00,R116,35.94,0,0,0,1,0.15,0.15,NORMAL
2026-09-07 12:00:00,R117,35.94,0,0,0,1,0.15,0.15,NORMAL
2026-09-07 12:00:00,R118,35.94,0,0,0,1,0.15,0.15,NORMAL
2026-09-07 12:00:00,R119,35.94,1,1,0,1,1.702,1.702,NORMAL
2026-09-07 12:00:00,R120,35.94,0,0,0,1,0.15,0.15,NORMAL
2026-09-07 13:00:00,R101,35.26,0,0,0,1,0.15,0.15,NORMAL
2026-09-07 13:00:00,R102,35.26,0,0,0,1,0.15,0.15,NORMAL
2026-09-07 13:00:00,R103,35.26,1,1,0,1,1.872,1.872,NORMAL
2026-09-07 13:00:00,R104,35.26,0,0,0,1,0.15,0.15,NORMAL
2026-09-07 13:00:00,R105,35.26,2,1,0,1,1.868,1.868,NORMAL
2026-09-07 13:00:00,R106,35.26,0,0,0,1,0.15,0.15,NORMAL
2026-09-07 13:00:00,R107,35.26,1,1,0,1,1.895,1.895,NORMAL
2026-09-07 13:00:00,R108,35.26,2,1,0,1,1.63,1.63,NORMAL
2026-09-07 13:00:00,R109,35.26,1,1,0,1,1.572,1.572,NORMAL
2026-09-07 13:00:00,R110,35.26,0,0,0,1,0.15,0.15,NORMAL
2026-09-07 13:00:00,R111,35.26,0,0,0,1,0.15,0.15,NORMAL
2026-09-07 13:00:00,R112,35.26,0,0,0,1,0.15,0.15,NORMAL
2026-09-07 13:00:00,R113,35.26,1,1,0,1,1.833,1.833,NORMAL
2026-09-07 13:00:00,R114,35.26,2,1,0,1,2.134,2.134,NORMAL
2026-09-07 13:00:00,R115,35.26,1,1,0,1,1.772,1.772,NORMAL
2026-09-07 13:00:00,R116,35.26,1,1,0,1,1.529,1.529,NORMAL
2026-09-07 13:00:00,R117,35.26,0,0,0,1,0.15,0.15,NORMAL
2026-09-07 13:00:00,R118,35.26,1,1,0,1,1.798,1.798,NORMAL
2026-09-07 13:00:00,R119,35.26,0,0,0,1,0.15,0.15,NORMAL
2026-09-07 13:00:00,R120,35.26,0,0,0,1,0.15,0.15,NORMAL
2026-09-07 14:00:00,R101,33.62,0,0,0,1,0.15,0.15,NORMAL
2026-09-07 14:00:00,R102,33.62,0,0,0,1,0.15,0.15,NORMAL
2026-09-07 14:00:00,R103,33.62,0,0,0,1,0.15,0.15,NORMAL
2026-09-07 14:00:00,R104,33.62,0,0,0,1,0.15,0.15,NORMAL
2026-09-07 14:00:00,R105,33.62,0,0,0,1,0.15,0.15,NORMAL
2026-09-07 14:00:00,R106,33.62,0,0,0,1,0.15,0.15,NORMAL
2026-09-07 14:00:00,R107,33.62,1,1,0,1,1.545,1.545,NORMAL
2026-09-07 14:00:00,R108,33.62,0,0,0,1,0.15,0.15,NORMAL
2026-09-07 14:00:00,R109,33.62,0,0,0,1,0.15,0.15,NORMAL
2026-09-07 14:00:00,R110,33.62,0,0,0,1,0.15,0.15,NORMAL
2026-09-07 14:00:00,R111,33.62,1,1,0,1,1.52,1.52,NORMAL
2026-09-07 14:00:00,R112,33.62,0,0,0,1,0.15,0.15,NORMAL
2026-09-07 14:00:00,R113,33.62,2,1,0,1,1.889,1.889,NORMAL
2026-09-07 14:00:00,R114,33.62,1,1,0,1,1.717,1.717,NORMAL
2026-09-07 14:00:00,R115,33.62,0,0,0,1,0.15,0.15,NORMAL
2026-09-07 14:00:00,R116,33.62,0,0,0,1,0.15,0.15,NORMAL
2026-09-07 14:00:00,R117,33.62,0,0,0,1,0.15,0.15,NORMAL
2026-09-07 14:00:00,R118,33.62,0,0,0,1,0.59,0.59,STANDBY_WASTE
2026-09-07 14:00:00,R119,33.62,1,1,0,1,2.02,2.02,NORMAL
2026-09-07 14:00:00,R120,33.62,0,0,0,1,0.15,0.15,NORMAL
2026-09-07 15:00:00,R101,32.31,2,1,0,1,1.72,1.72,NORMAL
2026-09-07 15:00:00,R102,32.31,0,0,0,1,0.15,0.15,NORMAL
2026-09-07 15:00:00,R103,32.31,0,0,0,1,0.15,0.15,NORMAL
2026-09-07 15:00:00,R104,32.31,1,1,0,1,1.991,1.991,NORMAL
2026-09-07 15:00:00,R105,32.31,1,1,0,1,1.788,1.788,NORMAL
2026-09-07 15:00:00,R106,32.31,0,0,0,1,0.15,0.15,NORMAL
2026-09-07 15:00:00,R107,32.31,0,0,0,1,0.15,0.15,NORMAL
2026-09-07 15:00:00,R108,32.31,0,0,0,1,0.15,0.15,NORMAL
2026-09-07 15:00:00,R109,32.31,0,0,0,1,0.15,0.15,NORMAL
2026-09-07 15:00:00,R110,32.31,1,1,0,1,1.703,1.703,NORMAL
2026-09-07 15:00:00,R111,32.31,0,0,0,1,0.15,0.15,NORMAL
2026-09-07 15:00:00,R112,32.31,1,1,0,1,1.622,1.622,NORMAL
2026-09-07 15:00:00,R113,32.31,1,1,0,1,1.966,1.966,NORMAL
2026-09-07 15:00:00,R114,32.31,0,0,0,1,0.15,0.15,NORMAL
2026-09-07 15:00:00,R115,32.31,0,0,0,1,0.15,0.15,NORMAL
2026-09-07 15:00:00,R116,32.31,1,1,0,1,1.781,1.781,NORMAL
2026-09-07 15:00:00,R117,32.31,0,0,0,1,0.15,0.15,NORMAL
2026-09-07 15:00:00,R118,32.31,1,1,0,1,1.848,1.848,NORMAL
2026-09-07 15:00:00,R119,32.31,0,0,0,1,0.15,0.15,NORMAL
2026-09-07 15:00:00,R120,32.31,1,1,0,1,1.933,1.933,NORMAL
2026-09-07 16:00:00,R101,31.41,0,0,0,1,0.15,0.15,NORMAL
2026-09-07 16:00:00,R102,31.41,1,1,0,1,1.828,1.828,NORMAL
2026-09-07 16:00:00,R103,31.41,1,1,0,1,1.739,1.739,NORMAL
2026-09-07 16:00:00,R104,31.41,0,0,0,1,0.15,0.15,NORMAL
2026-09-07 16:00:00,R105,31.41,0,0,0,1,0.15,0.15,NORMAL
2026-09-07 16:00:00,R106,31.41,0,0,0,1,0.15,0.15,NORMAL
2026-09-07 16:00:00,R107,31.41,1,1,0,1,1.926,1.926,NORMAL
2026-09-07 16:00:00,R108,31.41,0,0,0,1,0.15,0.15,NORMAL
2026-09-07 16:00:00,R109,31.41,0,0,0,1,0.15,0.15,NORMAL
2026-09-07 16:00:00,R110,31.41,0,0,0,1,0.15,0.15,NORMAL
2026-09-07 16:00:00,R111,31.41,0,0,0,1,0.15,0.15,NORMAL
2026-09-07 16:00:00,R112,31.41,0,0,0,1,0.15,0.15,NORMAL
2026-09-07 16:00:00,R113,31.41,1,1,0,1,1.496,1.496,NORMAL
2026-09-07 16:00:00,R114,31.41,0,0,0,1,0.15,0.15,NORMAL
2026-09-07 16:00:00,R115,31.41,2,1,0,1,2.465,2.465,STANDBY_WASTE
2026-09-07 16:00:00,R116,31.41,1,1,0,1,1.526,1.526,NORMAL
2026-09-07 16:00:00,R117,31.41,1,1,0,1,1.798,1.798,NORMAL
2026-09-07 16:00:00,R118,31.41,1,1,0,1,1.692,1.692,NORMAL
2026-09-07 16:00:00,R119,31.41,0,0,0,1,0.15,0.15,NORMAL
2026-09-07 16:00:00,R120,31.41,0,0,0,1,0.15,0.15,NORMAL
2026-09-07 17:00:00,R101,30.62,2,1,0,1,2.424,2.424,STANDBY_WASTE
2026-09-07 17:00:00,R102,30.62,0,0,0,1,0.15,0.15,NORMAL
2026-09-07 17:00:00,R103,30.62,0,0,0,1,0.15,0.15,NORMAL
2026-09-07 17:00:00,R104,30.62,2,1,0,1,2.039,2.039,NORMAL
2026-09-07 17:00:00,R105,30.62,2,1,0,1,1.65,1.65,NORMAL
2026-09-07 17:00:00,R106,30.62,2,1,0,1,2.231,2.231,NORMAL
2026-09-07 17:00:00,R107,30.62,1,1,0,1,1.856,1.856,NORMAL
2026-09-07 17:00:00,R108,30.62,2,1,0,1,2.066,2.066,NORMAL
2026-09-07 17:00:00,R109,30.62,1,1,0,1,2.015,2.015,NORMAL
2026-09-07 17:00:00,R110,30.62,0,0,0,1,0.15,0.15,NORMAL
2026-09-07 17:00:00,R111,30.62,1,1,0,1,1.583,1.583,NORMAL
2026-09-07 17:00:00,R112,30.62,0,0,0,1,0.15,0.15,NORMAL
2026-09-07 17:00:00,R113,30.62,1,1,0,1,1.73,1.73,NORMAL
2026-09-07 17:00:00,R114,30.62,2,1,0,1,2.19,2.19,NORMAL
2026-09-07 17:00:00,R115,30.62,1,1,0,1,1.834,1.834,NORMAL
2026-09-07 17:00:00,R116,30.62,1,1,0,1,2.057,2.057,NORMAL
2026-09-07 17:00:00,R117,30.62,1,1,0,1,1.502,1.502,NORMAL
2026-09-07 17:00:00,R118,30.62,1,1,0,1,1.614,1.614,NORMAL
2026-09-07 17:00:00,R119,30.62,2,1,0,1,1.969,1.969,NORMAL
2026-09-07 17:00:00,R120,30.62,2,1,0,1,1.667,1.667,NORMAL
2026-09-07 18:00:00,R101,27.77,2,0,1,1,0.498,0.498,NORMAL
2026-09-07 18:00:00,R102,27.77,2,0,1,1,0.358,0.358,NORMAL
2026-09-07 18:00:00,R103,27.77,2,0,1,1,0.417,0.417,NORMAL
2026-09-07 18:00:00,R104,27.77,1,0,1,1,0.489,0.489,NORMAL
2026-09-07 18:00:00,R105,27.77,1,0,1,1,0.356,0.356,NORMAL
2026-09-07 18:00:00,R106,27.77,2,0,1,1,0.542,0.542,NORMAL
2026-09-07 18:00:00,R107,27.77,2,0,1,1,0.395,0.395,NORMAL
2026-09-07 18:00:00,R108,27.77,1,0,1,1,0.402,0.402,NORMAL
2026-09-07 18:00:00,R109,27.77,2,0,1,1,0.486,0.486,NORMAL
2026-09-07 18:00:00,R110,27.77,1,0,1,1,0.295,0.295,NORMAL
2026-09-07 18:00:00,R111,27.77,2,0,1,1,0.488,0.488,NORMAL
2026-09-07 18:00:00,R112,27.77,1,0,1,1,1.212,1.212,STANDBY_WASTE
2026-09-07 18:00:00,R113,27.77,0,0,1,1,0.15,0.15,NORMAL
2026-09-07 18:00:00,R114,27.77,1,0,1,1,0.302,0.302,NORMAL
2026-09-07 18:00:00,R115,27.77,2,0,1,1,0.568,0.568,NORMAL
2026-09-07 18:00:00,R116,27.77,0,0,1,1,0.15,0.15,NORMAL
2026-09-07 18:00:00,R117,27.77,0,0,1,1,0.15,0.15,NORMAL
2026-09-07 18:00:00,R118,27.77,2,0,1,1,0.454,0.454,NORMAL
2026-09-07 18:00:00,R119,27.77,0,0,1,1,0.15,0.15,NORMAL
2026-09-07 18:00:00,R120,27.77,1,0,1,1,0.359,0.359,NORMAL
2026-09-07 19:00:00,R101,26.53,1,0,1,1,0.411,0.411,NORMAL
2026-09-07 19:00:00,R102,26.53,2,0,1,1,0.44,0.44,NORMAL
2026-09-07 19:00:00,R103,26.53,0,0,1,1,0.15,0.15,NORMAL
2026-09-07 19:00:00,R104,26.53,1,0,1,1,0.405,0.405,NORMAL
2026-09-07 19:00:00,R105,26.53,2,0,1,1,0.503,0.503,NORMAL
2026-09-07 19:00:00,R106,26.53,1,0,1,1,0.482,0.482,NORMAL
2026-09-07 19:00:00,R107,26.53,1,0,1,1,0.331,0.331,NORMAL
2026-09-07 19:00:00,R108,26.53,1,0,1,1,0.453,0.453,NORMAL
2026-09-07 19:00:00,R109,26.53,2,0,1,1,0.445,0.445,NORMAL
2026-09-07 19:00:00,R110,26.53,0,0,1,1,0.15,0.15,NORMAL
2026-09-07 19:00:00,R111,26.53,2,0,1,1,0.503,0.503,NORMAL
2026-09-07 19:00:00,R112,26.53,2,0,1,1,0.525,0.525,NORMAL
2026-09-07 19:00:00,R113,26.53,2,0,1,1,0.397,0.397,NORMAL
2026-09-07 19:00:00,R114,26.53,2,0,1,1,0.468,0.468,NORMAL
2026-09-07 19:00:00,R115,26.53,2,0,1,1,0.639,0.639,NORMAL
2026-09-07 19:00:00,R116,26.53,1,0,1,1,0.437,0.437,NORMAL
2026-09-07 19:00:00,R117,26.53,1,0,1,1,0.398,0.398,NORMAL
2026-09-07 19:00:00,R118,26.53,1,0,1,1,0.336,0.336,NORMAL
2026-09-07 19:00:00,R119,26.53,1,0,1,1,0.303,0.303,NORMAL
2026-09-07 19:00:00,R120,26.53,2,0,1,1,0.532,0.532,NORMAL
2026-09-07 20:00:00,R101,22.73,1,0,1,1,0.361,0.361,NORMAL
2026-09-07 20:00:00,R102,22.73,1,0,1,1,0.405,0.405,NORMAL
2026-09-07 20:00:00,R103,22.73,0,0,1,1,0.15,0.15,NORMAL
2026-09-07 20:00:00,R104,22.73,1,0,1,1,0.483,0.483,NORMAL
2026-09-07 20:00:00,R105,22.73,1,0,1,1,0.885,0.885,STANDBY_WASTE
2026-09-07 20:00:00,R106,22.73,1,0,1,1,0.469,0.469,NORMAL
2026-09-07 20:00:00,R107,22.73,1,0,1,1,0.359,0.359,NORMAL
2026-09-07 20:00:00,R108,22.73,2,0,1,1,0.58,0.58,NORMAL
2026-09-07 20:00:00,R109,22.73,1,0,1,1,0.354,0.354,NORMAL
2026-09-07 20:00:00,R110,22.73,1,0,1,1,0.352,0.352,NORMAL
2026-09-07 20:00:00,R111,22.73,2,0,1,1,0.485,0.485,NORMAL
2026-09-07 20:00:00,R112,22.73,0,0,1,1,0.15,0.15,NORMAL
2026-09-07 20:00:00,R113,22.73,1,0,1,1,0.414,0.414,NORMAL
2026-09-07 20:00:00,R114,22.73,2,0,1,1,0.529,0.529,NORMAL
2026-09-07 20:00:00,R115,22.73,1,0,1,1,0.406,0.406,NORMAL
2026-09-07 20:00:00,R116,22.73,2,0,1,1,0.485,0.485,NORMAL
2026-09-07 20:00:00,R117,22.73,1,0,1,1,0.43,0.43,NORMAL
2026-09-07 20:00:00,R118,22.73,2,0,1,1,0.477,0.477,NORMAL
2026-09-07 20:00:00,R119,22.73,2,0,1,1,0.417,0.417,NORMAL
2026-09-07 20:00:00,R120,22.73,1,0,1,1,0.38,0.38,NORMAL
2026-09-07 21:00:00,R101,21.63,2,0,1,1,0.558,0.558,NORMAL
2026-09-07 21:00:00,R102,21.63,2,0,1,1,0.498,0.498,NORMAL
2026-09-07 21:00:00,R103,21.63,2,0,1,1,0.438,0.438,NORMAL
2026-09-07 21:00:00,R104,21.63,1,0,1,1,0.364,0.364,NORMAL
2026-09-07 21:00:00,R105,21.63,2,0,1,1,0.364,0.364,NORMAL
2026-09-07 21:00:00,R106,21.63,2,0,1,1,0.372,0.372,NORMAL
2026-09-07 21:00:00,R107,21.63,0,1,1,1,1.794,1.794,AC_WASTE
2026-09-07 21:00:00,R108,21.63,2,0,1,1,0.468,0.468,NORMAL
2026-09-07 21:00:00,R109,21.63,2,0,1,1,0.473,0.473,NORMAL
2026-09-07 21:00:00,R110,21.63,1,0,1,1,0.299,0.299,NORMAL
2026-09-07 21:00:00,R111,21.63,0,0,1,1,0.15,0.15,NORMAL
2026-09-07 21:00:00,R112,21.63,2,0,1,1,0.486,0.486,NORMAL
2026-09-07 21:00:00,R113,21.63,2,0,1,1,0.495,0.495,NORMAL
2026-09-07 21:00:00,R114,21.63,1,0,1,1,0.386,0.386,NORMAL
2026-09-07 21:00:00,R115,21.63,1,0,1,1,0.429,0.429,NORMAL
2026-09-07 21:00:00,R116,21.63,1,0,1,1,0.4,0.4,NORMAL
2026-09-07 21:00:00,R117,21.63,1,0,1,1,0.425,0.425,NORMAL
2026-09-07 21:00:00,R118,21.63,1,0,1,1,0.434,0.434,NORMAL
2026-09-07 21:00:00,R119,21.63,1,0,1,1,0.382,0.382,NORMAL
2026-09-07 21:00:00,R120,21.63,1,0,1,1,0.415,0.415,NORMAL
2026-09-07 22:00:00,R101,21.47,1,0,1,1,0.405,0.405,NORMAL
2026-09-07 22:00:00,R102,21.47,1,0,1,1,0.343,0.343,NORMAL
2026-09-07 22:00:00,R103,21.47,0,0,1,1,0.15,0.15,NORMAL
2026-09-07 22:00:00,R104,21.47,2,0,1,1,0.415,0.415,NORMAL
2026-09-07 22:00:00,R105,21.47,2,0,1,1,0.555,0.555,NORMAL
2026-09-07 22:00:00,R106,21.47,1,0,1,1,0.399,0.399,NORMAL
2026-09-07 22:00:00,R107,21.47,2,0,1,1,0.561,0.561,NORMAL
2026-09-07 22:00:00,R108,21.47,2,0,1,1,0.488,0.488,NORMAL
2026-09-07 22:00:00,R109,21.47,1,0,1,1,0.447,0.447,NORMAL
2026-09-07 22:00:00,R110,21.47,1,0,1,1,0.434,0.434,NORMAL
2026-09-07 22:00:00,R111,21.47,0,0,1,1,0.15,0.15,NORMAL
2026-09-07 22:00:00,R112,21.47,2,0,1,1,0.415,0.415,NORMAL
2026-09-07 22:00:00,R113,21.47,1,0,1,1,0.439,0.439,NORMAL
2026-09-07 22:00:00,R114,21.47,1,0,1,1,0.354,0.354,NORMAL
2026-09-07 22:00:00,R115,21.47,1,0,1,1,0.362,0.362,NORMAL
2026-09-07 22:00:00,R116,21.47,2,0,1,1,0.491,0.491,NORMAL
2026-09-07 22:00:00,R117,21.47,0,0,1,1,0.15,0.15,NORMAL
2026-09-07 22:00:00,R118,21.47,2,0,1,1,0.51,0.51,NORMAL
2026-09-07 22:00:00,R119,21.47,1,0,1,1,0.426,0.426,NORMAL
2026-09-07 22:00:00,R120,21.47,1,0,1,1,0.379,0.379,NORMAL
2026-09-07 23:00:00,R101,21.99,0,0,1,0,0.15,0.15,NORMAL
2026-09-07 23:00:00,R102,21.99,0,0,1,0,0.15,0.15,NORMAL
2026-09-07 23:00:00,R103,21.99,0,0,1,0,0.15,0.15,NORMAL
2026-09-07 23:00:00,R104,21.99,1,0,1,0,0.3,0.3,NORMAL
2026-09-07 23:00:00,R105,21.99,0,0,1,0,0.15,0.15,NORMAL
2026-09-07 23:00:00,R106,21.99,0,0,1,0,0.15,0.15,NORMAL
2026-09-07 23:00:00,R107,21.99,0,0,1,0,0.15,0.15,NORMAL
2026-09-07 23:00:00,R108,21.99,0,0,1,0,0.15,0.15,NORMAL
2026-09-07 23:00:00,R109,21.99,1,0,1,0,0.301,0.301,NORMAL
2026-09-07 23:00:00,R110,21.99,0,0,1,0,0.15,0.15,NORMAL
2026-09-07 23:00:00,R111,21.99,0,0,1,0,0.15,0.15,NORMAL
2026-09-07 23:00:00,R112,21.99,0,0,1,0,0.15,0.15,NORMAL
2026-09-07 23:00:00,R113,21.99,0,0,1,0,0.15,0.15,NORMAL
2026-09-07 23:00:00,R114,21.99,0,0,1,0,0.15,0.15,NORMAL
2026-09-07 23:00:00,R115,21.99,0,0,1,0,0.15,0.15,NORMAL
2026-09-07 23:00:00,R116,21.99,0,0,1,0,0.15,0.15,NORMAL
2026-09-07 23:00:00,R117,21.99,0,0,1,0,0.15,0.15,NORMAL
2026-09-07 23:00:00,R118,21.99,0,0,1,0,0.15,0.15,NORMAL
2026-09-07 23:00:00,R119,21.99,0,0,1,0,0.15,0.15,NORMAL
2026-09-07 23:00:00,R120,21.99,0,0,1,0,0.15,0.15,NORMAL
2026-09-08 00:00:00,R101,15.63,0,0,1,0,0.15,0.15,NORMAL
2026-09-08 00:00:00,R102,15.63,1,0,1,0,0.314,0.314,NORMAL
2026-09-08 00:00:00,R103,15.63,0,0,1,0,0.15,0.15,NORMAL
2026-09-08 00:00:00,R104,15.63,0,0,1,0,0.15,0.15,NORMAL
2026-09-08 00:00:00,R105,15.63,0,0,1,0,0.15,0.15,NORMAL
2026-09-08 00:00:00,R106,15.63,0,0,1,0,0.15,0.15,NORMAL
2026-09-08 00:00:00,R107,15.63,0,0,1,0,0.15,0.15,NORMAL
2026-09-08 00:00:00,R108,15.63,0,0,1,0,0.15,0.15,NORMAL
2026-09-08 00:00:00,R109,15.63,0,0,1,0,0.15,0.15,NORMAL
2026-09-08 00:00:00,R110,15.63,1,0,1,0,0.363,0.363,NORMAL
2026-09-08 00:00:00,R111,15.63,0,0,1,0,0.15,0.15,NORMAL
2026-09-08 00:00:00,R112,15.63,0,0,1,0,0.15,0.15,NORMAL
2026-09-08 00:00:00,R113,15.63,0,0,1,0,0.15,0.15,NORMAL
2026-09-08 00:00:00,R114,15.63,1,0,1,0,0.302,0.302,NORMAL
2026-09-08 00:00:00,R115,15.63,1,0,1,0,0.384,0.384,NORMAL
2026-09-08 00:00:00,R116,15.63,0,0,1,0,0.15,0.15,NORMAL
2026-09-08 00:00:00,R117,15.63,1,0,1,0,0.42,0.42,NORMAL
2026-09-08 00:00:00,R118,15.63,1,0,1,0,0.394,0.394,NORMAL
2026-09-08 00:00:00,R119,15.63,0,0,1,0,0.15,0.15,NORMAL
2026-09-08 00:00:00,R120,15.63,0,0,1,0,0.15,0.15,NORMAL
2026-09-08 01:00:00,R101,17.58,0,0,1,0,0.15,0.15,NORMAL
2026-09-08 01:00:00,R102,17.58,0,0,1,0,0.15,0.15,NORMAL
2026-09-08 01:00:00,R103,17.58,0,0,1,0,0.15,0.15,NORMAL
2026-09-08 01:00:00,R104,17.58,0,0,1,0,0.15,0.15,NORMAL
2026-09-08 01:00:00,R105,17.58,0,0,1,0,0.15,0.15,NORMAL
2026-09-08 01:00:00,R106,17.58,0,0,1,0,0.15,0.15,NORMAL
2026-09-08 01:00:00,R107,17.58,0,0,1,0,0.15,0.15,NORMAL
2026-09-08 01:00:00,R108,17.58,0,0,1,0,0.15,0.15,NORMAL
2026-09-08 01:00:00,R109,17.58,0,0,1,0,0.15,0.15,NORMAL
2026-09-08 01:00:00,R110,17.58,1,0,1,0,0.48,0.48,NORMAL
2026-09-08 01:00:00,R111,17.58,0,0,1,0,0.15,0.15,NORMAL
2026-09-08 01:00:00,R112,17.58,0,0,1,0,0.15,0.15,NORMAL
2026-09-08 01:00:00,R113,17.58,1,0,1,0,0.396,0.396,NORMAL
2026-09-08 01:00:00,R114,17.58,0,0,1,0,0.15,0.15,NORMAL
2026-09-08 01:00:00,R115,17.58,0,0,1,0,0.15,0.15,NORMAL
2026-09-08 01:00:00,R116,17.58,0,0,1,0,0.15,0.15,NORMAL
2026-09-08 01:00:00,R117,17.58,0,0,1,0,0.15,0.15,NORMAL
2026-09-08 01:00:00,R118,17.58,0,0,1,0,0.15,0.15,NORMAL
2026-09-08 01:00:00,R119,17.58,0,0,1,0,0.15,0.15,NORMAL
2026-09-08 01:00:00,R120,17.58,0,1,1,0,1.541,1.541,AC_WASTE
2026-09-08 02:00:00,R101,20.0,0,0,1,0,0.15,0.15,NORMAL
2026-09-08 02:00:00,R102,20.0,0,0,1,0,0.15,0.15,NORMAL
2026-09-08 02:00:00,R103,20.0,0,0,1,0,0.15,0.15,NORMAL
2026-09-08 02:00:00,R104,20.0,1,0,1,0,0.386,0.386,NORMAL
2026-09-08 02:00:00,R105,20.0,1,0,1,0,0.317,0.317,NORMAL
2026-09-08 02:00:00,R106,20.0,0,0,1,0,0.15,0.15,NORMAL
2026-09-08 02:00:00,R107,20.0,0,0,1,0,0.15,0.15,NORMAL
2026-09-08 02:00:00,R108,20.0,0,0,1,0,0.15,0.15,NORMAL
2026-09-08 02:00:00,R109,20.0,1,0,1,0,0.479,0.479,NORMAL
2026-09-08 02:00:00,R110,20.0,1,0,1,0,0.389,0.389,NORMAL
2026-09-08 02:00:00,R111,20.0,0,0,1,0,0.15,0.15,NORMAL
2026-09-08 02:00:00,R112,20.0,0,0,1,0,0.15,0.15,NORMAL
2026-09-08 02:00:00,R113,20.0,1,0,1,0,0.312,0.312,NORMAL
2026-09-08 02:00:00,R114,20.0,0,0,1,0,0.15,0.15,NORMAL
2026-09-08 02:00:00,R115,20.0,0,0,1,0,0.15,0.15,NORMAL
2026-09-08 02:00:00,R116,20.0,0,0,1,0,0.15,0.15,NORMAL
2026-09-08 02:00:00,R117,20.0,0,0,1,0,0.15,0.15,NORMAL
2026-09-08 02:00:00,R118,20.0,0,0,1,0,0.15,0.15,NORMAL
2026-09-08 02:00:00,R119,20.0,0,0,1,0,0.15,0.15,NORMAL
2026-09-08 02:00:00,R120,20.0,1,0,1,0,0.39,0.39,NORMAL
2026-09-08 03:00:00,R101,23.55,0,0,1,0,0.15,0.15,NORMAL
2026-09-08 03:00:00,R102,23.55,0,0,1,0,0.15,0.15,NORMAL
2026-09-08 03:00:00,R103,23.55,0,0,1,0,0.15,0.15,NORMAL
2026-09-08 03:00:00,R104,23.55,0,0,1,0,0.15,0.15,NORMAL
2026-09-08 03:00:00,R105,23.55,0,0,1,0,0.15,0.15,NORMAL
2026-09-08 03:00:00,R106,23.55,0,0,1,0,0.15,0.15,NORMAL
2026-09-08 03:00:00,R107,23.55,0,0,1,0,0.15,0.15,NORMAL
2026-09-08 03:00:00,R108,23.55,0,0,1,0,0.15,0.15,NORMAL
2026-09-08 03:00:00,R109,23.55,0,0,1,0,0.15,0.15,NORMAL
2026-09-08 03:00:00,R110,23.55,0,0,1,0,0.15,0.15,NORMAL
2026-09-08 03:00:00,R111,23.55,0,0,1,0,0.15,0.15,NORMAL
2026-09-08 03:00:00,R112,23.55,0,0,1,0,0.15,0.15,NORMAL
2026-09-08 03:00:00,R113,23.55,0,0,1,0,0.15,0.15,NORMAL
2026-09-08 03:00:00,R114,23.55,0,0,1,0,0.15,0.15,NORMAL
2026-09-08 03:00:00,R115,23.55,0,0,1,0,0.15,0.15,NORMAL
2026-09-08 03:00:00,R116,23.55,0,0,1,0,0.15,0.15,NORMAL
2026-09-08 03:00:00,R117,23.55,0,1,1,0,1.402,1.402,AC_WASTE
2026-09-08 03:00:00,R118,23.55,0,0,1,0,0.15,0.15,NORMAL
2026-09-08 03:00:00,R119,23.55,0,0,1,0,0.15,0.15,NORMAL
2026-09-08 03:00:00,R120,23.55,0,0,1,0,0.15,0.15,NORMAL
2026-09-08 04:00:00,R101,24.13,0,0,1,0,0.15,0.15,NORMAL
2026-09-08 04:00:00,R102,24.13,0,0,1,0,0.15,0.15,NORMAL
2026-09-08 04:00:00,R103,24.13,1,0,1,0,0.393,0.393,NORMAL
2026-09-08 04:00:00,R104,24.13,1,0,1,0,0.411,0.411,NORMAL
2026-09-08 04:00:00,R105,24.13,1,0,1,0,0.351,0.351,NORMAL
2026-09-08 04:00:00,R106,24.13,0,0,1,0,0.15,0.15,NORMAL
2026-09-08 04:00:00,R107,24.13,0,0,1,0,0.15,0.15,NORMAL
2026-09-08 04:00:00,R108,24.13,0,0,1,0,0.15,0.15,NORMAL
2026-09-08 04:00:00,R109,24.13,0,0,1,0,0.15,0.15,NORMAL
2026-09-08 04:00:00,R110,24.13,0,0,1,0,0.15,0.15,NORMAL
2026-09-08 04:00:00,R111,24.13,0,0,1,0,0.15,0.15,NORMAL
2026-09-08 04:00:00,R112,24.13,0,0,1,0,0.15,0.15,NORMAL
2026-09-08 04:00:00,R113,24.13,0,0,1,0,0.15,0.15,NORMAL
2026-09-08 04:00:00,R114,24.13,0,0,1,0,0.15,0.15,NORMAL
2026-09-08 04:00:00,R115,24.13,1,0,1,0,0.467,0.467,NORMAL
2026-09-08 04:00:00,R116,24.13,0,0,1,0,0.15,0.15,NORMAL
2026-09-08 04:00:00,R117,24.13,0,0,1,0,0.15,0.15,NORMAL
2026-09-08 04:00:00,R118,24.13,0,0,1,0,0.15,0.15,NORMAL
2026-09-08 04:00:00,R119,24.13,0,0,1,0,0.15,0.15,NORMAL
2026-09-08 04:00:00,R120,24.13,1,0,1,0,0.424,0.424,NORMAL
2026-09-08 05:00:00,R101,24.05,0,0,1,0,0.15,0.15,NORMAL
2026-09-08 05:00:00,R102,24.05,0,0,1,0,0.15,0.15,NORMAL
2026-09-08 05:00:00,R103,24.05,0,0,1,0,0.15,0.15,NORMAL
2026-09-08 05:00:00,R104,24.05,1,0,1,0,0.339,0.339,NORMAL
2026-09-08 05:00:00,R105,24.05,0,0,1,0,0.15,0.15,NORMAL
2026-09-08 05:00:00,R106,24.05,0,0,1,0,0.15,0.15,NORMAL
2026-09-08 05:00:00,R107,24.05,0,0,1,0,0.15,0.15,NORMAL
2026-09-08 05:00:00,R108,24.05,0,0,1,0,0.15,0.15,NORMAL
2026-09-08 05:00:00,R109,24.05,0,0,1,0,0.15,0.15,NORMAL
2026-09-08 05:00:00,R110,24.05,0,0,1,0,0.15,0.15,NORMAL
2026-09-08 05:00:00,R111,24.05,0,0,1,0,0.15,0.15,NORMAL
2026-09-08 05:00:00,R112,24.05,0,0,1,0,0.15,0.15,NORMAL
2026-09-08 05:00:00,R113,24.05,1,0,1,0,0.415,0.415,NORMAL
2026-09-08 05:00:00,R114,24.05,0,0,1,0,0.15,0.15,NORMAL
2026-09-08 05:00:00,R115,24.05,1,0,1,0,0.38,0.38,NORMAL
2026-09-08 05:00:00,R116,24.05,0,0,1,0,0.15,0.15,NORMAL
2026-09-08 05:00:00,R117,24.05,0,0,1,0,0.15,0.15,NORMAL
2026-09-08 05:00:00,R118,24.05,0,0,1,0,0.15,0.15,NORMAL
2026-09-08 05:00:00,R119,24.05,1,0,1,0,0.367,0.367,NORMAL
2026-09-08 05:00:00,R120,24.05,0,0,1,0,0.15,0.15,NORMAL
2026-09-08 06:00:00,R101,26.02,0,0,0,1,0.15,0.15,NORMAL
2026-09-08 06:00:00,R102,26.02,0,0,0,1,0.15,0.15,NORMAL
2026-09-08 06:00:00,R103,26.02,1,0,0,1,0.238,0.238,NORMAL
2026-09-08 06:00:00,R104,26.02,1,0,0,1,0.285,0.285,NORMAL
2026-09-08 06:00:00,R105,26.02,1,0,0,1,0.298,0.298,NORMAL
2026-09-08 06:00:00,R106,26.02,1,0,0,1,0.247,0.247,NORMAL
2026-09-08 06:00:00,R107,26.02,2,0,0,1,0.315,0.315,NORMAL
2026-09-08 06:00:00,R108,26.02,1,0,0,1,0.218,0.218,NORMAL
2026-09-08 06:00:00,R109,26.02,0,0,0,1,0.15,0.15,NORMAL
2026-09-08 06:00:00,R110,26.02,0,0,0,1,0.15,0.15,NORMAL
2026-09-08 06:00:00,R111,26.02,0,0,0,1,0.15,0.15,NORMAL
2026-09-08 06:00:00,R112,26.02,1,0,0,1,0.219,0.219,NORMAL
2026-09-08 06:00:00,R113,26.02,1,0,0,1,0.202,0.202,NORMAL
2026-09-08 06:00:00,R114,26.02,1,0,0,1,0.242,0.242,NORMAL
2026-09-08 06:00:00,R115,26.02,2,0,0,1,0.363,0.363,NORMAL
2026-09-08 06:00:00,R116,26.02,2,0,0,1,0.39,0.39,NORMAL
2026-09-08 06:00:00,R117,26.02,1,0,0,1,0.278,0.278,NORMAL
2026-09-08 06:00:00,R118,26.02,1,0,0,1,0.282,0.282,NORMAL
2026-09-08 06:00:00,R119,26.02,1,0,0,1,0.219,0.219,NORMAL
2026-09-08 06:00:00,R120,26.02,1,0,0,1,0.235,0.235,NORMAL
2026-09-08 07:00:00,R101,29.36,0,0,0,1,0.15,0.15,NORMAL
2026-09-08 07:00:00,R102,29.36,1,1,0,1,1.681,1.681,NORMAL
2026-09-08 07:00:00,R103,29.36,0,0,0,1,0.15,0.15,NORMAL
2026-09-08 07:00:00,R104,29.36,0,0,0,1,0.15,0.15,NORMAL
2026-09-08 07:00:00,R105,29.36,1,1,0,1,1.854,1.854,NORMAL
2026-09-08 07:00:00,R106,29.36,1,1,0,1,1.776,1.776,NORMAL
2026-09-08 07:00:00,R107,29.36,1,1,0,1,1.77,1.77,NORMAL
2026-09-08 07:00:00,R108,29.36,0,0,0,1,0.15,0.15,NORMAL
2026-09-08 07:00:00,R109,29.36,2,1,0,1,1.73,1.73,NORMAL
2026-09-08 07:00:00,R110,29.36,2,1,0,1,1.986,1.986,NORMAL
2026-09-08 07:00:00,R111,29.36,0,0,0,1,0.15,0.15,NORMAL
2026-09-08 07:00:00,R112,29.36,1,1,0,1,1.715,1.715,NORMAL
2026-09-08 07:00:00,R113,29.36,1,1,0,1,1.868,1.868,NORMAL
2026-09-08 07:00:00,R114,29.36,2,1,0,1,2.04,2.04,NORMAL
2026-09-08 07:00:00,R115,29.36,1,1,0,1,1.488,1.488,NORMAL
2026-09-08 07:00:00,R116,29.36,1,1,0,1,1.706,1.706,NORMAL
2026-09-08 07:00:00,R117,29.36,1,1,0,1,1.658,1.658,NORMAL
2026-09-08 07:00:00,R118,29.36,0,0,0,1,0.15,0.15,NORMAL
2026-09-08 07:00:00,R119,29.36,2,1,0,1,1.997,1.997,NORMAL
2026-09-08 07:00:00,R120,29.36,2,1,0,1,2.1,2.1,NORMAL
2026-09-08 08:00:00,R101,30.57,0,0,0,1,0.15,0.15,NORMAL
2026-09-08 08:00:00,R102,30.57,1,1,0,1,1.763,1.763,NORMAL
2026-09-08 08:00:00,R103,30.57,1,1,0,1,2.168,2.168,STANDBY_WASTE
2026-09-08 08:00:00,R104,30.57,0,0,0,1,0.15,0.15,NORMAL
2026-09-08 08:00:00,R105,30.57,1,1,0,1,2.03,2.03,NORMAL
2026-09-08 08:00:00,R106,30.57,1,1,0,1,1.723,1.723,NORMAL
2026-09-08 08:00:00,R107,30.57,2,1,0,1,1.862,1.862,NORMAL
2026-09-08 08:00:00,R108,30.57,2,1,0,1,1.904,1.904,NORMAL
2026-09-08 08:00:00,R109,30.57,1,1,0,1,1.978,1.978,NORMAL
2026-09-08 08:00:00,R110,30.57,2,1,0,1,1.557,1.557,NORMAL
2026-09-08 08:00:00,R111,30.57,1,1,0,1,1.971,1.971,NORMAL
2026-09-08 08:00:00,R112,30.57,0,0,0,1,0.15,0.15,NORMAL
2026-09-08 08:00:00,R113,30.57,1,1,0,1,1.671,1.671,NORMAL
2026-09-08 08:00:00,R114,30.57,1,1,0,1,1.561,1.561,NORMAL
2026-09-08 08:00:00,R115,30.57,2,1,0,1,1.97,1.97,NORMAL
2026-09-08 08:00:00,R116,30.57,1,1,0,1,1.528,1.528,NORMAL
2026-09-08 08:00:00,R117,30.57,2,1,0,1,1.501,1.501,NORMAL
2026-09-08 08:00:00,R118,30.57,2,1,0,1,1.939,1.939,NORMAL
2026-09-08 08:00:00,R119,30.57,0,0,0,1,0.15,0.15,NORMAL
2026-09-08 08:00:00,R120,30.57,0,0,0,1,0.15,0.15,NORMAL
2026-09-08 09:00:00,R101,34.09,0,0,0,1,0.15,0.15,NORMAL
2026-09-08 09:00:00,R102,34.09,0,0,0,1,0.15,0.15,NORMAL
2026-09-08 09:00:00,R103,34.09,1,1,0,1,1.74,1.74,NORMAL
2026-09-08 09:00:00,R104,34.09,0,0,0,1,0.15,0.15,NORMAL
2026-09-08 09:00:00,R105,34.09,0,0,0,1,0.15,0.15,NORMAL
2026-09-08 09:00:00,R106,34.09,0,0,0,1,0.15,0.15,NORMAL
2026-09-08 09:00:00,R107,34.09,0,0,0,1,0.15,0.15,NORMAL
2026-09-08 09:00:00,R108,34.09,0,0,0,1,0.15,0.15,NORMAL
2026-09-08 09:00:00,R109,34.09,0,0,0,1,0.15,0.15,NORMAL
2026-09-08 09:00:00,R110,34.09,2,1,0,1,1.995,1.995,NORMAL
2026-09-08 09:00:00,R111,34.09,0,0,0,1,0.15,0.15,NORMAL
2026-09-08 09:00:00,R112,34.09,2,1,0,1,2.051,2.051,NORMAL
2026-09-08 09:00:00,R113,34.09,0,0,0,1,0.15,0.15,NORMAL
2026-09-08 09:00:00,R114,34.09,0,0,0,1,0.15,0.15,NORMAL
2026-09-08 09:00:00,R115,34.09,0,0,0,1,0.15,0.15,NORMAL
2026-09-08 09:00:00,R116,34.09,0,0,0,1,0.15,0.15,NORMAL
2026-09-08 09:00:00,R117,34.09,2,1,0,1,2.056,2.056,NORMAL
2026-09-08 09:00:00,R118,34.09,0,0,0,1,0.15,0.15,NORMAL
2026-09-08 09:00:00,R119,34.09,2,1,0,1,2.093,2.093,NORMAL
2026-09-08 09:00:00,R120,34.09,0,0,0,1,0.15,0.15,NORMAL
2026-09-08 10:00:00,R101,34.62,0,0,0,1,0.15,0.15,NORMAL
2026-09-08 10:00:00,R102,34.62,0,0,0,1,0.15,0.15,NORMAL
2026-09-08 10:00:00,R103,34.62,1,1,0,1,1.983,1.983,NORMAL
2026-09-08 10:00:00,R104,34.62,0,1,0,1,1.717,1.717,AC_WASTE
2026-09-08 10:00:00,R105,34.62,0,0,0,1,0.15,0.15,NORMAL
2026-09-08 10:00:00,R106,34.62,0,0,0,1,0.15,0.15,NORMAL
2026-09-08 10:00:00,R107,34.62,1,1,0,1,1.435,1.435,NORMAL
2026-09-08 10:00:00,R108,34.62,1,1,0,1,1.721,1.721,NORMAL
2026-09-08 10:00:00,R109,34.62,1,1,0,1,1.718,1.718,NORMAL
2026-09-08 10:00:00,R110,34.62,0,0,0,1,0.15,0.15,NORMAL
2026-09-08 10:00:00,R111,34.62,1,1,0,1,1.869,1.869,NORMAL
2026-09-08 10:00:00,R112,34.62,0,0,0,1,0.15,0.15,NORMAL
2026-09-08 10:00:00,R113,34.62,0,0,0,1,0.15,0.15,NORMAL
2026-09-08 10:00:00,R114,34.62,0,0,0,1,0.15,0.15,NORMAL
2026-09-08 10:00:00,R115,34.62,2,1,0,1,1.993,1.993,NORMAL
2026-09-08 10:00:00,R116,34.62,0,0,0,1,0.15,0.15,NORMAL
2026-09-08 10:00:00,R117,34.62,1,1,0,1,1.636,1.636,NORMAL
2026-09-08 10:00:00,R118,34.62,1,1,0,1,1.649,1.649,NORMAL
2026-09-08 10:00:00,R119,34.62,0,0,0,1,0.15,0.15,NORMAL
2026-09-08 10:00:00,R120,34.62,0,0,0,1,0.15,0.15,NORMAL
2026-09-08 11:00:00,R101,36.1,0,0,0,1,0.15,0.15,NORMAL
2026-09-08 11:00:00,R102,36.1,0,0,0,1,0.15,0.15,NORMAL
2026-09-08 11:00:00,R103,36.1,2,1,0,1,1.963,1.963,NORMAL
2026-09-08 11:00:00,R104,36.1,0,0,0,1,0.15,0.15,NORMAL
2026-09-08 11:00:00,R105,36.1,0,0,0,1,0.15,0.15,NORMAL
2026-09-08 11:00:00,R106,36.1,2,1,0,1,1.674,1.674,NORMAL
2026-09-08 11:00:00,R107,36.1,2,1,0,1,2.086,2.086,NORMAL
2026-09-08 11:00:00,R108,36.1,0,1,0,1,1.506,1.506,AC_WASTE
2026-09-08 11:00:00,R109,36.1,0,0,0,1,0.15,0.15,NORMAL
2026-09-08 11:00:00,R110,36.1,1,1,0,1,1.559,1.559,NORMAL
2026-09-08 11:00:00,R111,36.1,0,0,0,1,0.15,0.15,NORMAL
2026-09-08 11:00:00,R112,36.1,0,0,0,1,0.15,0.15,NORMAL
2026-09-08 11:00:00,R113,36.1,0,0,0,1,0.15,0.15,NORMAL
2026-09-08 11:00:00,R114,36.1,2,1,0,1,1.585,1.585,NORMAL
2026-09-08 11:00:00,R115,36.1,1,1,0,1,1.71,1.71,NORMAL
2026-09-08 11:00:00,R116,36.1,1,1,0,1,1.485,1.485,NORMAL
2026-09-08 11:00:00,R117,36.1,0,0,0,1,0.15,0.15,NORMAL
2026-09-08 11:00:00,R118,36.1,0,0,0,1,0.15,0.15,NORMAL
2026-09-08 11:00:00,R119,36.1,1,1,0,1,1.575,1.575,NORMAL
2026-09-08 11:00:00,R120,36.1,0,0,0,1,0.15,0.15,NORMAL
2026-09-08 12:00:00,R101,35.56,0,0,0,1,0.15,0.15,NORMAL
2026-09-08 12:00:00,R102,35.56,0,0,0,1,0.15,0.15,NORMAL
2026-09-08 12:00:00,R103,35.56,1,1,0,1,1.629,1.629,NORMAL
2026-09-08 12:00:00,R104,35.56,0,0,0,1,0.15,0.15,NORMAL
2026-09-08 12:00:00,R105,35.56,0,0,0,1,0.15,0.15,NORMAL
2026-09-08 12:00:00,R106,35.56,1,1,0,1,1.597,1.597,NORMAL
2026-09-08 12:00:00,R107,35.56,0,0,0,1,0.15,0.15,NORMAL
2026-09-08 12:00:00,R108,35.56,0,0,0,1,0.15,0.15,NORMAL
2026-09-08 12:00:00,R109,35.56,1,1,0,1,1.484,1.484,NORMAL
2026-09-08 12:00:00,R110,35.56,0,0,0,1,0.15,0.15,NORMAL
2026-09-08 12:00:00,R111,35.56,1,1,0,1,1.665,1.665,NORMAL
2026-09-08 12:00:00,R112,35.56,1,1,0,1,1.639,1.639,NORMAL
2026-09-08 12:00:00,R113,35.56,0,0,0,1,0.15,0.15,NORMAL
2026-09-08 12:00:00,R114,35.56,0,0,0,1,0.15,0.15,NORMAL
2026-09-08 12:00:00,R115,35.56,1,1,0,1,1.711,1.711,NORMAL
2026-09-08 12:00:00,R116,35.56,0,0,0,1,0.15,0.15,NORMAL
2026-09-08 12:00:00,R117,35.56,1,1,0,1,1.782,1.782,NORMAL
2026-09-08 12:00:00,R118,35.56,2,1,0,1,1.886,1.886,NORMAL
2026-09-08 12:00:00,R119,35.56,0,0,0,1,0.15,0.15,NORMAL
2026-09-08 12:00:00,R120,35.56,1,1,0,1,1.93,1.93,NORMAL
2026-09-08 13:00:00,R101,34.75,0,0,0,1,0.15,0.15,NORMAL
2026-09-08 13:00:00,R102,34.75,1,1,0,1,1.81,1.81,NORMAL
2026-09-08 13:00:00,R103,34.75,1,1,0,1,1.785,1.785,NORMAL
2026-09-08 13:00:00,R104,34.75,1,1,0,1,1.73,1.73,NORMAL
2026-09-08 13:00:00,R105,34.75,1,1,0,1,1.56,1.56,NORMAL
2026-09-08 13:00:00,R106,34.75,1,1,0,1,1.78,1.78,NORMAL
2026-09-08 13:00:00,R107,34.75,1,1,0,1,1.836,1.836,NORMAL
2026-09-08 13:00:00,R108,34.75,1,1,0,1,1.906,1.906,NORMAL
2026-09-08 13:00:00,R109,34.75,1,1,0,1,1.75,1.75,NORMAL
2026-09-08 13:00:00,R110,34.75,1,1,0,1,1.769,1.769,NORMAL
2026-09-08 13:00:00,R111,34.75,0,0,0,1,0.15,0.15,NORMAL
2026-09-08 13:00:00,R112,34.75,1,1,0,1,1.652,1.652,NORMAL
2026-09-08 13:00:00,R113,34.75,0,0,0,1,0.15,0.15,NORMAL
2026-09-08 13:00:00,R114,34.75,0,0,0,1,0.15,0.15,NORMAL
2026-09-08 13:00:00,R115,34.75,0,0,0,1,0.15,0.15,NORMAL
2026-09-08 13:00:00,R116,34.75,0,0,0,1,0.15,0.15,NORMAL
2026-09-08 13:00:00,R117,34.75,0,0,0,1,0.15,0.15,NORMAL
2026-09-08 13:00:00,R118,34.75,0,0,0,1,0.15,0.15,NORMAL
2026-09-08 13:00:00,R119,34.75,1,1,0,1,1.535,1.535,NORMAL
2026-09-08 13:00:00,R120,34.75,0,0,0,1,0.15,0.15,NORMAL
2026-09-08 14:00:00,R101,34.76,0,0,0,1,0.15,0.15,NORMAL
2026-09-08 14:00:00,R102,34.76,0,0,0,1,0.15,0.15,NORMAL
2026-09-08 14:00:00,R103,34.76,2,1,0,1,1.565,1.565,NORMAL
2026-09-08 14:00:00,R104,34.76,0,0,0,1,0.15,0.15,NORMAL
2026-09-08 14:00:00,R105,34.76,0,0,0,1,0.15,0.15,NORMAL
2026-09-08 14:00:00,R106,34.76,0,0,0,1,0.15,0.15,NORMAL
2026-09-08 14:00:00,R107,34.76,0,0,0,1,0.15,0.15,NORMAL
2026-09-08 14:00:00,R108,34.76,1,1,0,1,1.548,1.548,NORMAL
2026-09-08 14:00:00,R109,34.76,0,0,0,1,0.15,0.15,NORMAL
2026-09-08 14:00:00,R110,34.76,1,1,0,1,1.8,1.8,NORMAL
2026-09-08 14:00:00,R111,34.76,2,1,0,1,1.557,1.557,NORMAL
2026-09-08 14:00:00,R112,34.76,0,0,0,1,0.15,0.15,NORMAL
2026-09-08 14:00:00,R113,34.76,1,1,0,1,1.703,1.703,NORMAL
2026-09-08 14:00:00,R114,34.76,0,0,0,1,0.15,0.15,NORMAL
2026-09-08 14:00:00,R115,34.76,0,0,0,1,0.15,0.15,NORMAL
2026-09-08 14:00:00,R116,34.76,2,1,0,1,1.636,1.636,NORMAL
2026-09-08 14:00:00,R117,34.76,0,0,0,1,0.15,0.15,NORMAL
2026-09-08 14:00:00,R118,34.76,1,1,0,1,1.837,1.837,NORMAL
2026-09-08 14:00:00,R119,34.76,0,0,0,1,0.15,0.15,NORMAL
2026-09-08 14:00:00,R120,34.76,0,0,0,1,0.15,0.15,NORMAL
2026-09-08 15:00:00,R101,34.28,0,0,0,1,0.15,0.15,NORMAL
2026-09-08 15:00:00,R102,34.28,1,1,0,1,1.735,1.735,NORMAL
2026-09-08 15:00:00,R103,34.28,0,0,0,1,0.15,0.15,NORMAL
2026-09-08 15:00:00,R104,34.28,1,1,0,1,2.033,2.033,NORMAL
2026-09-08 15:00:00,R105,34.28,0,0,0,1,0.15,0.15,NORMAL
2026-09-08 15:00:00,R106,34.28,0,0,0,1,0.15,0.15,NORMAL
2026-09-08 15:00:00,R107,34.28,0,0,0,1,0.15,0.15,NORMAL
2026-09-08 15:00:00,R108,34.28,1,1,0,1,1.61,1.61,NORMAL
2026-09-08 15:00:00,R109,34.28,0,0,0,1,0.15,0.15,NORMAL
2026-09-08 15:00:00,R110,34.28,1,1,0,1,1.978,1.978,NORMAL
2026-09-08 15:00:00,R111,34.28,0,0,0,1,0.15,0.15,NORMAL
2026-09-08 15:00:00,R112,34.28,2,1,0,1,1.7,1.7,NORMAL
2026-09-08 15:00:00,R113,34.28,0,0,0,1,0.15,0.15,NORMAL
2026-09-08 15:00:00,R114,34.28,0,0,0,1,0.15,0.15,NORMAL
2026-09-08 15:00:00,R115,34.28,0,1,0,1,1.454,1.454,AC_WASTE
2026-09-08 15:00:00,R116,34.28,0,0,0,1,0.15,0.15,NORMAL
2026-09-08 15:00:00,R117,34.28,0,0,0,1,0.15,0.15,NORMAL
2026-09-08 15:00:00,R118,34.28,1,1,0,1,1.723,1.723,NORMAL
2026-09-08 15:00:00,R119,34.28,1,1,0,1,1.703,1.703,NORMAL
2026-09-08 15:00:00,R120,34.28,0,0,0,1,0.15,0.15,NORMAL
2026-09-08 16:00:00,R101,31.64,1,1,0,1,1.908,1.908,NORMAL
2026-09-08 16:00:00,R102,31.64,0,0,0,1,0.15,0.15,NORMAL
2026-09-08 16:00:00,R103,31.64,1,1,0,1,1.565,1.565,NORMAL
2026-09-08 16:00:00,R104,31.64,1,1,0,1,1.837,1.837,NORMAL
2026-09-08 16:00:00,R105,31.64,0,0,0,1,0.15,0.15,NORMAL
2026-09-08 16:00:00,R106,31.64,0,0,0,1,0.15,0.15,NORMAL
2026-09-08 16:00:00,R107,31.64,0,0,0,1,0.15,0.15,NORMAL
2026-09-08 16:00:00,R108,31.64,0,0,0,1,0.15,0.15,NORMAL
2026-09-08 16:00:00,R109,31.64,1,1,0,1,1.766,1.766,NORMAL
2026-09-08 16:00:00,R110,31.64,0,0,0,1,0.15,0.15,NORMAL
2026-09-08 16:00:00,R111,31.64,0,0,0,1,0.15,0.15,NORMAL
2026-09-08 16:00:00,R112,31.64,1,1,0,1,1.67,1.67,NORMAL
2026-09-08 16:00:00,R113,31.64,1,1,0,1,1.69,1.69,NORMAL
2026-09-08 16:00:00,R114,31.64,0,0,0,1,0.15,0.15,NORMAL
2026-09-08 16:00:00,R115,31.64,0,0,0,1,0.15,0.15,NORMAL
2026-09-08 16:00:00,R116,31.64,0,0,0,1,0.15,0.15,NORMAL
2026-09-08 16:00:00,R117,31.64,1,1,0,1,1.931,1.931,NORMAL
2026-09-08 16:00:00,R118,31.64,0,0,0,1,0.15,0.15,NORMAL
2026-09-08 16:00:00,R119,31.64,1,1,0,1,1.802,1.802,NORMAL
2026-09-08 16:00:00,R120,31.64,0,0,0,1,0.15,0.15,NORMAL
2026-09-08 17:00:00,R101,26.89,2,0,0,1,0.431,0.431,NORMAL
2026-09-08 17:00:00,R102,26.89,1,0,0,1,0.227,0.227,NORMAL
2026-09-08 17:00:00,R103,26.89,1,0,0,1,0.243,0.243,NORMAL
2026-09-08 17:00:00,R104,26.89,1,0,0,1,0.234,0.234,NORMAL
2026-09-08 17:00:00,R105,26.89,2,0,0,1,0.418,0.418,NORMAL
2026-09-08 17:00:00,R106,26.89,1,0,0,1,0.22,0.22,NORMAL
2026-09-08 17:00:00,R107,26.89,1,0,0,1,0.3,0.3,NORMAL
2026-09-08 17:00:00,R108,26.89,1,0,0,1,0.23,0.23,NORMAL
2026-09-08 17:00:00,R109,26.89,2,0,0,1,0.316,0.316,NORMAL
2026-09-08 17:00:00,R110,26.89,2,0,0,1,0.417,0.417,NORMAL
2026-09-08 17:00:00,R111,26.89,1,0,0,1,0.277,0.277,NORMAL
2026-09-08 17:00:00,R112,26.89,1,0,0,1,0.278,0.278,NORMAL
2026-09-08 17:00:00,R113,26.89,1,0,0,1,0.26,0.26,NORMAL
2026-09-08 17:00:00,R114,26.89,1,0,0,1,0.216,0.216,NORMAL
2026-09-08 17:00:00,R115,26.89,1,0,0,1,0.221,0.221,NORMAL
2026-09-08 17:00:00,R116,26.89,1,0,0,1,0.234,0.234,NORMAL
2026-09-08 17:00:00,R117,26.89,2,0,0,1,0.341,0.341,NORMAL
2026-09-08 17:00:00,R118,26.89,2,0,0,1,0.421,0.421,NORMAL
2026-09-08 17:00:00,R119,26.89,1,0,0,1,0.24,0.24,NORMAL
2026-09-08 17:00:00,R120,26.89,1,0,0,1,0.205,0.205,NORMAL
2026-09-08 18:00:00,R101,29.52,1,1,1,1,1.574,1.574,NORMAL
2026-09-08 18:00:00,R102,29.52,1,1,1,1,1.627,1.627,NORMAL
2026-09-08 18:00:00,R103,29.52,2,1,1,1,2.242,2.242,NORMAL
2026-09-08 18:00:00,R104,29.52,1,1,1,1,2.067,2.067,NORMAL
2026-09-08 18:00:00,R105,29.52,1,1,1,1,1.968,1.968,NORMAL
2026-09-08 18:00:00,R106,29.52,0,0,1,1,0.15,0.15,NORMAL
2026-09-08 18:00:00,R107,29.52,2,1,1,1,1.991,1.991,NORMAL
2026-09-08 18:00:00,R108,29.52,0,0,1,1,0.15,0.15,NORMAL
2026-09-08 18:00:00,R109,29.52,2,1,1,1,1.986,1.986,NORMAL
2026-09-08 18:00:00,R110,29.52,2,1,1,1,2.184,2.184,NORMAL
2026-09-08 18:00:00,R111,29.52,1,1,1,1,1.955,1.955,NORMAL
2026-09-08 18:00:00,R112,29.52,0,0,1,1,0.15,0.15,NORMAL
2026-09-08 18:00:00,R113,29.52,2,1,1,1,1.65,1.65,NORMAL
2026-09-08 18:00:00,R114,29.52,1,1,1,1,1.945,1.945,NORMAL
2026-09-08 18:00:00,R115,29.52,1,1,1,1,1.64,1.64,NORMAL
2026-09-08 18:00:00,R116,29.52,1,1,1,1,1.72,1.72,NORMAL
2026-09-08 18:00:00,R117,29.52,1,1,1,1,1.738,1.738,NORMAL
2026-09-08 18:00:00,R118,29.52,1,1,1,1,1.796,1.796,NORMAL
2026-09-08 18:00:00,R119,29.52,0,0,1,1,0.15,0.15,NORMAL
2026-09-08 18:00:00,R120,29.52,2,1,1,1,2.152,2.152,NORMAL
2026-09-08 19:00:00,R101,24.93,0,1,1,1,1.408,1.408,AC_WASTE
2026-09-08 19:00:00,R102,24.93,2,0,1,1,0.589,0.589,NORMAL
2026-09-08 19:00:00,R103,24.93,1,0,1,1,0.336,0.336,NORMAL
2026-09-08 19:00:00,R104,24.93,1,0,1,1,0.404,0.404,NORMAL
2026-09-08 19:00:00,R105,24.93,1,0,1,1,0.489,0.489,NORMAL
2026-09-08 19:00:00,R106,24.93,1,0,1,1,0.311,0.311,NORMAL
2026-09-08 19:00:00,R107,24.93,2,0,1,1,0.59,0.59,NORMAL
2026-09-08 19:00:00,R108,24.93,2,0,1,1,0.568,0.568,NORMAL
2026-09-08 19:00:00,R109,24.93,2,0,1,1,0.623,0.623,NORMAL
2026-09-08 19:00:00,R110,24.93,2,0,1,1,0.48,0.48,NORMAL
2026-09-08 19:00:00,R111,24.93,1,0,1,1,0.388,0.388,NORMAL
2026-09-08 19:00:00,R112,24.93,1,0,1,1,0.305,0.305,NORMAL
2026-09-08 19:00:00,R113,24.93,1,0,1,1,0.368,0.368,NORMAL
2026-09-08 19:00:00,R114,24.93,2,0,1,1,0.427,0.427,NORMAL
2026-09-08 19:00:00,R115,24.93,1,0,1,1,0.379,0.379,NORMAL
2026-09-08 19:00:00,R116,24.93,2,0,1,1,0.483,0.483,NORMAL
2026-09-08 19:00:00,R117,24.93,2,0,1,1,0.396,0.396,NORMAL
2026-09-08 19:00:00,R118,24.93,1,0,1,1,0.469,0.469,NORMAL
2026-09-08 19:00:00,R119,24.93,2,0,1,1,0.479,0.479,NORMAL
2026-09-08 19:00:00,R120,24.93,1,0,1,1,0.452,0.452,NORMAL
2026-09-08 20:00:00,R101,23.12,2,0,1,1,0.442,0.442,NORMAL
2026-09-08 20:00:00,R102,23.12,0,0,1,1,0.15,0.15,NORMAL
2026-09-08 20:00:00,R103,23.12,2,0,1,1,1.06,1.06,STANDBY_WASTE
2026-09-08 20:00:00,R104,23.12,1,0,1,1,0.405,0.405,NORMAL
2026-09-08 20:00:00,R105,23.12,2,0,1,1,0.533,0.533,NORMAL
2026-09-08 20:00:00,R106,23.12,1,0,1,1,0.393,0.393,NORMAL
2026-09-08 20:00:00,R107,23.12,1,0,1,1,0.432,0.432,NORMAL
2026-09-08 20:00:00,R108,23.12,2,0,1,1,0.521,0.521,NORMAL
2026-09-08 20:00:00,R109,23.12,1,0,1,1,0.379,0.379,NORMAL
2026-09-08 20:00:00,R110,23.12,2,0,1,1,0.512,0.512,NORMAL
2026-09-08 20:00:00,R111,23.12,2,0,1,1,0.492,0.492,NORMAL
2026-09-08 20:00:00,R112,23.12,1,0,1,1,1.021,1.021,STANDBY_WASTE
2026-09-08 20:00:00,R113,23.12,1,0,1,1,0.408,0.408,NORMAL
2026-09-08 20:00:00,R114,23.12,2,0,1,1,0.565,0.565,NORMAL
2026-09-08 20:00:00,R115,23.12,2,0,1,1,0.491,0.491,NORMAL
2026-09-08 20:00:00,R116,23.12,2,0,1,1,0.616,0.616,NORMAL
2026-09-08 20:00:00,R117,23.12,2,0,1,1,0.478,0.478,NORMAL
2026-09-08 20:00:00,R118,23.12,1,0,1,1,0.394,0.394,NORMAL
2026-09-08 20:00:00,R119,23.12,1,0,1,1,0.391,0.391,NORMAL
2026-09-08 20:00:00,R120,23.12,2,0,1,1,0.446,0.446,NORMAL
2026-09-08 21:00:00,R101,22.68,1,0,1,1,0.299,0.299,NORMAL
2026-09-08 21:00:00,R102,22.68,1,0,1,1,0.429,0.429,NORMAL
2026-09-08 21:00:00,R103,22.68,0,0,1,1,0.15,0.15,NORMAL
2026-09-08 21:00:00,R104,22.68,1,0,1,1,0.374,0.374,NORMAL
2026-09-08 21:00:00,R105,22.68,0,0,1,1,0.15,0.15,NORMAL
2026-09-08 21:00:00,R106,22.68,2,0,1,1,0.56,0.56,NORMAL
2026-09-08 21:00:00,R107,22.68,1,0,1,1,0.36,0.36,NORMAL
2026-09-08 21:00:00,R108,22.68,0,0,1,1,0.15,0.15,NORMAL
2026-09-08 21:00:00,R109,22.68,1,0,1,1,0.37,0.37,NORMAL
2026-09-08 21:00:00,R110,22.68,1,0,1,1,0.449,0.449,NORMAL
2026-09-08 21:00:00,R111,22.68,1,0,1,1,0.431,0.431,NORMAL
2026-09-08 21:00:00,R112,22.68,0,0,1,1,0.15,0.15,NORMAL
2026-09-08 21:00:00,R113,22.68,2,0,1,1,1.064,1.064,STANDBY_WASTE
2026-09-08 21:00:00,R114,22.68,1,0,1,1,0.423,0.423,NORMAL
2026-09-08 21:00:00,R115,22.68,2,0,1,1,0.575,0.575,NORMAL
2026-09-08 21:00:00,R116,22.68,2,0,1,1,0.371,0.371,NORMAL
2026-09-08 21:00:00,R117,22.68,2,0,1,1,0.408,0.408,NORMAL
2026-09-08 21:00:00,R118,22.68,1,0,1,1,0.408,0.408,NORMAL
2026-09-08 21:00:00,R119,22.68,1,0,1,1,0.404,0.404,NORMAL
2026-09-08 21:00:00,R120,22.68,2,0,1,1,0.517,0.517,NORMAL
2026-09-08 22:00:00,R101,21.34,1,0,1,1,0.349,0.349,NORMAL
2026-09-08 22:00:00,R102,21.34,2,0,1,1,0.505,0.505,NORMAL
2026-09-08 22:00:00,R103,21.34,1,0,1,1,0.374,0.374,NORMAL
2026-09-08 22:00:00,R104,21.34,1,0,1,1,0.459,0.459,NORMAL
2026-09-08 22:00:00,R105,21.34,0,0,1,1,0.15,0.15,NORMAL
2026-09-08 22:00:00,R106,21.34,2,0,1,1,0.567,0.567,NORMAL
2026-09-08 22:00:00,R107,21.34,0,0,1,1,0.15,0.15,NORMAL
2026-09-08 22:00:00,R108,21.34,2,0,1,1,0.505,0.505,NORMAL
2026-09-08 22:00:00,R109,21.34,1,0,1,1,0.369,0.369,NORMAL
2026-09-08 22:00:00,R110,21.34,1,0,1,1,0.38,0.38,NORMAL
2026-09-08 22:00:00,R111,21.34,1,0,1,1,0.351,0.351,NORMAL
2026-09-08 22:00:00,R112,21.34,2,0,1,1,0.43,0.43,NORMAL
2026-09-08 22:00:00,R113,21.34,1,0,1,1,0.443,0.443,NORMAL
2026-09-08 22:00:00,R114,21.34,2,0,1,1,0.441,0.441,NORMAL
2026-09-08 22:00:00,R115,21.34,0,0,1,1,0.15,0.15,NORMAL
2026-09-08 22:00:00,R116,21.34,2,0,1,1,0.586,0.586,NORMAL
2026-09-08 22:00:00,R117,21.34,1,0,1,1,0.426,0.426,NORMAL
2026-09-08 22:00:00,R118,21.34,2,0,1,1,0.408,0.408,NORMAL
2026-09-08 22:00:00,R119,21.34,1,0,1,1,0.387,0.387,NORMAL
2026-09-08 22:00:00,R120,21.34,1,0,1,1,0.289,0.289,NORMAL
2026-09-08 23:00:00,R101,17.92,0,0,1,0,0.15,0.15,NORMAL
2026-09-08 23:00:00,R102,17.92,0,0,1,0,0.15,0.15,NORMAL
2026-09-08 23:00:00,R103,17.92,0,0,1,0,0.15,0.15,NORMAL
2026-09-08 23:00:00,R104,17.92,0,0,1,0,0.15,0.15,NORMAL
2026-09-08 23:00:00,R105,17.92,0,0,1,0,0.15,0.15,NORMAL
2026-09-08 23:00:00,R106,17.92,0,0,1,0,0.15,0.15,NORMAL
2026-09-08 23:00:00,R107,17.92,0,1,1,0,1.795,1.795,AC_WASTE
2026-09-08 23:00:00,R108,17.92,0,0,1,0,0.15,0.15,NORMAL
2026-09-08 23:00:00,R109,17.92,0,0,1,0,0.15,0.15,NORMAL
2026-09-08 23:00:00,R110,17.92,0,0,1,0,0.15,0.15,NORMAL
2026-09-08 23:00:00,R111,17.92,0,0,1,0,0.15,0.15,NORMAL
2026-09-08 23:00:00,R112,17.92,0,0,1,0,0.15,0.15,NORMAL
2026-09-08 23:00:00,R113,17.92,0,0,1,0,0.15,0.15,NORMAL
2026-09-08 23:00:00,R114,17.92,0,0,1,0,0.15,0.15,NORMAL
2026-09-08 23:00:00,R115,17.92,0,0,1,0,0.15,0.15,NORMAL
2026-09-08 23:00:00,R116,17.92,0,0,1,0,0.15,0.15,NORMAL
2026-09-08 23:00:00,R117,17.92,1,0,1,0,0.37,0.37,NORMAL
2026-09-08 23:00:00,R118,17.92,0,0,1,0,0.15,0.15,NORMAL
2026-09-08 23:00:00,R119,17.92,1,0,1,0,0.481,0.481,NORMAL
2026-09-08 23:00:00,R120,17.92,0,0,1,0,0.15,0.15,NORMAL
2026-09-09 00:00:00,R101,19.13,0,0,1,0,0.15,0.15,NORMAL
2026-09-09 00:00:00,R102,19.13,1,0,1,0,0.436,0.436,NORMAL
2026-09-09 00:00:00,R103,19.13,0,0,1,0,0.15,0.15,NORMAL
2026-09-09 00:00:00,R104,19.13,0,0,1,0,0.15,0.15,NORMAL
2026-09-09 00:00:00,R105,19.13,0,0,1,0,0.15,0.15,NORMAL
2026-09-09 00:00:00,R106,19.13,0,0,1,0,0.15,0.15,NORMAL
2026-09-09 00:00:00,R107,19.13,0,0,1,0,0.15,0.15,NORMAL
2026-09-09 00:00:00,R108,19.13,0,0,1,0,0.15,0.15,NORMAL
2026-09-09 00:00:00,R109,19.13,0,0,1,0,0.15,0.15,NORMAL
2026-09-09 00:00:00,R110,19.13,0,0,1,0,0.15,0.15,NORMAL
2026-09-09 00:00:00,R111,19.13,0,0,1,0,0.15,0.15,NORMAL
2026-09-09 00:00:00,R112,19.13,0,0,1,0,0.15,0.15,NORMAL
2026-09-09 00:00:00,R113,19.13,0,0,1,0,0.15,0.15,NORMAL
2026-09-09 00:00:00,R114,19.13,0,0,1,0,0.15,0.15,NORMAL
2026-09-09 00:00:00,R115,19.13,0,0,1,0,0.15,0.15,NORMAL
2026-09-09 00:00:00,R116,19.13,1,0,1,0,0.372,0.372,NORMAL
2026-09-09 00:00:00,R117,19.13,0,0,1,0,0.15,0.15,NORMAL
2026-09-09 00:00:00,R118,19.13,1,0,1,0,0.414,0.414,NORMAL
2026-09-09 00:00:00,R119,19.13,1,0,1,0,0.397,0.397,NORMAL
2026-09-09 00:00:00,R120,19.13,1,0,1,0,0.402,0.402,NORMAL
2026-09-09 01:00:00,R101,16.9,0,0,1,0,0.15,0.15,NORMAL
2026-09-09 01:00:00,R102,16.9,0,0,1,0,0.15,0.15,NORMAL
2026-09-09 01:00:00,R103,16.9,0,0,1,0,0.15,0.15,NORMAL
2026-09-09 01:00:00,R104,16.9,1,0,1,0,0.398,0.398,NORMAL
2026-09-09 01:00:00,R105,16.9,0,0,1,0,0.15,0.15,NORMAL
2026-09-09 01:00:00,R106,16.9,0,0,1,0,0.15,0.15,NORMAL
2026-09-09 01:00:00,R107,16.9,1,0,1,0,0.347,0.347,NORMAL
2026-09-09 01:00:00,R108,16.9,0,0,1,0,0.15,0.15,NORMAL
2026-09-09 01:00:00,R109,16.9,1,0,1,0,0.349,0.349,NORMAL
2026-09-09 01:00:00,R110,16.9,0,0,1,0,0.15,0.15,NORMAL
2026-09-09 01:00:00,R111,16.9,1,0,1,0,0.471,0.471,NORMAL
2026-09-09 01:00:00,R112,16.9,0,1,1,0,1.302,1.302,AC_WASTE
2026-09-09 01:00:00,R113,16.9,0,0,1,0,0.15,0.15,NORMAL
2026-09-09 01:00:00,R114,16.9,1,0,1,0,0.317,0.317,NORMAL
2026-09-09 01:00:00,R115,16.9,0,0,1,0,0.15,0.15,NORMAL
2026-09-09 01:00:00,R116,16.9,0,0,1,0,0.15,0.15,NORMAL
2026-09-09 01:00:00,R117,16.9,0,0,1,0,0.15,0.15,NORMAL
2026-09-09 01:00:00,R118,16.9,0,0,1,0,0.15,0.15,NORMAL
2026-09-09 01:00:00,R119,16.9,0,0,1,0,0.15,0.15,NORMAL
2026-09-09 01:00:00,R120,16.9,0,0,1,0,0.15,0.15,NORMAL
2026-09-09 02:00:00,R101,18.87,0,1,1,0,1.741,1.741,AC_WASTE
2026-09-09 02:00:00,R102,18.87,0,0,1,0,0.15,0.15,NORMAL
2026-09-09 02:00:00,R103,18.87,0,0,1,0,0.15,0.15,NORMAL
2026-09-09 02:00:00,R104,18.87,0,0,1,0,0.15,0.15,NORMAL
2026-09-09 02:00:00,R105,18.87,0,0,1,0,0.15,0.15,NORMAL
2026-09-09 02:00:00,R106,18.87,0,0,1,0,0.15,0.15,NORMAL
2026-09-09 02:00:00,R107,18.87,0,0,1,0,0.15,0.15,NORMAL
2026-09-09 02:00:00,R108,18.87,0,0,1,0,0.15,0.15,NORMAL
2026-09-09 02:00:00,R109,18.87,0,0,1,0,0.15,0.15,NORMAL
2026-09-09 02:00:00,R110,18.87,0,0,1,0,0.15,0.15,NORMAL
2026-09-09 02:00:00,R111,18.87,0,0,1,0,0.15,0.15,NORMAL
2026-09-09 02:00:00,R112,18.87,0,0,1,0,0.15,0.15,NORMAL
2026-09-09 02:00:00,R113,18.87,0,0,1,0,0.15,0.15,NORMAL
2026-09-09 02:00:00,R114,18.87,0,0,1,0,0.15,0.15,NORMAL
2026-09-09 02:00:00,R115,18.87,1,0,1,0,0.386,0.386,NORMAL
2026-09-09 02:00:00,R116,18.87,0,0,1,0,0.15,0.15,NORMAL
2026-09-09 02:00:00,R117,18.87,0,0,1,0,0.15,0.15,NORMAL
2026-09-09 02:00:00,R118,18.87,0,0,1,0,0.15,0.15,NORMAL
2026-09-09 02:00:00,R119,18.87,0,0,1,0,0.15,0.15,NORMAL
2026-09-09 02:00:00,R120,18.87,0,0,1,0,0.15,0.15,NORMAL
2026-09-09 03:00:00,R101,21.48,0,0,1,0,0.15,0.15,NORMAL
2026-09-09 03:00:00,R102,21.48,0,0,1,0,0.15,0.15,NORMAL
2026-09-09 03:00:00,R103,21.48,0,0,1,0,0.15,0.15,NORMAL
2026-09-09 03:00:00,R104,21.48,0,0,1,0,0.15,0.15,NORMAL
2026-09-09 03:00:00,R105,21.48,0,0,1,0,0.15,0.15,NORMAL
2026-09-09 03:00:00,R106,21.48,0,0,1,0,0.15,0.15,NORMAL
2026-09-09 03:00:00,R107,21.48,1,0,1,0,0.32,0.32,NORMAL
2026-09-09 03:00:00,R108,21.48,0,0,1,0,0.15,0.15,NORMAL
2026-09-09 03:00:00,R109,21.48,0,0,1,0,0.15,0.15,NORMAL
2026-09-09 03:00:00,R110,21.48,0,0,1,0,0.15,0.15,NORMAL
2026-09-09 03:00:00,R111,21.48,1,0,1,0,0.41,0.41,NORMAL
2026-09-09 03:00:00,R112,21.48,0,0,1,0,0.15,0.15,NORMAL
2026-09-09 03:00:00,R113,21.48,0,0,1,0,0.15,0.15,NORMAL
2026-09-09 03:00:00,R114,21.48,0,0,1,0,0.15,0.15,NORMAL
2026-09-09 03:00:00,R115,21.48,1,0,1,0,0.433,0.433,NORMAL
2026-09-09 03:00:00,R116,21.48,0,0,1,0,0.15,0.15,NORMAL
2026-09-09 03:00:00,R117,21.48,0,0,1,0,0.15,0.15,NORMAL
2026-09-09 03:00:00,R118,21.48,0,0,1,0,0.15,0.15,NORMAL
2026-09-09 03:00:00,R119,21.48,0,0,1,0,0.15,0.15,NORMAL
2026-09-09 03:00:00,R120,21.48,1,0,1,0,0.445,0.445,NORMAL
2026-09-09 04:00:00,R101,22.33,0,0,1,0,0.15,0.15,NORMAL
2026-09-09 04:00:00,R102,22.33,0,0,1,0,0.15,0.15,NORMAL
2026-09-09 04:00:00,R103,22.33,0,0,1,0,0.15,0.15,NORMAL
2026-09-09 04:00:00,R104,22.33,0,0,1,0,0.15,0.15,NORMAL
2026-09-09 04:00:00,R105,22.33,0,0,1,0,0.15,0.15,NORMAL
2026-09-09 04:00:00,R106,22.33,0,0,1,0,0.15,0.15,NORMAL
2026-09-09 04:00:00,R107,22.33,0,0,1,0,0.15,0.15,NORMAL
2026-09-09 04:00:00,R108,22.33,0,0,1,0,0.15,0.15,NORMAL
2026-09-09 04:00:00,R109,22.33,0,0,1,0,0.15,0.15,NORMAL
2026-09-09 04:00:00,R110,22.33,0,0,1,0,0.15,0.15,NORMAL
2026-09-09 04:00:00,R111,22.33,1,0,1,0,0.301,0.301,NORMAL
2026-09-09 04:00:00,R112,22.33,0,0,1,0,0.15,0.15,NORMAL
2026-09-09 04:00:00,R113,22.33,0,0,1,0,0.15,0.15,NORMAL
2026-09-09 04:00:00,R114,22.33,0,0,1,0,0.15,0.15,NORMAL
2026-09-09 04:00:00,R115,22.33,1,0,1,0,0.335,0.335,NORMAL
2026-09-09 04:00:00,R116,22.33,0,0,1,0,0.15,0.15,NORMAL
2026-09-09 04:00:00,R117,22.33,1,0,1,0,0.292,0.292,NORMAL
2026-09-09 04:00:00,R118,22.33,0,0,1,0,0.15,0.15,NORMAL
2026-09-09 04:00:00,R119,22.33,0,0,1,0,0.15,0.15,NORMAL
2026-09-09 04:00:00,R120,22.33,0,0,1,0,0.15,0.15,NORMAL
2026-09-09 05:00:00,R101,24.73,0,0,1,0,0.15,0.15,NORMAL
2026-09-09 05:00:00,R102,24.73,1,0,1,0,0.355,0.355,NORMAL
2026-09-09 05:00:00,R103,24.73,0,0,1,0,0.15,0.15,NORMAL
2026-09-09 05:00:00,R104,24.73,0,0,1,0,0.15,0.15,NORMAL
2026-09-09 05:00:00,R105,24.73,1,0,1,0,0.385,0.385,NORMAL
2026-09-09 05:00:00,R106,24.73,0,0,1,0,0.15,0.15,NORMAL
2026-09-09 05:00:00,R107,24.73,0,0,1,0,0.15,0.15,NORMAL
2026-09-09 05:00:00,R108,24.73,0,0,1,0,0.15,0.15,NORMAL
2026-09-09 05:00:00,R109,24.73,1,0,1,0,0.36,0.36,NORMAL
2026-09-09 05:00:00,R110,24.73,0,0,1,0,0.15,0.15,NORMAL
2026-09-09 05:00:00,R111,24.73,0,0,1,0,0.15,0.15,NORMAL
2026-09-09 05:00:00,R112,24.73,1,0,1,0,0.327,0.327,NORMAL
2026-09-09 05:00:00,R113,24.73,1,0,1,0,0.42,0.42,NORMAL
2026-09-09 05:00:00,R114,24.73,0,0,1,0,0.15,0.15,NORMAL
2026-09-09 05:00:00,R115,24.73,0,0,1,0,0.15,0.15,NORMAL
2026-09-09 05:00:00,R116,24.73,0,0,1,0,0.15,0.15,NORMAL
2026-09-09 05:00:00,R117,24.73,0,0,1,0,0.923,0.923,STANDBY_WASTE
2026-09-09 05:00:00,R118,24.73,0,0,1,0,0.15,0.15,NORMAL
2026-09-09 05:00:00,R119,24.73,0,0,1,0,0.15,0.15,NORMAL
2026-09-09 05:00:00,R120,24.73,0,0,1,0,0.15,0.15,NORMAL
2026-09-09 06:00:00,R101,27.44,1,0,0,1,0.233,0.233,NORMAL
2026-09-09 06:00:00,R102,27.44,2,0,0,1,0.356,0.356,NORMAL
2026-09-09 06:00:00,R103,27.44,2,0,0,1,0.993,0.993,STANDBY_WASTE
2026-09-09 06:00:00,R104,27.44,2,0,0,1,0.799,0.799,STANDBY_WASTE
2026-09-09 06:00:00,R105,27.44,1,0,0,1,0.203,0.203,NORMAL
2026-09-09 06:00:00,R106,27.44,1,0,0,1,0.206,0.206,NORMAL
2026-09-09 06:00:00,R107,27.44,0,0,0,1,0.15,0.15,NORMAL
2026-09-09 06:00:00,R108,27.44,2,0,0,1,0.292,0.292,NORMAL
2026-09-09 06:00:00,R109,27.44,2,0,0,1,0.449,0.449,NORMAL
2026-09-09 06:00:00,R110,27.44,1,0,0,1,0.211,0.211,NORMAL
2026-09-09 06:00:00,R111,27.44,1,0,0,1,0.27,0.27,NORMAL
2026-09-09 06:00:00,R112,27.44,2,0,0,1,0.342,0.342,NORMAL
2026-09-09 06:00:00,R113,27.44,1,0,0,1,0.275,0.275,NORMAL
2026-09-09 06:00:00,R114,27.44,2,0,0,1,0.367,0.367,NORMAL
2026-09-09 06:00:00,R115,27.44,2,0,0,1,0.257,0.257,NORMAL
2026-09-09 06:00:00,R116,27.44,1,0,0,1,0.292,0.292,NORMAL
2026-09-09 06:00:00,R117,27.44,2,0,0,1,0.402,0.402,NORMAL
2026-09-09 06:00:00,R118,27.44,2,0,0,1,0.418,0.418,NORMAL
2026-09-09 06:00:00,R119,27.44,2,0,0,1,0.337,0.337,NORMAL
2026-09-09 06:00:00,R120,27.44,0,0,0,1,0.15,0.15,NORMAL
2026-09-09 07:00:00,R101,30.26,0,0,0,1,0.15,0.15,NORMAL
2026-09-09 07:00:00,R102,30.26,1,1,0,1,1.462,1.462,NORMAL
2026-09-09 07:00:00,R103,30.26,2,1,0,1,2.151,2.151,NORMAL
2026-09-09 07:00:00,R104,30.26,0,0,0,1,0.15,0.15,NORMAL
2026-09-09 07:00:00,R105,30.26,1,1,0,1,1.573,1.573,NORMAL
2026-09-09 07:00:00,R106,30.26,2,1,0,1,1.967,1.967,NORMAL
2026-09-09 07:00:00,R107,30.26,1,1,0,1,1.826,1.826,NORMAL
2026-09-09 07:00:00,R108,30.26,2,1,0,1,1.824,1.824,NORMAL
2026-09-09 07:00:00,R109,30.26,1,1,0,1,1.481,1.481,NORMAL
2026-09-09 07:00:00,R110,30.26,1,1,0,1,1.763,1.763,NORMAL
2026-09-09 07:00:00,R111,30.26,1,1,0,1,1.572,1.572,NORMAL
2026-09-09 07:00:00,R112,30.26,2,1,0,1,2.08,2.08,NORMAL
2026-09-09 07:00:00,R113,30.26,2,1,0,1,1.905,1.905,NORMAL
2026-09-09 07:00:00,R114,30.26,1,1,0,1,1.971,1.971,NORMAL
2026-09-09 07:00:00,R115,30.26,2,1,0,1,2.19,2.19,NORMAL
2026-09-09 07:00:00,R116,30.26,1,1,0,1,1.723,1.723,NORMAL
2026-09-09 07:00:00,R117,30.26,1,1,0,1,1.605,1.605,NORMAL
2026-09-09 07:00:00,R118,30.26,0,0,0,1,0.15,0.15,NORMAL
2026-09-09 07:00:00,R119,30.26,1,1,0,1,2.03,2.03,NORMAL
2026-09-09 07:00:00,R120,30.26,1,1,0,1,1.795,1.795,NORMAL
2026-09-09 08:00:00,R101,29.85,1,1,0,1,1.822,1.822,NORMAL
2026-09-09 08:00:00,R102,29.85,2,1,0,1,1.933,1.933,NORMAL
2026-09-09 08:00:00,R103,29.85,0,0,0,1,0.15,0.15,NORMAL
2026-09-09 08:00:00,R104,29.85,2,1,0,1,2.105,2.105,NORMAL
2026-09-09 08:00:00,R105,29.85,1,1,0,1,1.58,1.58,NORMAL
2026-09-09 08:00:00,R106,29.85,1,1,0,1,1.553,1.553,NORMAL
2026-09-09 08:00:00,R107,29.85,1,1,0,1,1.843,1.843,NORMAL
2026-09-09 08:00:00,R108,29.85,1,1,0,1,2.05,2.05,NORMAL
2026-09-09 08:00:00,R109,29.85,1,1,0,1,1.937,1.937,NORMAL
2026-09-09 08:00:00,R110,29.85,2,1,0,1,2.062,2.062,NORMAL
2026-09-09 08:00:00,R111,29.85,1,1,0,1,1.7,1.7,NORMAL
2026-09-09 08:00:00,R112,29.85,1,1,0,1,1.66,1.66,NORMAL
2026-09-09 08:00:00,R113,29.85,2,1,0,1,2.105,2.105,NORMAL
2026-09-09 08:00:00,R114,29.85,1,1,0,1,1.522,1.522,NORMAL
2026-09-09 08:00:00,R115,29.85,0,0,0,1,0.15,0.15,NORMAL
2026-09-09 08:00:00,R116,29.85,0,0,0,1,0.15,0.15,NORMAL
2026-09-09 08:00:00,R117,29.85,2,1,0,1,1.805,1.805,NORMAL
2026-09-09 08:00:00,R118,29.85,2,1,0,1,1.871,1.871,NORMAL
2026-09-09 08:00:00,R119,29.85,1,1,0,1,1.703,1.703,NORMAL
2026-09-09 08:00:00,R120,29.85,0,0,0,1,0.15,0.15,NORMAL
2026-09-09 09:00:00,R101,31.71,0,0,0,1,0.15,0.15,NORMAL
2026-09-09 09:00:00,R102,31.71,2,1,0,1,1.909,1.909,NORMAL
2026-09-09 09:00:00,R103,31.71,0,0,0,1,0.15,0.15,NORMAL
2026-09-09 09:00:00,R104,31.71,0,0,0,1,0.15,0.15,NORMAL
2026-09-09 09:00:00,R105,31.71,2,1,0,1,1.935,1.935,NORMAL
2026-09-09 09:00:00,R106,31.71,1,1,0,1,2.02,2.02,NORMAL
2026-09-09 09:00:00,R107,31.71,0,0,0,1,0.15,0.15,NORMAL
2026-09-09 09:00:00,R108,31.71,1,1,0,1,1.654,1.654,NORMAL
2026-09-09 09:00:00,R109,31.71,0,0,0,1,0.15,0.15,NORMAL
2026-09-09 09:00:00,R110,31.71,1,1,0,1,1.423,1.423,NORMAL
2026-09-09 09:00:00,R111,31.71,1,1,0,1,1.933,1.933,NORMAL
2026-09-09 09:00:00,R112,31.71,2,1,0,1,1.883,1.883,NORMAL
2026-09-09 09:00:00,R113,31.71,0,0,0,1,0.15,0.15,NORMAL
2026-09-09 09:00:00,R114,31.71,0,0,0,1,0.15,0.15,NORMAL
2026-09-09 09:00:00,R115,31.71,0,0,0,1,0.15,0.15,NORMAL
2026-09-09 09:00:00,R116,31.71,2,1,0,1,1.52,1.52,NORMAL
2026-09-09 09:00:00,R117,31.71,0,0,0,1,0.15,0.15,NORMAL
2026-09-09 09:00:00,R118,31.71,0,0,0,1,0.15,0.15,NORMAL
2026-09-09 09:00:00,R119,31.71,2,1,0,1,2.095,2.095,NORMAL
2026-09-09 09:00:00,R120,31.71,0,0,0,1,0.15,0.15,NORMAL
2026-09-09 10:00:00,R101,34.67,1,1,0,1,2.021,2.021,NORMAL
2026-09-09 10:00:00,R102,34.67,0,0,0,1,0.15,0.15,NORMAL
2026-09-09 10:00:00,R103,34.67,0,0,0,1,0.15,0.15,NORMAL
2026-09-09 10:00:00,R104,34.67,1,1,0,1,1.659,1.659,NORMAL
2026-09-09 10:00:00,R105,34.67,0,0,0,1,0.15,0.15,NORMAL
2026-09-09 10:00:00,R106,34.67,1,1,0,1,1.502,1.502,NORMAL
2026-09-09 10:00:00,R107,34.67,0,0,0,1,0.15,0.15,NORMAL
2026-09-09 10:00:00,R108,34.67,1,1,0,1,1.643,1.643,NORMAL
2026-09-09 10:00:00,R109,34.67,0,0,0,1,0.15,0.15,NORMAL
2026-09-09 10:00:00,R110,34.67,0,0,0,1,0.15,0.15,NORMAL
2026-09-09 10:00:00,R111,34.67,0,0,0,1,0.15,0.15,NORMAL
2026-09-09 10:00:00,R112,34.67,0,0,0,1,0.15,0.15,NORMAL
2026-09-09 10:00:00,R113,34.67,0,0,0,1,0.15,0.15,NORMAL
2026-09-09 10:00:00,R114,34.67,2,1,0,1,1.614,1.614,NORMAL
2026-09-09 10:00:00,R115,34.67,1,1,0,1,1.527,1.527,NORMAL
2026-09-09 10:00:00,R116,34.67,0,0,0,1,0.15,0.15,NORMAL
2026-09-09 10:00:00,R117,34.67,1,1,0,1,1.545,1.545,NORMAL
2026-09-09 10:00:00,R118,34.67,2,1,0,1,1.667,1.667,NORMAL
2026-09-09 10:00:00,R119,34.67,0,0,0,1,0.15,0.15,NORMAL
2026-09-09 10:00:00,R120,34.67,1,1,0,1,1.563,1.563,NORMAL
2026-09-09 11:00:00,R101,33.03,0,0,0,1,0.15,0.15,NORMAL
2026-09-09 11:00:00,R102,33.03,1,1,0,1,1.779,1.779,NORMAL
2026-09-09 11:00:00,R103,33.03,1,1,0,1,1.674,1.674,NORMAL
2026-09-09 11:00:00,R104,33.03,1,1,0,1,1.781,1.781,NORMAL
2026-09-09 11:00:00,R105,33.03,0,0,0,1,0.15,0.15,NORMAL
2026-09-09 11:00:00,R106,33.03,1,1,0,1,1.91,1.91,NORMAL
2026-09-09 11:00:00,R107,33.03,1,1,0,1,1.891,1.891,NORMAL
2026-09-09 11:00:00,R108,33.03,0,0,0,1,0.15,0.15,NORMAL
2026-09-09 11:00:00,R109,33.03,0,0,0,1,0.15,0.15,NORMAL
2026-09-09 11:00:00,R110,33.03,1,1,0,1,1.985,1.985,NORMAL
2026-09-09 11:00:00,R111,33.03,0,0,0,1,0.15,0.15,NORMAL
2026-09-09 11:00:00,R112,33.03,2,1,0,1,2.006,2.006,NORMAL
2026-09-09 11:00:00,R113,33.03,0,0,0,1,0.15,0.15,NORMAL
2026-09-09 11:00:00,R114,33.03,1,1,0,1,1.542,1.542,NORMAL
2026-09-09 11:00:00,R115,33.03,1,1,0,1,1.577,1.577,NORMAL
2026-09-09 11:00:00,R116,33.03,0,0,0,1,0.15,0.15,NORMAL
2026-09-09 11:00:00,R117,33.03,0,0,0,1,0.15,0.15,NORMAL
2026-09-09 11:00:00,R118,33.03,0,0,0,1,0.15,0.15,NORMAL
2026-09-09 11:00:00,R119,33.03,0,0,0,1,0.15,0.15,NORMAL
2026-09-09 11:00:00,R120,33.03,1,1,0,1,2.031,2.031,NORMAL
2026-09-09 12:00:00,R101,32.58,0,0,0,1,0.15,0.15,NORMAL
2026-09-09 12:00:00,R102,32.58,0,0,0,1,0.15,0.15,NORMAL
2026-09-09 12:00:00,R103,32.58,0,0,0,1,0.15,0.15,NORMAL
2026-09-09 12:00:00,R104,32.58,0,0,0,1,0.15,0.15,NORMAL
2026-09-09 12:00:00,R105,32.58,0,0,0,1,0.15,0.15,NORMAL
2026-09-09 12:00:00,R106,32.58,0,0,0,1,0.15,0.15,NORMAL
2026-09-09 12:00:00,R107,32.58,1,1,0,1,1.782,1.782,NORMAL
2026-09-09 12:00:00,R108,32.58,2,1,0,1,1.904,1.904,NORMAL
2026-09-09 12:00:00,R109,32.58,1,1,0,1,1.783,1.783,NORMAL
2026-09-09 12:00:00,R110,32.58,1,1,0,1,1.561,1.561,NORMAL
2026-09-09 12:00:00,R111,32.58,0,0,0,1,0.15,0.15,NORMAL
2026-09-09 12:00:00,R112,32.58,1,1,0,1,1.818,1.818,NORMAL
2026-09-09 12:00:00,R113,32.58,0,0,0,1,0.15,0.15,NORMAL
2026-09-09 12:00:00,R114,32.58,0,0,0,1,0.15,0.15,NORMAL
2026-09-09 12:00:00,R115,32.58,2,1,0,1,1.581,1.581,NORMAL
2026-09-09 12:00:00,R116,32.58,0,0,0,1,0.15,0.15,NORMAL
2026-09-09 12:00:00,R117,32.58,2,1,0,1,1.78,1.78,NORMAL
2026-09-09 12:00:00,R118,32.58,1,1,0,1,1.476,1.476,NORMAL
2026-09-09 12:00:00,R119,32.58,2,1,0,1,2.1,2.1,NORMAL
2026-09-09 12:00:00,R120,32.58,0,0,0,1,0.15,0.15,NORMAL
2026-09-09 13:00:00,R101,33.35,1,1,0,1,1.857,1.857,NORMAL
2026-09-09 13:00:00,R102,33.35,1,1,0,1,1.479,1.479,NORMAL
2026-09-09 13:00:00,R103,33.35,1,1,0,1,1.928,1.928,NORMAL
2026-09-09 13:00:00,R104,33.35,0,0,0,1,0.15,0.15,NORMAL
2026-09-09 13:00:00,R105,33.35,0,0,0,1,0.15,0.15,NORMAL
2026-09-09 13:00:00,R106,33.35,0,0,0,1,0.15,0.15,NORMAL
2026-09-09 13:00:00,R107,33.35,0,0,0,1,0.15,0.15,NORMAL
2026-09-09 13:00:00,R108,33.35,1,1,0,1,1.714,1.714,NORMAL
2026-09-09 13:00:00,R109,33.35,0,0,0,1,0.15,0.15,NORMAL
2026-09-09 13:00:00,R110,33.35,2,1,0,1,1.675,1.675,NORMAL
2026-09-09 13:00:00,R111,33.35,0,0,0,1,0.15,0.15,NORMAL
2026-09-09 13:00:00,R112,33.35,0,0,0,1,0.15,0.15,NORMAL
2026-09-09 13:00:00,R113,33.35,0,0,0,1,0.15,0.15,NORMAL
2026-09-09 13:00:00,R114,33.35,1,1,0,1,1.744,1.744,NORMAL
2026-09-09 13:00:00,R115,33.35,0,0,0,1,0.15,0.15,NORMAL
2026-09-09 13:00:00,R116,33.35,0,0,0,1,0.15,0.15,NORMAL
2026-09-09 13:00:00,R117,33.35,0,0,0,1,0.15,0.15,NORMAL
2026-09-09 13:00:00,R118,33.35,0,0,0,1,0.15,0.15,NORMAL
2026-09-09 13:00:00,R119,33.35,0,0,0,1,0.15,0.15,NORMAL
2026-09-09 13:00:00,R120,33.35,0,0,0,1,0.15,0.15,NORMAL
2026-09-09 14:00:00,R101,34.59,2,1,0,1,1.693,1.693,NORMAL
2026-09-09 14:00:00,R102,34.59,0,0,0,1,0.15,0.15,NORMAL
2026-09-09 14:00:00,R103,34.59,0,1,0,1,1.408,1.408,AC_WASTE
2026-09-09 14:00:00,R104,34.59,0,0,0,1,0.15,0.15,NORMAL
2026-09-09 14:00:00,R105,34.59,1,1,0,1,1.809,1.809,NORMAL
2026-09-09 14:00:00,R106,34.59,2,1,0,1,1.951,1.951,NORMAL
2026-09-09 14:00:00,R107,34.59,2,1,0,1,2.022,2.022,NORMAL
2026-09-09 14:00:00,R108,34.59,0,0,0,1,0.15,0.15,NORMAL
2026-09-09 14:00:00,R109,34.59,2,1,0,1,1.843,1.843,NORMAL
2026-09-09 14:00:00,R110,34.59,0,0,0,1,0.15,0.15,NORMAL
2026-09-09 14:00:00,R111,34.59,0,0,0,1,0.15,0.15,NORMAL
2026-09-09 14:00:00,R112,34.59,0,0,0,1,0.15,0.15,NORMAL
2026-09-09 14:00:00,R113,34.59,1,1,0,1,1.867,1.867,NORMAL
2026-09-09 14:00:00,R114,34.59,0,0,0,1,0.15,0.15,NORMAL
2026-09-09 14:00:00,R115,34.59,0,0,0,1,0.15,0.15,NORMAL
2026-09-09 14:00:00,R116,34.59,0,0,0,1,0.15,0.15,NORMAL
2026-09-09 14:00:00,R117,34.59,1,1,0,1,1.763,1.763,NORMAL
2026-09-09 14:00:00,R118,34.59,2,1,0,1,2.209,2.209,NORMAL
2026-09-09 14:00:00,R119,34.59,0,0,0,1,0.15,0.15,NORMAL
2026-09-09 14:00:00,R120,34.59,0,0,0,1,0.15,0.15,NORMAL
2026-09-09 15:00:00,R101,32.65,1,1,0,1,1.892,1.892,NORMAL
2026-09-09 15:00:00,R102,32.65,0,0,0,1,0.15,0.15,NORMAL
2026-09-09 15:00:00,R103,32.65,0,0,0,1,0.15,0.15,NORMAL
2026-09-09 15:00:00,R104,32.65,2,1,0,1,1.859,1.859,NORMAL
2026-09-09 15:00:00,R105,32.65,0,0,0,1,0.15,0.15,NORMAL
2026-09-09 15:00:00,R106,32.65,2,1,0,1,1.686,1.686,NORMAL
2026-09-09 15:00:00,R107,32.65,1,1,0,1,1.591,1.591,NORMAL
2026-09-09 15:00:00,R108,32.65,0,0,0,1,0.15,0.15,NORMAL
2026-09-09 15:00:00,R109,32.65,0,0,0,1,0.15,0.15,NORMAL
2026-09-09 15:00:00,R110,32.65,0,0,0,1,0.15,0.15,NORMAL
2026-09-09 15:00:00,R111,32.65,0,0,0,1,0.15,0.15,NORMAL
2026-09-09 15:00:00,R112,32.65,0,0,0,1,0.15,0.15,NORMAL
2026-09-09 15:00:00,R113,32.65,1,1,0,1,1.824,1.824,NORMAL
2026-09-09 15:00:00,R114,32.65,1,1,0,1,1.768,1.768,NORMAL
2026-09-09 15:00:00,R115,32.65,0,0,0,1,0.15,0.15,NORMAL
2026-09-09 15:00:00,R116,32.65,0,0,0,1,0.15,0.15,NORMAL
2026-09-09 15:00:00,R117,32.65,0,0,0,1,0.15,0.15,NORMAL
2026-09-09 15:00:00,R118,32.65,1,1,0,1,2.022,2.022,NORMAL
2026-09-09 15:00:00,R119,32.65,2,1,0,1,1.941,1.941,NORMAL
2026-09-09 15:00:00,R120,32.65,0,0,0,1,0.15,0.15,NORMAL
2026-09-09 16:00:00,R101,33.78,1,1,0,1,1.963,1.963,NORMAL
2026-09-09 16:00:00,R102,33.78,2,1,0,1,1.898,1.898,NORMAL
2026-09-09 16:00:00,R103,33.78,0,1,0,1,1.466,1.466,AC_WASTE
2026-09-09 16:00:00,R104,33.78,0,0,0,1,0.15,0.15,NORMAL
2026-09-09 16:00:00,R105,33.78,0,0,0,1,0.15,0.15,NORMAL
2026-09-09 16:00:00,R106,33.78,0,0,0,1,0.15,0.15,NORMAL
2026-09-09 16:00:00,R107,33.78,0,0,0,1,0.15,0.15,NORMAL
2026-09-09 16:00:00,R108,33.78,0,0,0,1,0.15,0.15,NORMAL
2026-09-09 16:00:00,R109,33.78,0,0,0,1,0.15,0.15,NORMAL
2026-09-09 16:00:00,R110,33.78,0,0,0,1,0.15,0.15,NORMAL
2026-09-09 16:00:00,R111,33.78,0,0,0,1,0.15,0.15,NORMAL
2026-09-09 16:00:00,R112,33.78,1,1,0,1,1.969,1.969,NORMAL
2026-09-09 16:00:00,R113,33.78,1,1,0,1,1.83,1.83,NORMAL
2026-09-09 16:00:00,R114,33.78,0,0,0,1,0.15,0.15,NORMAL
2026-09-09 16:00:00,R115,33.78,1,1,0,1,2.065,2.065,NORMAL
2026-09-09 16:00:00,R116,33.78,0,0,0,1,0.15,0.15,NORMAL
2026-09-09 16:00:00,R117,33.78,0,0,0,1,0.15,0.15,NORMAL
2026-09-09 16:00:00,R118,33.78,1,1,0,1,1.918,1.918,NORMAL
2026-09-09 16:00:00,R119,33.78,1,1,0,1,1.942,1.942,NORMAL
2026-09-09 16:00:00,R120,33.78,1,1,0,1,1.498,1.498,NORMAL
2026-09-09 17:00:00,R101,29.64,1,1,0,1,1.962,1.962,NORMAL
2026-09-09 17:00:00,R102,29.64,1,1,0,1,2.04,2.04,NORMAL
2026-09-09 17:00:00,R103,29.64,2,1,0,1,1.765,1.765,NORMAL
2026-09-09 17:00:00,R104,29.64,2,1,0,1,1.564,1.564,NORMAL
2026-09-09 17:00:00,R105,29.64,1,1,0,1,1.539,1.539,NORMAL
2026-09-09 17:00:00,R106,29.64,2,1,0,1,1.68,1.68,NORMAL
2026-09-09 17:00:00,R107,29.64,2,1,0,1,2.037,2.037,NORMAL
2026-09-09 17:00:00,R108,29.64,1,1,0,1,1.704,1.704,NORMAL
2026-09-09 17:00:00,R109,29.64,2,1,0,1,1.695,1.695,NORMAL
2026-09-09 17:00:00,R110,29.64,2,1,0,1,1.604,1.604,NORMAL
2026-09-09 17:00:00,R111,29.64,2,1,0,1,1.672,1.672,NORMAL
2026-09-09 17:00:00,R112,29.64,1,1,0,1,1.574,1.574,NORMAL
2026-09-09 17:00:00,R113,29.64,2,1,0,1,1.544,1.544,NORMAL
2026-09-09 17:00:00,R114,29.64,1,1,0,1,2.016,2.016,NORMAL
2026-09-09 17:00:00,R115,29.64,2,1,0,1,1.629,1.629,NORMAL
2026-09-09 17:00:00,R116,29.64,1,1,0,1,1.518,1.518,NORMAL
2026-09-09 17:00:00,R117,29.64,2,1,0,1,2.058,2.058,NORMAL
2026-09-09 17:00:00,R118,29.64,2,1,0,1,1.818,1.818,NORMAL
2026-09-09 17:00:00,R119,29.64,1,1,0,1,1.951,1.951,NORMAL
2026-09-09 17:00:00,R120,29.64,2,1,0,1,1.777,1.777,NORMAL
2026-09-09 18:00:00,R101,26.12,0,1,1,1,1.448,1.448,AC_WASTE
2026-09-09 18:00:00,R102,26.12,1,0,1,1,0.484,0.484,NORMAL
2026-09-09 18:00:00,R103,26.12,1,0,1,1,0.329,0.329,NORMAL
2026-09-09 18:00:00,R104,26.12,2,0,1,1,0.442,0.442,NORMAL
2026-09-09 18:00:00,R105,26.12,2,0,1,1,0.563,0.563,NORMAL
2026-09-09 18:00:00,R106,26.12,1,0,1,1,0.463,0.463,NORMAL
2026-09-09 18:00:00,R107,26.12,2,0,1,1,0.402,0.402,NORMAL
2026-09-09 18:00:00,R108,26.12,0,0,1,1,0.15,0.15,NORMAL
2026-09-09 18:00:00,R109,26.12,1,0,1,1,0.363,0.363,NORMAL
2026-09-09 18:00:00,R110,26.12,1,0,1,1,0.463,0.463,NORMAL
2026-09-09 18:00:00,R111,26.12,1,0,1,1,0.367,0.367,NORMAL
2026-09-09 18:00:00,R112,26.12,2,0,1,1,0.371,0.371,NORMAL
2026-09-09 18:00:00,R113,26.12,1,0,1,1,0.364,0.364,NORMAL
2026-09-09 18:00:00,R114,26.12,1,0,1,1,0.44,0.44,NORMAL
2026-09-09 18:00:00,R115,26.12,1,0,1,1,0.311,0.311,NORMAL
2026-09-09 18:00:00,R116,26.12,0,0,1,1,0.15,0.15,NORMAL
2026-09-09 18:00:00,R117,26.12,2,0,1,1,0.384,0.384,NORMAL
2026-09-09 18:00:00,R118,26.12,0,0,1,1,0.15,0.15,NORMAL
2026-09-09 18:00:00,R119,26.12,1,0,1,1,0.47,0.47,NORMAL
2026-09-09 18:00:00,R120,26.12,1,0,1,1,0.386,0.386,NORMAL
2026-09-09 19:00:00,R101,26.69,1,0,1,1,0.399,0.399,NORMAL
2026-09-09 19:00:00,R102,26.69,2,0,1,1,0.523,0.523,NORMAL
2026-09-09 19:00:00,R103,26.69,2,0,1,1,0.467,0.467,NORMAL
2026-09-09 19:00:00,R104,26.69,2,0,1,1,0.506,0.506,NORMAL
2026-09-09 19:00:00,R105,26.69,2,0,1,1,0.425,0.425,NORMAL
2026-09-09 19:00:00,R106,26.69,2,0,1,1,0.476,0.476,NORMAL
2026-09-09 19:00:00,R107,26.69,2,0,1,1,0.586,0.586,NORMAL
2026-09-09 19:00:00,R108,26.69,2,0,1,1,0.562,0.562,NORMAL
2026-09-09 19:00:00,R109,26.69,0,0,1,1,0.15,0.15,NORMAL
2026-09-09 19:00:00,R110,26.69,1,0,1,1,0.359,0.359,NORMAL
2026-09-09 19:00:00,R111,26.69,1,0,1,1,0.364,0.364,NORMAL
2026-09-09 19:00:00,R112,26.69,2,0,1,1,0.467,0.467,NORMAL
2026-09-09 19:00:00,R113,26.69,2,0,1,1,0.557,0.557,NORMAL
2026-09-09 19:00:00,R114,26.69,2,0,1,1,0.606,0.606,NORMAL
2026-09-09 19:00:00,R115,26.69,2,0,1,1,0.557,0.557,NORMAL
2026-09-09 19:00:00,R116,26.69,1,0,1,1,0.386,0.386,NORMAL
2026-09-09 19:00:00,R117,26.69,2,0,1,1,0.536,0.536,NORMAL
2026-09-09 19:00:00,R118,26.69,1,0,1,1,0.409,0.409,NORMAL
2026-09-09 19:00:00,R119,26.69,2,0,1,1,0.58,0.58,NORMAL
2026-09-09 19:00:00,R120,26.69,0,1,1,1,1.394,1.394,AC_WASTE
2026-09-09 20:00:00,R101,20.34,2,0,1,1,0.625,0.625,NORMAL
2026-09-09 20:00:00,R102,20.34,1,0,1,1,0.328,0.328,NORMAL
2026-09-09 20:00:00,R103,20.34,0,0,1,1,0.15,0.15,NORMAL
2026-09-09 20:00:00,R104,20.34,2,0,1,1,0.464,0.464,NORMAL
2026-09-09 20:00:00,R105,20.34,1,0,1,1,0.354,0.354,NORMAL
2026-09-09 20:00:00,R106,20.34,2,0,1,1,0.457,0.457,NORMAL
2026-09-09 20:00:00,R107,20.34,1,0,1,1,0.41,0.41,NORMAL
2026-09-09 20:00:00,R108,20.34,1,0,1,1,0.363,0.363,NORMAL
2026-09-09 20:00:00,R109,20.34,1,0,1,1,0.445,0.445,NORMAL
2026-09-09 20:00:00,R110,20.34,1,0,1,1,0.45,0.45,NORMAL
2026-09-09 20:00:00,R111,20.34,1,0,1,1,0.428,0.428,NORMAL
2026-09-09 20:00:00,R112,20.34,2,0,1,1,0.57,0.57,NORMAL
2026-09-09 20:00:00,R113,20.34,1,0,1,1,0.406,0.406,NORMAL
2026-09-09 20:00:00,R114,20.34,1,0,1,1,0.34,0.34,NORMAL
2026-09-09 20:00:00,R115,20.34,0,0,1,1,0.15,0.15,NORMAL
2026-09-09 20:00:00,R116,20.34,2,0,1,1,0.471,0.471,NORMAL
2026-09-09 20:00:00,R117,20.34,1,0,1,1,0.376,0.376,NORMAL
2026-09-09 20:00:00,R118,20.34,2,0,1,1,0.499,0.499,NORMAL
2026-09-09 20:00:00,R119,20.34,2,0,1,1,0.41,0.41,NORMAL
2026-09-09 20:00:00,R120,20.34,1,0,1,1,0.425,0.425,NORMAL
2026-09-09 21:00:00,R101,20.29,1,0,1,1,0.381,0.381,NORMAL
2026-09-09 21:00:00,R102,20.29,1,0,1,1,0.362,0.362,NORMAL
2026-09-09 21:00:00,R103,20.29,1,0,1,1,0.403,0.403,NORMAL
2026-09-09 21:00:00,R104,20.29,1,0,1,1,0.415,0.415,NORMAL
2026-09-09 21:00:00,R105,20.29,1,0,1,1,0.441,0.441,NORMAL
2026-09-09 21:00:00,R106,20.29,2,0,1,1,0.491,0.491,NORMAL
2026-09-09 21:00:00,R107,20.29,2,0,1,1,0.884,0.884,STANDBY_WASTE
2026-09-09 21:00:00,R108,20.29,1,0,1,1,0.429,0.429,NORMAL
2026-09-09 21:00:00,R109,20.29,2,0,1,1,0.512,0.512,NORMAL
2026-09-09 21:00:00,R110,20.29,1,0,1,1,0.342,0.342,NORMAL
2026-09-09 21:00:00,R111,20.29,2,0,1,1,0.45,0.45,NORMAL
2026-09-09 21:00:00,R112,20.29,2,0,1,1,0.437,0.437,NORMAL
2026-09-09 21:00:00,R113,20.29,2,0,1,1,0.384,0.384,NORMAL
2026-09-09 21:00:00,R114,20.29,2,0,1,1,0.572,0.572,NORMAL
2026-09-09 21:00:00,R115,20.29,2,0,1,1,0.522,0.522,NORMAL
2026-09-09 21:00:00,R116,20.29,2,0,1,1,0.548,0.548,NORMAL
2026-09-09 21:00:00,R117,20.29,1,0,1,1,0.336,0.336,NORMAL
2026-09-09 21:00:00,R118,20.29,1,0,1,1,0.399,0.399,NORMAL
2026-09-09 21:00:00,R119,20.29,2,0,1,1,0.616,0.616,NORMAL
2026-09-09 21:00:00,R120,20.29,1,0,1,1,0.32,0.32,NORMAL
2026-09-09 22:00:00,R101,19.33,1,0,1,1,0.42,0.42,NORMAL
2026-09-09 22:00:00,R102,19.33,1,0,1,1,0.375,0.375,NORMAL
2026-09-09 22:00:00,R103,19.33,1,0,1,1,0.397,0.397,NORMAL
2026-09-09 22:00:00,R104,19.33,2,0,1,1,0.506,0.506,NORMAL
2026-09-09 22:00:00,R105,19.33,2,0,1,1,0.545,0.545,NORMAL
2026-09-09 22:00:00,R106,19.33,0,0,1,1,0.15,0.15,NORMAL
2026-09-09 22:00:00,R107,19.33,2,0,1,1,0.463,0.463,NORMAL
2026-09-09 22:00:00,R108,19.33,1,0,1,1,0.338,0.338,NORMAL
2026-09-09 22:00:00,R109,19.33,2,0,1,1,0.473,0.473,NORMAL
2026-09-09 22:00:00,R110,19.33,2,0,1,1,0.411,0.411,NORMAL
2026-09-09 22:00:00,R111,19.33,0,0,1,1,0.15,0.15,NORMAL
2026-09-09 22:00:00,R112,19.33,2,0,1,1,0.548,0.548,NORMAL
2026-09-09 22:00:00,R113,19.33,0,0,1,1,0.15,0.15,NORMAL
2026-09-09 22:00:00,R114,19.33,1,0,1,1,0.397,0.397,NORMAL
2026-09-09 22:00:00,R115,19.33,2,0,1,1,0.467,0.467,NORMAL
2026-09-09 22:00:00,R116,19.33,1,0,1,1,0.374,0.374,NORMAL
2026-09-09 22:00:00,R117,19.33,1,0,1,1,0.355,0.355,NORMAL
2026-09-09 22:00:00,R118,19.33,2,0,1,1,0.39,0.39,NORMAL
2026-09-09 22:00:00,R119,19.33,1,0,1,1,0.361,0.361,NORMAL
2026-09-09 22:00:00,R120,19.33,1,0,1,1,0.381,0.381,NORMAL
2026-09-09 23:00:00,R101,20.94,0,0,1,0,0.15,0.15,NORMAL
2026-09-09 23:00:00,R102,20.94,0,0,1,0,0.15,0.15,NORMAL
2026-09-09 23:00:00,R103,20.94,1,0,1,0,0.377,0.377,NORMAL
2026-09-09 23:00:00,R104,20.94,0,0,1,0,0.15,0.15,NORMAL
2026-09-09 23:00:00,R105,20.94,0,0,1,0,0.15,0.15,NORMAL
2026-09-09 23:00:00,R106,20.94,0,1,1,0,1.761,1.761,AC_WASTE
2026-09-09 23:00:00,R107,20.94,0,0,1,0,0.15,0.15,NORMAL
2026-09-09 23:00:00,R108,20.94,0,0,1,0,0.15,0.15,NORMAL
2026-09-09 23:00:00,R109,20.94,1,0,1,0,0.336,0.336,NORMAL
2026-09-09 23:00:00,R110,20.94,0,0,1,0,0.15,0.15,NORMAL
2026-09-09 23:00:00,R111,20.94,0,0,1,0,0.15,0.15,NORMAL
2026-09-09 23:00:00,R112,20.94,0,0,1,0,0.15,0.15,NORMAL
2026-09-09 23:00:00,R113,20.94,0,0,1,0,0.15,0.15,NORMAL
2026-09-09 23:00:00,R114,20.94,0,0,1,0,0.15,0.15,NORMAL
2026-09-09 23:00:00,R115,20.94,0,0,1,0,0.15,0.15,NORMAL
2026-09-09 23:00:00,R116,20.94,0,0,1,0,0.15,0.15,NORMAL
2026-09-09 23:00:00,R117,20.94,0,0,1,0,0.15,0.15,NORMAL
2026-09-09 23:00:00,R118,20.94,1,0,1,0,0.405,0.405,NORMAL
2026-09-09 23:00:00,R119,20.94,1,0,1,0,0.481,0.481,NORMAL
2026-09-09 23:00:00,R120,20.94,1,0,1,0,0.375,0.375,NORMAL
2026-09-10 00:00:00,R101,18.97,0,0,1,0,0.15,0.15,NORMAL
2026-09-10 00:00:00,R102,18.97,1,0,1,0,0.387,0.387,NORMAL
2026-09-10 00:00:00,R103,18.97,0,0,1,0,0.15,0.15,NORMAL
2026-09-10 00:00:00,R104,18.97,0,0,1,0,0.15,0.15,NORMAL
2026-09-10 00:00:00,R105,18.97,1,0,1,0,0.419,0.419,NORMAL
2026-09-10 00:00:00,R106,18.97,0,0,1,0,0.15,0.15,NORMAL
2026-09-10 00:00:00,R107,18.97,1,0,1,0,0.452,0.452,NORMAL
2026-09-10 00:00:00,R108,18.97,0,0,1,0,0.15,0.15,NORMAL
2026-09-10 00:00:00,R109,18.97,0,0,1,0,0.15,0.15,NORMAL
2026-09-10 00:00:00,R110,18.97,0,0,1,0,0.15,0.15,NORMAL
2026-09-10 00:00:00,R111,18.97,0,0,1,0,0.15,0.15,NORMAL
2026-09-10 00:00:00,R112,18.97,0,0,1,0,0.15,0.15,NORMAL
2026-09-10 00:00:00,R113,18.97,0,0,1,0,0.15,0.15,NORMAL
2026-09-10 00:00:00,R114,18.97,0,0,1,0,0.15,0.15,NORMAL
2026-09-10 00:00:00,R115,18.97,0,0,1,0,0.15,0.15,NORMAL
2026-09-10 00:00:00,R116,18.97,0,0,1,0,0.15,0.15,NORMAL
2026-09-10 00:00:00,R117,18.97,0,0,1,0,0.15,0.15,NORMAL
2026-09-10 00:00:00,R118,18.97,0,0,1,0,0.15,0.15,NORMAL
2026-09-10 00:00:00,R119,18.97,0,0,1,0,0.15,0.15,NORMAL
2026-09-10 00:00:00,R120,18.97,0,0,1,0,0.15,0.15,NORMAL
2026-09-10 01:00:00,R101,19.56,0,0,1,0,0.15,0.15,NORMAL
2026-09-10 01:00:00,R102,19.56,0,0,1,0,0.15,0.15,NORMAL
2026-09-10 01:00:00,R103,19.56,0,0,1,0,0.15,0.15,NORMAL
2026-09-10 01:00:00,R104,19.56,0,0,1,0,0.15,0.15,NORMAL
2026-09-10 01:00:00,R105,19.56,1,0,1,0,0.385,0.385,NORMAL
2026-09-10 01:00:00,R106,19.56,0,0,1,0,0.15,0.15,NORMAL
2026-09-10 01:00:00,R107,19.56,0,0,1,0,0.15,0.15,NORMAL
2026-09-10 01:00:00,R108,19.56,0,0,1,0,0.15,0.15,NORMAL
2026-09-10 01:00:00,R109,19.56,0,0,1,0,0.15,0.15,NORMAL
2026-09-10 01:00:00,R110,19.56,0,0,1,0,0.15,0.15,NORMAL
2026-09-10 01:00:00,R111,19.56,0,0,1,0,0.15,0.15,NORMAL
2026-09-10 01:00:00,R112,19.56,0,0,1,0,0.15,0.15,NORMAL
2026-09-10 01:00:00,R113,19.56,1,0,1,0,0.34,0.34,NORMAL
2026-09-10 01:00:00,R114,19.56,0,0,1,0,0.15,0.15,NORMAL
2026-09-10 01:00:00,R115,19.56,1,0,1,0,0.381,0.381,NORMAL
2026-09-10 01:00:00,R116,19.56,1,0,1,0,0.464,0.464,NORMAL
2026-09-10 01:00:00,R117,19.56,0,0,1,0,0.15,0.15,NORMAL
2026-09-10 01:00:00,R118,19.56,0,0,1,0,0.15,0.15,NORMAL
2026-09-10 01:00:00,R119,19.56,0,0,1,0,0.15,0.15,NORMAL
2026-09-10 01:00:00,R120,19.56,0,0,1,0,0.15,0.15,NORMAL
2026-09-10 02:00:00,R101,20.16,0,0,1,0,0.15,0.15,NORMAL
2026-09-10 02:00:00,R102,20.16,0,0,1,0,0.15,0.15,NORMAL
2026-09-10 02:00:00,R103,20.16,1,0,1,0,0.442,0.442,NORMAL
2026-09-10 02:00:00,R104,20.16,1,0,1,0,0.329,0.329,NORMAL
2026-09-10 02:00:00,R105,20.16,0,0,1,0,0.15,0.15,NORMAL
2026-09-10 02:00:00,R106,20.16,0,0,1,0,0.15,0.15,NORMAL
2026-09-10 02:00:00,R107,20.16,0,0,1,0,0.15,0.15,NORMAL
2026-09-10 02:00:00,R108,20.16,0,0,1,0,0.15,0.15,NORMAL
2026-09-10 02:00:00,R109,20.16,0,0,1,0,0.15,0.15,NORMAL
2026-09-10 02:00:00,R110,20.16,1,0,1,0,0.373,0.373,NORMAL
2026-09-10 02:00:00,R111,20.16,0,0,1,0,0.15,0.15,NORMAL
2026-09-10 02:00:00,R112,20.16,1,0,1,0,0.336,0.336,NORMAL
2026-09-10 02:00:00,R113,20.16,1,0,1,0,0.314,0.314,NORMAL
2026-09-10 02:00:00,R114,20.16,0,0,1,0,0.15,0.15,NORMAL
2026-09-10 02:00:00,R115,20.16,0,0,1,0,0.15,0.15,NORMAL
2026-09-10 02:00:00,R116,20.16,0,0,1,0,0.15,0.15,NORMAL
2026-09-10 02:00:00,R117,20.16,0,0,1,0,0.15,0.15,NORMAL
2026-09-10 02:00:00,R118,20.16,0,0,1,0,0.15,0.15,NORMAL
2026-09-10 02:00:00,R119,20.16,0,0,1,0,0.15,0.15,NORMAL
2026-09-10 02:00:00,R120,20.16,0,0,1,0,0.15,0.15,NORMAL
2026-09-10 03:00:00,R101,18.62,0,0,1,0,0.15,0.15,NORMAL
2026-09-10 03:00:00,R102,18.62,0,0,1,0,0.15,0.15,NORMAL
2026-09-10 03:00:00,R103,18.62,0,0,1,0,0.15,0.15,NORMAL
2026-09-10 03:00:00,R104,18.62,0,0,1,0,0.15,0.15,NORMAL
2026-09-10 03:00:00,R105,18.62,0,0,1,0,0.15,0.15,NORMAL
2026-09-10 03:00:00,R106,18.62,0,0,1,0,0.15,0.15,NORMAL
2026-09-10 03:00:00,R107,18.62,1,0,1,0,0.448,0.448,NORMAL
2026-09-10 03:00:00,R108,18.62,0,1,1,0,1.477,1.477,AC_WASTE
2026-09-10 03:00:00,R109,18.62,0,0,1,0,0.15,0.15,NORMAL
2026-09-10 03:00:00,R110,18.62,0,0,1,0,0.15,0.15,NORMAL
2026-09-10 03:00:00,R111,18.62,0,0,1,0,0.15,0.15,NORMAL
2026-09-10 03:00:00,R112,18.62,0,0,1,0,0.15,0.15,NORMAL
2026-09-10 03:00:00,R113,18.62,0,0,1,0,0.15,0.15,NORMAL
2026-09-10 03:00:00,R114,18.62,1,0,1,0,0.328,0.328,NORMAL
2026-09-10 03:00:00,R115,18.62,0,0,1,0,0.15,0.15,NORMAL
2026-09-10 03:00:00,R116,18.62,0,0,1,0,0.15,0.15,NORMAL
2026-09-10 03:00:00,R117,18.62,0,0,1,0,0.15,0.15,NORMAL
2026-09-10 03:00:00,R118,18.62,0,0,1,0,0.15,0.15,NORMAL
2026-09-10 03:00:00,R119,18.62,0,0,1,0,0.15,0.15,NORMAL
2026-09-10 03:00:00,R120,18.62,0,0,1,0,0.15,0.15,NORMAL
2026-09-10 04:00:00,R101,24.54,0,0,1,0,0.15,0.15,NORMAL
2026-09-10 04:00:00,R102,24.54,0,0,1,0,0.15,0.15,NORMAL
2026-09-10 04:00:00,R103,24.54,0,0,1,0,0.15,0.15,NORMAL
2026-09-10 04:00:00,R104,24.54,0,0,1,0,0.15,0.15,NORMAL
2026-09-10 04:00:00,R105,24.54,0,1,1,0,1.536,1.536,AC_WASTE
2026-09-10 04:00:00,R106,24.54,0,0,1,0,0.15,0.15,NORMAL
2026-09-10 04:00:00,R107,24.54,0,0,1,0,0.15,0.15,NORMAL
2026-09-10 04:00:00,R108,24.54,1,0,1,0,0.378,0.378,NORMAL
2026-09-10 04:00:00,R109,24.54,0,0,1,0,0.15,0.15,NORMAL
2026-09-10 04:00:00,R110,24.54,0,0,1,0,0.15,0.15,NORMAL
2026-09-10 04:00:00,R111,24.54,1,0,1,0,0.4,0.4,NORMAL
2026-09-10 04:00:00,R112,24.54,0,0,1,0,0.15,0.15,NORMAL
2026-09-10 04:00:00,R113,24.54,0,0,1,0,0.15,0.15,NORMAL
2026-09-10 04:00:00,R114,24.54,0,0,1,0,0.15,0.15,NORMAL
2026-09-10 04:00:00,R115,24.54,0,0,1,0,0.15,0.15,NORMAL
2026-09-10 04:00:00,R116,24.54,0,0,1,0,0.15,0.15,NORMAL
2026-09-10 04:00:00,R117,24.54,1,0,1,0,0.422,0.422,NORMAL
2026-09-10 04:00:00,R118,24.54,0,0,1,0,0.15,0.15,NORMAL
2026-09-10 04:00:00,R119,24.54,0,0,1,0,0.15,0.15,NORMAL
2026-09-10 04:00:00,R120,24.54,0,0,1,0,0.15,0.15,NORMAL
2026-09-10 05:00:00,R101,25.49,0,0,1,0,0.15,0.15,NORMAL
2026-09-10 05:00:00,R102,25.49,0,0,1,0,0.15,0.15,NORMAL
2026-09-10 05:00:00,R103,25.49,0,0,1,0,0.15,0.15,NORMAL
2026-09-10 05:00:00,R104,25.49,0,0,1,0,0.15,0.15,NORMAL
2026-09-10 05:00:00,R105,25.49,1,0,1,0,0.381,0.381,NORMAL
2026-09-10 05:00:00,R106,25.49,1,0,1,0,0.33,0.33,NORMAL
2026-09-10 05:00:00,R107,25.49,0,0,1,0,0.15,0.15,NORMAL
2026-09-10 05:00:00,R108,25.49,0,0,1,0,0.15,0.15,NORMAL
2026-09-10 05:00:00,R109,25.49,1,0,1,0,0.314,0.314,NORMAL
2026-09-10 05:00:00,R110,25.49,0,0,1,0,0.15,0.15,NORMAL
2026-09-10 05:00:00,R111,25.49,1,0,1,0,0.413,0.413,NORMAL
2026-09-10 05:00:00,R112,25.49,0,0,1,0,0.15,0.15,NORMAL
2026-09-10 05:00:00,R113,25.49,1,0,1,0,0.422,0.422,NORMAL
2026-09-10 05:00:00,R114,25.49,1,0,1,0,0.44,0.44,NORMAL
2026-09-10 05:00:00,R115,25.49,1,0,1,0,0.395,0.395,NORMAL
2026-09-10 05:00:00,R116,25.49,0,0,1,0,0.15,0.15,NORMAL
2026-09-10 05:00:00,R117,25.49,0,0,1,0,0.15,0.15,NORMAL
2026-09-10 05:00:00,R118,25.49,0,0,1,0,0.15,0.15,NORMAL
2026-09-10 05:00:00,R119,25.49,0,0,1,0,0.15,0.15,NORMAL
2026-09-10 05:00:00,R120,25.49,0,0,1,0,0.15,0.15,NORMAL
2026-09-10 06:00:00,R101,26.96,1,0,0,1,0.254,0.254,NORMAL
2026-09-10 06:00:00,R102,26.96,1,0,0,1,0.243,0.243,NORMAL
2026-09-10 06:00:00,R103,26.96,1,0,0,1,0.206,0.206,NORMAL
2026-09-10 06:00:00,R104,26.96,0,0,0,1,0.15,0.15,NORMAL
2026-09-10 06:00:00,R105,26.96,1,0,0,1,0.28,0.28,NORMAL
2026-09-10 06:00:00,R106,26.96,2,0,0,1,0.287,0.287,NORMAL
2026-09-10 06:00:00,R107,26.96,1,0,0,1,0.285,0.285,NORMAL
2026-09-10 06:00:00,R108,26.96,1,0,0,1,0.287,0.287,NORMAL
2026-09-10 06:00:00,R109,26.96,2,0,0,1,0.374,0.374,NORMAL
2026-09-10 06:00:00,R110,26.96,1,0,0,1,0.282,0.282,NORMAL
2026-09-10 06:00:00,R111,26.96,1,0,0,1,0.272,0.272,NORMAL
2026-09-10 06:00:00,R112,26.96,1,0,0,1,0.293,0.293,NORMAL
2026-09-10 06:00:00,R113,26.96,1,0,0,1,0.299,0.299,NORMAL
2026-09-10 06:00:00,R114,26.96,1,0,0,1,0.288,0.288,NORMAL
2026-09-10 06:00:00,R115,26.96,1,0,0,1,0.206,0.206,NORMAL
2026-09-10 06:00:00,R116,26.96,2,0,0,1,0.441,0.441,NORMAL
2026-09-10 06:00:00,R117,26.96,1,0,0,1,0.277,0.277,NORMAL
2026-09-10 06:00:00,R118,26.96,1,0,0,1,0.263,0.263,NORMAL
2026-09-10 06:00:00,R119,26.96,2,0,0,1,0.44,0.44,NORMAL
2026-09-10 06:00:00,R120,26.96,2,0,0,1,0.382,0.382,NORMAL
2026-09-10 07:00:00,R101,28.78,1,0,0,1,0.206,0.206,NORMAL
2026-09-10 07:00:00,R102,28.78,2,0,0,1,0.278,0.278,NORMAL
2026-09-10 07:00:00,R103,28.78,0,0,0,1,0.15,0.15,NORMAL
2026-09-10 07:00:00,R104,28.78,2,0,0,1,0.276,0.276,NORMAL
2026-09-10 07:00:00,R105,28.78,1,0,0,1,0.241,0.241,NORMAL
2026-09-10 07:00:00,R106,28.78,2,0,0,1,0.424,0.424,NORMAL
2026-09-10 07:00:00,R107,28.78,2,0,0,1,0.291,0.291,NORMAL
2026-09-10 07:00:00,R108,28.78,2,0,0,1,0.416,0.416,NORMAL
2026-09-10 07:00:00,R109,28.78,2,0,0,1,0.263,0.263,NORMAL
2026-09-10 07:00:00,R110,28.78,1,0,0,1,0.206,0.206,NORMAL
2026-09-10 07:00:00,R111,28.78,1,0,0,1,0.268,0.268,NORMAL
2026-09-10 07:00:00,R112,28.78,1,0,0,1,0.239,0.239,NORMAL
2026-09-10 07:00:00,R113,28.78,0,0,0,1,0.15,0.15,NORMAL
2026-09-10 07:00:00,R114,28.78,0,0,0,1,0.15,0.15,NORMAL
2026-09-10 07:00:00,R115,28.78,1,0,0,1,0.204,0.204,NORMAL
2026-09-10 07:00:00,R116,28.78,0,0,0,1,0.15,0.15,NORMAL
2026-09-10 07:00:00,R117,28.78,0,0,0,1,0.15,0.15,NORMAL
2026-09-10 07:00:00,R118,28.78,1,0,0,1,0.211,0.211,NORMAL
2026-09-10 07:00:00,R119,28.78,0,0,0,1,0.15,0.15,NORMAL
2026-09-10 07:00:00,R120,28.78,0,0,0,1,0.15,0.15,NORMAL
2026-09-10 08:00:00,R101,30.76,2,1,0,1,2.048,2.048,NORMAL
2026-09-10 08:00:00,R102,30.76,2,1,0,1,1.888,1.888,NORMAL
2026-09-10 08:00:00,R103,30.76,2,1,0,1,1.875,1.875,NORMAL
2026-09-10 08:00:00,R104,30.76,1,1,0,1,1.739,1.739,NORMAL
2026-09-10 08:00:00,R105,30.76,2,1,0,1,1.766,1.766,NORMAL
2026-09-10 08:00:00,R106,30.76,2,1,0,1,1.643,1.643,NORMAL
2026-09-10 08:00:00,R107,30.76,1,1,0,1,1.844,1.844,NORMAL
2026-09-10 08:00:00,R108,30.76,1,1,0,1,1.532,1.532,NORMAL
2026-09-10 08:00:00,R109,30.76,0,0,0,1,0.15,0.15,NORMAL
2026-09-10 08:00:00,R110,30.76,1,1,0,1,1.92,1.92,NORMAL
2026-09-10 08:00:00,R111,30.76,1,1,0,1,2.047,2.047,NORMAL
2026-09-10 08:00:00,R112,30.76,1,1,0,1,1.973,1.973,NORMAL
2026-09-10 08:00:00,R113,30.76,2,1,0,1,1.691,1.691,NORMAL
2026-09-10 08:00:00,R114,30.76,2,1,0,1,1.522,1.522,NORMAL
2026-09-10 08:00:00,R115,30.76,0,0,0,1,0.15,0.15,NORMAL
2026-09-10 08:00:00,R116,30.76,0,0,0,1,0.15,0.15,NORMAL
2026-09-10 08:00:00,R117,30.76,1,1,0,1,1.559,1.559,NORMAL
2026-09-10 08:00:00,R118,30.76,2,1,0,1,2.039,2.039,NORMAL
2026-09-10 08:00:00,R119,30.76,1,1,0,1,2.076,2.076,NORMAL
2026-09-10 08:00:00,R120,30.76,1,1,0,1,1.888,1.888,NORMAL
2026-09-10 09:00:00,R101,31.36,0,0,0,1,0.15,0.15,NORMAL
2026-09-10 09:00:00,R102,31.36,1,1,0,1,1.657,1.657,NORMAL
2026-09-10 09:00:00,R103,31.36,1,1,0,1,1.688,1.688,NORMAL
2026-09-10 09:00:00,R104,31.36,0,0,0,1,0.15,0.15,NORMAL
2026-09-10 09:00:00,R105,31.36,1,1,0,1,1.894,1.894,NORMAL
2026-09-10 09:00:00,R106,31.36,1,1,0,1,1.602,1.602,NORMAL
2026-09-10 09:00:00,R107,31.36,0,0,0,1,0.15,0.15,NORMAL
2026-09-10 09:00:00,R108,31.36,0,0,0,1,0.15,0.15,NORMAL
2026-09-10 09:00:00,R109,31.36,0,0,0,1,0.15,0.15,NORMAL
2026-09-10 09:00:00,R110,31.36,0,0,0,1,0.15,0.15,NORMAL
2026-09-10 09:00:00,R111,31.36,0,0,0,1,0.15,0.15,NORMAL
2026-09-10 09:00:00,R112,31.36,1,1,0,1,1.761,1.761,NORMAL
2026-09-10 09:00:00,R113,31.36,0,0,0,1,0.15,0.15,NORMAL
2026-09-10 09:00:00,R114,31.36,0,0,0,1,0.15,0.15,NORMAL
2026-09-10 09:00:00,R115,31.36,2,1,0,1,1.937,1.937,NORMAL
2026-09-10 09:00:00,R116,31.36,0,0,0,1,0.15,0.15,NORMAL
2026-09-10 09:00:00,R117,31.36,0,0,0,1,0.15,0.15,NORMAL
2026-09-10 09:00:00,R118,31.36,1,1,0,1,1.818,1.818,NORMAL
2026-09-10 09:00:00,R119,31.36,1,1,0,1,1.998,1.998,NORMAL
2026-09-10 09:00:00,R120,31.36,1,1,0,1,1.736,1.736,NORMAL
2026-09-10 10:00:00,R101,30.75,0,0,0,1,0.15,0.15,NORMAL
2026-09-10 10:00:00,R102,30.75,0,0,0,1,0.15,0.15,NORMAL
2026-09-10 10:00:00,R103,30.75,1,1,0,1,1.8,1.8,NORMAL
2026-09-10 10:00:00,R104,30.75,0,0,0,1,0.15,0.15,NORMAL
2026-09-10 10:00:00,R105,30.75,1,1,0,1,1.716,1.716,NORMAL
2026-09-10 10:00:00,R106,30.75,0,0,0,1,0.15,0.15,NORMAL
2026-09-10 10:00:00,R107,30.75,1,1,0,1,1.533,1.533,NORMAL
2026-09-10 10:00:00,R108,30.75,0,0,0,1,0.15,0.15,NORMAL
2026-09-10 10:00:00,R109,30.75,0,0,0,1,0.15,0.15,NORMAL
2026-09-10 10:00:00,R110,30.75,0,0,0,1,0.15,0.15,NORMAL
2026-09-10 10:00:00,R111,30.75,1,1,0,1,1.918,1.918,NORMAL
2026-09-10 10:00:00,R112,30.75,0,0,0,1,0.15,0.15,NORMAL
2026-09-10 10:00:00,R113,30.75,0,0,0,1,0.15,0.15,NORMAL
2026-09-10 10:00:00,R114,30.75,1,1,0,1,1.762,1.762,NORMAL
2026-09-10 10:00:00,R115,30.75,1,1,0,1,1.929,1.929,NORMAL
2026-09-10 10:00:00,R116,30.75,0,0,0,1,0.15,0.15,NORMAL
2026-09-10 10:00:00,R117,30.75,2,1,0,1,1.613,1.613,NORMAL
2026-09-10 10:00:00,R118,30.75,0,0,0,1,0.15,0.15,NORMAL
2026-09-10 10:00:00,R119,30.75,1,1,0,1,1.626,1.626,NORMAL
2026-09-10 10:00:00,R120,30.75,2,1,0,1,1.709,1.709,NORMAL
2026-09-10 11:00:00,R101,33.5,1,1,0,1,1.876,1.876,NORMAL
2026-09-10 11:00:00,R102,33.5,1,1,0,1,1.82,1.82,NORMAL
2026-09-10 11:00:00,R103,33.5,0,0,0,1,0.15,0.15,NORMAL
2026-09-10 11:00:00,R104,33.5,0,0,0,1,0.15,0.15,NORMAL
2026-09-10 11:00:00,R105,33.5,0,0,0,1,0.15,0.15,NORMAL
2026-09-10 11:00:00,R106,33.5,0,0,0,1,0.15,0.15,NORMAL
2026-09-10 11:00:00,R107,33.5,0,0,0,1,0.15,0.15,NORMAL
2026-09-10 11:00:00,R108,33.5,0,0,0,1,0.15,0.15,NORMAL
2026-09-10 11:00:00,R109,33.5,0,0,0,1,0.15,0.15,NORMAL
2026-09-10 11:00:00,R110,33.5,2,1,0,1,1.815,1.815,NORMAL
2026-09-10 11:00:00,R111,33.5,1,1,0,1,1.669,1.669,NORMAL
2026-09-10 11:00:00,R112,33.5,2,1,0,1,2.214,2.214,NORMAL
2026-09-10 11:00:00,R113,33.5,1,1,0,1,1.922,1.922,NORMAL
2026-09-10 11:00:00,R114,33.5,0,0,0,1,0.15,0.15,NORMAL
2026-09-10 11:00:00,R115,33.5,0,0,0,1,0.15,0.15,NORMAL
2026-09-10 11:00:00,R116,33.5,0,0,0,1,0.15,0.15,NORMAL
2026-09-10 11:00:00,R117,33.5,1,1,0,1,2.025,2.025,STANDBY_WASTE
2026-09-10 11:00:00,R118,33.5,1,1,0,1,1.749,1.749,NORMAL
2026-09-10 11:00:00,R119,33.5,2,1,0,1,1.739,1.739,NORMAL
2026-09-10 11:00:00,R120,33.5,0,0,0,1,0.15,0.15,NORMAL
2026-09-10 12:00:00,R101,35.31,1,1,0,1,1.525,1.525,NORMAL
2026-09-10 12:00:00,R102,35.31,1,1,0,1,1.731,1.731,NORMAL
2026-09-10 12:00:00,R103,35.31,1,1,0,1,1.519,1.519,NORMAL
2026-09-10 12:00:00,R104,35.31,0,0,0,1,0.15,0.15,NORMAL
2026-09-10 12:00:00,R105,35.31,0,0,0,1,0.15,0.15,NORMAL
2026-09-10 12:00:00,R106,35.31,0,0,0,1,0.15,0.15,NORMAL
2026-09-10 12:00:00,R107,35.31,0,0,0,1,0.15,0.15,NORMAL
2026-09-10 12:00:00,R108,35.31,0,0,0,1,0.15,0.15,NORMAL
2026-09-10 12:00:00,R109,35.31,1,1,0,1,1.903,1.903,NORMAL
2026-09-10 12:00:00,R110,35.31,0,0,0,1,0.15,0.15,NORMAL
2026-09-10 12:00:00,R111,35.31,1,1,0,1,1.54,1.54,NORMAL
2026-09-10 12:00:00,R112,35.31,1,1,0,1,2.005,2.005,NORMAL
2026-09-10 12:00:00,R113,35.31,1,1,0,1,1.697,1.697,NORMAL
2026-09-10 12:00:00,R114,35.31,1,1,0,1,1.783,1.783,NORMAL
2026-09-10 12:00:00,R115,35.31,0,0,0,1,0.15,0.15,NORMAL
2026-09-10 12:00:00,R116,35.31,2,1,0,1,2.018,2.018,NORMAL
2026-09-10 12:00:00,R117,35.31,0,0,0,1,0.15,0.15,NORMAL
2026-09-10 12:00:00,R118,35.31,0,0,0,1,0.15,0.15,NORMAL
2026-09-10 12:00:00,R119,35.31,0,0,0,1,0.15,0.15,NORMAL
2026-09-10 12:00:00,R120,35.31,0,0,0,1,0.15,0.15,NORMAL
2026-09-10 13:00:00,R101,32.95,0,0,0,1,0.15,0.15,NORMAL
2026-09-10 13:00:00,R102,32.95,0,0,0,1,0.15,0.15,NORMAL
2026-09-10 13:00:00,R103,32.95,0,0,0,1,0.15,0.15,NORMAL
2026-09-10 13:00:00,R104,32.95,1,1,0,1,1.964,1.964,NORMAL
2026-09-10 13:00:00,R105,32.95,0,0,0,1,0.15,0.15,NORMAL
2026-09-10 13:00:00,R106,32.95,0,0,0,1,0.15,0.15,NORMAL
2026-09-10 13:00:00,R107,32.95,1,1,0,1,1.962,1.962,NORMAL
2026-09-10 13:00:00,R108,32.95,2,1,0,1,1.635,1.635,NORMAL
2026-09-10 13:00:00,R109,32.95,1,1,0,1,1.798,1.798,NORMAL
2026-09-10 13:00:00,R110,32.95,1,1,0,1,1.926,1.926,NORMAL
2026-09-10 13:00:00,R111,32.95,0,0,0,1,0.15,0.15,NORMAL
2026-09-10 13:00:00,R112,32.95,1,1,0,1,1.566,1.566,NORMAL
2026-09-10 13:00:00,R113,32.95,0,0,0,1,0.15,0.15,NORMAL
2026-09-10 13:00:00,R114,32.95,1,1,0,1,1.551,1.551,NORMAL
2026-09-10 13:00:00,R115,32.95,1,1,0,1,1.876,1.876,NORMAL
2026-09-10 13:00:00,R116,32.95,0,0,0,1,0.15,0.15,NORMAL
2026-09-10 13:00:00,R117,32.95,0,1,0,1,1.65,1.65,AC_WASTE
2026-09-10 13:00:00,R118,32.95,0,0,0,1,0.15,0.15,NORMAL
2026-09-10 13:00:00,R119,32.95,0,0,0,1,0.15,0.15,NORMAL
2026-09-10 13:00:00,R120,32.95,1,1,0,1,1.918,1.918,NORMAL
2026-09-10 14:00:00,R101,31.65,1,1,0,1,1.813,1.813,NORMAL
2026-09-10 14:00:00,R102,31.65,0,0,0,1,0.15,0.15,NORMAL
2026-09-10 14:00:00,R103,31.65,0,0,0,1,0.15,0.15,NORMAL
2026-09-10 14:00:00,R104,31.65,1,1,0,1,1.488,1.488,NORMAL
2026-09-10 14:00:00,R105,31.65,2,1,0,1,1.781,1.781,NORMAL
2026-09-10 14:00:00,R106,31.65,0,0,0,1,0.15,0.15,NORMAL
2026-09-10 14:00:00,R107,31.65,1,1,0,1,1.985,1.985,NORMAL
2026-09-10 14:00:00,R108,31.65,0,0,0,1,0.15,0.15,NORMAL
2026-09-10 14:00:00,R109,31.65,0,0,0,1,0.15,0.15,NORMAL
2026-09-10 14:00:00,R110,31.65,1,1,0,1,1.628,1.628,NORMAL
2026-09-10 14:00:00,R111,31.65,1,1,0,1,1.858,1.858,NORMAL
2026-09-10 14:00:00,R112,31.65,2,1,0,1,1.754,1.754,NORMAL
2026-09-10 14:00:00,R113,31.65,0,0,0,1,0.15,0.15,NORMAL
2026-09-10 14:00:00,R114,31.65,2,1,0,1,2.228,2.228,NORMAL
2026-09-10 14:00:00,R115,31.65,0,0,0,1,0.15,0.15,NORMAL
2026-09-10 14:00:00,R116,31.65,0,0,0,1,0.15,0.15,NORMAL
2026-09-10 14:00:00,R117,31.65,1,1,0,1,1.896,1.896,NORMAL
2026-09-10 14:00:00,R118,31.65,0,0,0,1,0.15,0.15,NORMAL
2026-09-10 14:00:00,R119,31.65,1,1,0,1,1.532,1.532,NORMAL
2026-09-10 14:00:00,R120,31.65,1,1,0,1,1.862,1.862,NORMAL
2026-09-10 15:00:00,R101,35.13,1,1,0,1,1.624,1.624,NORMAL
2026-09-10 15:00:00,R102,35.13,1,1,0,1,1.667,1.667,NORMAL
2026-09-10 15:00:00,R103,35.13,0,0,0,1,0.15,0.15,NORMAL
2026-09-10 15:00:00,R104,35.13,0,0,0,1,0.15,0.15,NORMAL
2026-09-10 15:00:00,R105,35.13,2,1,0,1,1.952,1.952,NORMAL
2026-09-10 15:00:00,R106,35.13,0,0,0,1,0.15,0.15,NORMAL
2026-09-10 15:00:00,R107,35.13,2,1,0,1,2.126,2.126,NORMAL
2026-09-10 15:00:00,R108,35.13,0,0,0,1,0.15,0.15,NORMAL
2026-09-10 15:00:00,R109,35.13,0,0,0,1,0.15,0.15,NORMAL
2026-09-10 15:00:00,R110,35.13,1,1,0,1,1.863,1.863,NORMAL
2026-09-10 15:00:00,R111,35.13,0,0,0,1,0.15,0.15,NORMAL
2026-09-10 15:00:00,R112,35.13,0,0,0,1,0.15,0.15,NORMAL
2026-09-10 15:00:00,R113,35.13,1,1,0,1,2.545,2.545,STANDBY_WASTE
2026-09-10 15:00:00,R114,35.13,0,0,0,1,0.15,0.15,NORMAL
2026-09-10 15:00:00,R115,35.13,0,0,0,1,0.15,0.15,NORMAL
2026-09-10 15:00:00,R116,35.13,1,1,0,1,1.553,1.553,NORMAL
2026-09-10 15:00:00,R117,35.13,1,1,0,1,1.435,1.435,NORMAL
2026-09-10 15:00:00,R118,35.13,1,1,0,1,1.935,1.935,NORMAL
2026-09-10 15:00:00,R119,35.13,1,1,0,1,1.835,1.835,NORMAL
2026-09-10 15:00:00,R120,35.13,0,0,0,1,0.15,0.15,NORMAL
2026-09-10 16:00:00,R101,31.96,1,1,0,1,1.703,1.703,NORMAL
2026-09-10 16:00:00,R102,31.96,1,1,0,1,1.805,1.805,NORMAL
2026-09-10 16:00:00,R103,31.96,0,0,0,1,0.15,0.15,NORMAL
2026-09-10 16:00:00,R104,31.96,1,1,0,1,1.992,1.992,NORMAL
2026-09-10 16:00:00,R105,31.96,1,1,0,1,2.022,2.022,NORMAL
2026-09-10 16:00:00,R106,31.96,0,0,0,1,0.15,0.15,NORMAL
2026-09-10 16:00:00,R107,31.96,1,1,0,1,2.017,2.017,NORMAL
2026-09-10 16:00:00,R108,31.96,1,1,0,1,2.001,2.001,NORMAL
2026-09-10 16:00:00,R109,31.96,0,0,0,1,0.15,0.15,NORMAL
2026-09-10 16:00:00,R110,31.96,0,0,0,1,0.15,0.15,NORMAL
2026-09-10 16:00:00,R111,31.96,0,0,0,1,0.15,0.15,NORMAL
2026-09-10 16:00:00,R112,31.96,1,1,0,1,1.841,1.841,NORMAL
2026-09-10 16:00:00,R113,31.96,1,1,0,1,1.988,1.988,NORMAL
2026-09-10 16:00:00,R114,31.96,0,0,0,1,0.15,0.15,NORMAL
2026-09-10 16:00:00,R115,31.96,0,0,0,1,0.15,0.15,NORMAL
2026-09-10 16:00:00,R116,31.96,2,1,0,1,2.199,2.199,NORMAL
2026-09-10 16:00:00,R117,31.96,1,1,0,1,1.929,1.929,NORMAL
2026-09-10 16:00:00,R118,31.96,2,1,0,1,1.512,1.512,NORMAL
2026-09-10 16:00:00,R119,31.96,1,1,0,1,1.594,1.594,NORMAL
2026-09-10 16:00:00,R120,31.96,0,0,0,1,0.15,0.15,NORMAL
2026-09-10 17:00:00,R101,29.96,1,1,0,1,1.866,1.866,NORMAL
2026-09-10 17:00:00,R102,29.96,0,0,0,1,0.15,0.15,NORMAL
2026-09-10 17:00:00,R103,29.96,1,1,0,1,1.828,1.828,NORMAL
2026-09-10 17:00:00,R104,29.96,1,1,0,1,2.588,2.588,STANDBY_WASTE
2026-09-10 17:00:00,R105,29.96,2,1,0,1,1.817,1.817,NORMAL
2026-09-10 17:00:00,R106,29.96,2,1,0,1,2.033,2.033,NORMAL
2026-09-10 17:00:00,R107,29.96,1,1,0,1,1.755,1.755,NORMAL
2026-09-10 17:00:00,R108,29.96,1,1,0,1,1.516,1.516,NORMAL
2026-09-10 17:00:00,R109,29.96,2,1,0,1,1.741,1.741,NORMAL
2026-09-10 17:00:00,R110,29.96,2,1,0,1,1.808,1.808,NORMAL
2026-09-10 17:00:00,R111,29.96,2,1,0,1,1.975,1.975,NORMAL
2026-09-10 17:00:00,R112,29.96,2,1,0,1,1.946,1.946,NORMAL
2026-09-10 17:00:00,R113,29.96,2,1,0,1,1.528,1.528,NORMAL
2026-09-10 17:00:00,R114,29.96,1,1,0,1,1.479,1.479,NORMAL
2026-09-10 17:00:00,R115,29.96,1,1,0,1,1.847,1.847,NORMAL
2026-09-10 17:00:00,R116,29.96,2,1,0,1,1.56,1.56,NORMAL
2026-09-10 17:00:00,R117,29.96,1,1,0,1,2.009,2.009,NORMAL
2026-09-10 17:00:00,R118,29.96,2,1,0,1,1.899,1.899,NORMAL
2026-09-10 17:00:00,R119,29.96,2,1,0,1,1.917,1.917,NORMAL
2026-09-10 17:00:00,R120,29.96,2,1,0,1,1.853,1.853,NORMAL
2026-09-10 18:00:00,R101,25.34,1,0,1,1,0.303,0.303,NORMAL
2026-09-10 18:00:00,R102,25.34,1,0,1,1,0.365,0.365,NORMAL
2026-09-10 18:00:00,R103,25.34,1,0,1,1,0.45,0.45,NORMAL
2026-09-10 18:00:00,R104,25.34,0,0,1,1,0.15,0.15,NORMAL
2026-09-10 18:00:00,R105,25.34,1,0,1,1,0.391,0.391,NORMAL
2026-09-10 18:00:00,R106,25.34,1,0,1,1,0.341,0.341,NORMAL
2026-09-10 18:00:00,R107,25.34,2,0,1,1,0.563,0.563,NORMAL
2026-09-10 18:00:00,R108,25.34,1,0,1,1,0.407,0.407,NORMAL
2026-09-10 18:00:00,R109,25.34,0,0,1,1,0.15,0.15,NORMAL
2026-09-10 18:00:00,R110,25.34,1,0,1,1,0.435,0.435,NORMAL
2026-09-10 18:00:00,R111,25.34,2,0,1,1,0.492,0.492,NORMAL
2026-09-10 18:00:00,R112,25.34,1,0,1,1,0.304,0.304,NORMAL
2026-09-10 18:00:00,R113,25.34,1,0,1,1,0.446,0.446,NORMAL
2026-09-10 18:00:00,R114,25.34,2,0,1,1,1.251,1.251,STANDBY_WASTE
2026-09-10 18:00:00,R115,25.34,1,0,1,1,0.425,0.425,NORMAL
2026-09-10 18:00:00,R116,25.34,2,0,1,1,0.583,0.583,NORMAL
2026-09-10 18:00:00,R117,25.34,1,0,1,1,0.353,0.353,NORMAL
2026-09-10 18:00:00,R118,25.34,1,0,1,1,0.37,0.37,NORMAL
2026-09-10 18:00:00,R119,25.34,0,0,1,1,0.15,0.15,NORMAL
2026-09-10 18:00:00,R120,25.34,1,0,1,1,0.467,0.467,NORMAL
2026-09-10 19:00:00,R101,25.73,2,0,1,1,0.574,0.574,NORMAL
2026-09-10 19:00:00,R102,25.73,0,0,1,1,0.15,0.15,NORMAL
2026-09-10 19:00:00,R103,25.73,1,0,1,1,0.341,0.341,NORMAL
2026-09-10 19:00:00,R104,25.73,1,0,1,1,0.379,0.379,NORMAL
2026-09-10 19:00:00,R105,25.73,1,0,1,1,0.377,0.377,NORMAL
2026-09-10 19:00:00,R106,25.73,1,0,1,1,0.472,0.472,NORMAL
2026-09-10 19:00:00,R107,25.73,2,0,1,1,0.575,0.575,NORMAL
2026-09-10 19:00:00,R108,25.73,1,0,1,1,0.364,0.364,NORMAL
2026-09-10 19:00:00,R109,25.73,2,0,1,1,0.474,0.474,NORMAL
2026-09-10 19:00:00,R110,25.73,1,0,1,1,0.367,0.367,NORMAL
2026-09-10 19:00:00,R111,25.73,0,0,1,1,0.15,0.15,NORMAL
2026-09-10 19:00:00,R112,25.73,1,0,1,1,0.38,0.38,NORMAL
2026-09-10 19:00:00,R113,25.73,1,0,1,1,0.331,0.331,NORMAL
2026-09-10 19:00:00,R114,25.73,1,0,1,1,0.309,0.309,NORMAL
2026-09-10 19:00:00,R115,25.73,1,0,1,1,0.436,0.436,NORMAL
2026-09-10 19:00:00,R116,25.73,1,0,1,1,0.394,0.394,NORMAL
2026-09-10 19:00:00,R117,25.73,2,0,1,1,0.373,0.373,NORMAL
2026-09-10 19:00:00,R118,25.73,2,0,1,1,0.553,0.553,NORMAL
2026-09-10 19:00:00,R119,25.73,1,0,1,1,0.404,0.404,NORMAL
2026-09-10 19:00:00,R120,25.73,1,0,1,1,0.377,0.377,NORMAL
2026-09-10 20:00:00,R101,21.64,1,0,1,1,0.319,0.319,NORMAL
2026-09-10 20:00:00,R102,21.64,1,0,1,1,0.375,0.375,NORMAL
2026-09-10 20:00:00,R103,21.64,1,0,1,1,0.367,0.367,NORMAL
2026-09-10 20:00:00,R104,21.64,1,0,1,1,0.353,0.353,NORMAL
2026-09-10 20:00:00,R105,21.64,0,0,1,1,0.15,0.15,NORMAL
2026-09-10 20:00:00,R106,21.64,2,0,1,1,0.543,0.543,NORMAL
2026-09-10 20:00:00,R107,21.64,2,0,1,1,0.542,0.542,NORMAL
2026-09-10 20:00:00,R108,21.64,2,0,1,1,0.557,0.557,NORMAL
2026-09-10 20:00:00,R109,21.64,2,0,1,1,0.416,0.416,NORMAL
2026-09-10 20:00:00,R110,21.64,0,0,1,1,0.15,0.15,NORMAL
2026-09-10 20:00:00,R111,21.64,0,0,1,1,0.15,0.15,NORMAL
2026-09-10 20:00:00,R112,21.64,2,0,1,1,0.533,0.533,NORMAL
2026-09-10 20:00:00,R113,21.64,2,0,1,1,0.457,0.457,NORMAL
2026-09-10 20:00:00,R114,21.64,2,0,1,1,0.498,0.498,NORMAL
2026-09-10 20:00:00,R115,21.64,2,0,1,1,0.613,0.613,NORMAL
2026-09-10 20:00:00,R116,21.64,1,0,1,1,0.357,0.357,NORMAL
2026-09-10 20:00:00,R117,21.64,1,0,1,1,0.376,0.376,NORMAL
2026-09-10 20:00:00,R118,21.64,1,0,1,1,0.388,0.388,NORMAL
2026-09-10 20:00:00,R119,21.64,0,0,1,1,0.15,0.15,NORMAL
2026-09-10 20:00:00,R120,21.64,2,0,1,1,0.621,0.621,NORMAL
2026-09-10 21:00:00,R101,19.78,2,0,1,1,0.508,0.508,NORMAL
2026-09-10 21:00:00,R102,19.78,1,0,1,1,0.409,0.409,NORMAL
2026-09-10 21:00:00,R103,19.78,1,0,1,1,0.428,0.428,NORMAL
2026-09-10 21:00:00,R104,19.78,2,0,1,1,0.442,0.442,NORMAL
2026-09-10 21:00:00,R105,19.78,2,0,1,1,0.588,0.588,NORMAL
2026-09-10 21:00:00,R106,19.78,1,0,1,1,0.426,0.426,NORMAL
2026-09-10 21:00:00,R107,19.78,1,0,1,1,0.427,0.427,NORMAL
2026-09-10 21:00:00,R108,19.78,2,0,1,1,0.549,0.549,NORMAL
2026-09-10 21:00:00,R109,19.78,2,0,1,1,0.618,0.618,NORMAL
2026-09-10 21:00:00,R110,19.78,2,0,1,1,0.448,0.448,NORMAL
2026-09-10 21:00:00,R111,19.78,2,0,1,1,0.566,0.566,NORMAL
2026-09-10 21:00:00,R112,19.78,2,0,1,1,0.459,0.459,NORMAL
2026-09-10 21:00:00,R113,19.78,1,0,1,1,0.434,0.434,NORMAL
2026-09-10 21:00:00,R114,19.78,1,0,1,1,0.397,0.397,NORMAL
2026-09-10 21:00:00,R115,19.78,2,0,1,1,0.58,0.58,NORMAL
2026-09-10 21:00:00,R116,19.78,1,0,1,1,0.395,0.395,NORMAL
2026-09-10 21:00:00,R117,19.78,1,0,1,1,0.377,0.377,NORMAL
2026-09-10 21:00:00,R118,19.78,2,0,1,1,0.548,0.548,NORMAL
2026-09-10 21:00:00,R119,19.78,1,0,1,1,0.446,0.446,NORMAL
2026-09-10 21:00:00,R120,19.78,1,0,1,1,0.378,0.378,NORMAL
2026-09-10 22:00:00,R101,21.87,2,0,1,1,0.598,0.598,NORMAL
2026-09-10 22:00:00,R102,21.87,0,0,1,1,0.15,0.15,NORMAL
2026-09-10 22:00:00,R103,21.87,2,0,1,1,0.447,0.447,NORMAL
2026-09-10 22:00:00,R104,21.87,2,0,1,1,0.375,0.375,NORMAL
2026-09-10 22:00:00,R105,21.87,2,0,1,1,0.522,0.522,NORMAL
2026-09-10 22:00:00,R106,21.87,0,1,1,1,1.751,1.751,AC_WASTE
2026-09-10 22:00:00,R107,21.87,1,0,1,1,0.473,0.473,NORMAL
2026-09-10 22:00:00,R108,21.87,1,0,1,1,0.423,0.423,NORMAL
2026-09-10 22:00:00,R109,21.87,2,0,1,1,0.569,0.569,NORMAL
2026-09-10 22:00:00,R110,21.87,1,0,1,1,0.397,0.397,NORMAL
2026-09-10 22:00:00,R111,21.87,2,0,1,1,0.478,0.478,NORMAL
2026-09-10 22:00:00,R112,21.87,1,0,1,1,0.378,0.378,NORMAL
2026-09-10 22:00:00,R113,21.87,1,0,1,1,0.386,0.386,NORMAL
2026-09-10 22:00:00,R114,21.87,1,0,1,1,0.454,0.454,NORMAL
2026-09-10 22:00:00,R115,21.87,0,1,1,1,1.522,1.522,AC_WASTE
2026-09-10 22:00:00,R116,21.87,1,0,1,1,0.454,0.454,NORMAL
2026-09-10 22:00:00,R117,21.87,1,0,1,1,0.412,0.412,NORMAL
2026-09-10 22:00:00,R118,21.87,2,0,1,1,0.539,0.539,NORMAL
2026-09-10 22:00:00,R119,21.87,1,0,1,1,0.351,0.351,NORMAL
2026-09-10 22:00:00,R120,21.87,1,0,1,1,0.35,0.35,NORMAL
2026-09-10 23:00:00,R101,18.71,0,0,1,0,0.15,0.15,NORMAL
2026-09-10 23:00:00,R102,18.71,0,0,1,0,0.15,0.15,NORMAL
2026-09-10 23:00:00,R103,18.71,0,0,1,0,0.15,0.15,NORMAL
2026-09-10 23:00:00,R104,18.71,0,0,1,0,0.15,0.15,NORMAL
2026-09-10 23:00:00,R105,18.71,0,0,1,0,0.15,0.15,NORMAL
2026-09-10 23:00:00,R106,18.71,0,0,1,0,0.15,0.15,NORMAL
2026-09-10 23:00:00,R107,18.71,1,0,1,0,0.331,0.331,NORMAL
2026-09-10 23:00:00,R108,18.71,0,0,1,0,0.15,0.15,NORMAL
2026-09-10 23:00:00,R109,18.71,1,0,1,0,0.333,0.333,NORMAL
2026-09-10 23:00:00,R110,18.71,0,0,1,0,0.15,0.15,NORMAL
2026-09-10 23:00:00,R111,18.71,0,0,1,0,0.15,0.15,NORMAL
2026-09-10 23:00:00,R112,18.71,1,0,1,0,0.479,0.479,NORMAL
2026-09-10 23:00:00,R113,18.71,0,0,1,0,0.15,0.15,NORMAL
2026-09-10 23:00:00,R114,18.71,0,0,1,0,0.15,0.15,NORMAL
2026-09-10 23:00:00,R115,18.71,0,0,1,0,0.15,0.15,NORMAL
2026-09-10 23:00:00,R116,18.71,0,1,1,0,1.702,1.702,AC_WASTE
2026-09-10 23:00:00,R117,18.71,1,0,1,0,0.468,0.468,NORMAL
2026-09-10 23:00:00,R118,18.71,1,0,1,0,0.419,0.419,NORMAL
2026-09-10 23:00:00,R119,18.71,0,0,1,0,0.15,0.15,NORMAL
2026-09-10 23:00:00,R120,18.71,1,0,1,0,0.404,0.404,NORMAL
2026-09-11 00:00:00,R101,19.97,0,0,1,0,0.15,0.15,NORMAL
2026-09-11 00:00:00,R102,19.97,0,0,1,0,0.15,0.15,NORMAL
2026-09-11 00:00:00,R103,19.97,1,0,1,0,0.337,0.337,NORMAL
2026-09-11 00:00:00,R104,19.97,0,0,1,0,0.15,0.15,NORMAL
2026-09-11 00:00:00,R105,19.97,0,0,1,0,0.15,0.15,NORMAL
2026-09-11 00:00:00,R106,19.97,1,0,1,0,0.365,0.365,NORMAL
2026-09-11 00:00:00,R107,19.97,0,0,1,0,0.15,0.15,NORMAL
2026-09-11 00:00:00,R108,19.97,1,0,1,0,0.427,0.427,NORMAL
2026-09-11 00:00:00,R109,19.97,0,0,1,0,0.15,0.15,NORMAL
2026-09-11 00:00:00,R110,19.97,0,0,1,0,0.15,0.15,NORMAL
2026-09-11 00:00:00,R111,19.97,0,0,1,0,0.15,0.15,NORMAL
2026-09-11 00:00:00,R112,19.97,0,0,1,0,0.15,0.15,NORMAL
2026-09-11 00:00:00,R113,19.97,0,0,1,0,0.15,0.15,NORMAL
2026-09-11 00:00:00,R114,19.97,1,0,1,0,0.412,0.412,NORMAL
2026-09-11 00:00:00,R115,19.97,0,0,1,0,0.15,0.15,NORMAL
2026-09-11 00:00:00,R116,19.97,0,0,1,0,0.15,0.15,NORMAL
2026-09-11 00:00:00,R117,19.97,0,0,1,0,0.15,0.15,NORMAL
2026-09-11 00:00:00,R118,19.97,1,0,1,0,0.446,0.446,NORMAL
2026-09-11 00:00:00,R119,19.97,0,0,1,0,0.15,0.15,NORMAL
2026-09-11 00:00:00,R120,19.97,0,0,1,0,0.15,0.15,NORMAL
2026-09-11 01:00:00,R101,21.46,0,0,1,0,0.15,0.15,NORMAL
2026-09-11 01:00:00,R102,21.46,0,0,1,0,0.15,0.15,NORMAL
2026-09-11 01:00:00,R103,21.46,0,0,1,0,0.15,0.15,NORMAL
2026-09-11 01:00:00,R104,21.46,1,0,1,0,0.395,0.395,NORMAL
2026-09-11 01:00:00,R105,21.46,0,0,1,0,0.15,0.15,NORMAL
2026-09-11 01:00:00,R106,21.46,0,0,1,0,0.15,0.15,NORMAL
2026-09-11 01:00:00,R107,21.46,0,0,1,0,0.15,0.15,NORMAL
2026-09-11 01:00:00,R108,21.46,0,0,1,0,0.15,0.15,NORMAL
2026-09-11 01:00:00,R109,21.46,1,0,1,0,0.331,0.331,NORMAL
2026-09-11 01:00:00,R110,21.46,0,0,1,0,0.15,0.15,NORMAL
2026-09-11 01:00:00,R111,21.46,0,0,1,0,0.15,0.15,NORMAL
2026-09-11 01:00:00,R112,21.46,0,0,1,0,0.15,0.15,NORMAL
2026-09-11 01:00:00,R113,21.46,0,0,1,0,0.15,0.15,NORMAL
2026-09-11 01:00:00,R114,21.46,0,0,1,0,0.15,0.15,NORMAL
2026-09-11 01:00:00,R115,21.46,0,0,1,0,0.15,0.15,NORMAL
2026-09-11 01:00:00,R116,21.46,0,0,1,0,0.15,0.15,NORMAL
2026-09-11 01:00:00,R117,21.46,0,0,1,0,0.15,0.15,NORMAL
2026-09-11 01:00:00,R118,21.46,0,0,1,0,0.15,0.15,NORMAL
2026-09-11 01:00:00,R119,21.46,0,0,1,0,0.15,0.15,NORMAL
2026-09-11 01:00:00,R120,21.46,1,0,1,0,0.986,0.986,STANDBY_WASTE
2026-09-11 02:00:00,R101,22.57,0,0,1,0,0.15,0.15,NORMAL
2026-09-11 02:00:00,R102,22.57,1,0,1,0,0.452,0.452,NORMAL
2026-09-11 02:00:00,R103,22.57,0,0,1,0,0.15,0.15,NORMAL
2026-09-11 02:00:00,R104,22.57,0,0,1,0,0.15,0.15,NORMAL
2026-09-11 02:00:00,R105,22.57,1,0,1,0,0.373,0.373,NORMAL
2026-09-11 02:00:00,R106,22.57,0,0,1,0,0.15,0.15,NORMAL
2026-09-11 02:00:00,R107,22.57,1,0,1,0,0.332,0.332,NORMAL
2026-09-11 02:00:00,R108,22.57,0,0,1,0,0.15,0.15,NORMAL
2026-09-11 02:00:00,R109,22.57,0,0,1,0,0.15,0.15,NORMAL
2026-09-11 02:00:00,R110,22.57,0,0,1,0,0.15,0.15,NORMAL
2026-09-11 02:00:00,R111,22.57,0,0,1,0,0.15,0.15,NORMAL
2026-09-11 02:00:00,R112,22.57,0,0,1,0,0.15,0.15,NORMAL
2026-09-11 02:00:00,R113,22.57,0,0,1,0,0.15,0.15,NORMAL
2026-09-11 02:00:00,R114,22.57,0,0,1,0,0.711,0.711,STANDBY_WASTE
2026-09-11 02:00:00,R115,22.57,0,0,1,0,0.15,0.15,NORMAL
2026-09-11 02:00:00,R116,22.57,1,0,1,0,0.359,0.359,NORMAL
2026-09-11 02:00:00,R117,22.57,0,0,1,0,0.15,0.15,NORMAL
2026-09-11 02:00:00,R118,22.57,0,0,1,0,0.15,0.15,NORMAL
2026-09-11 02:00:00,R119,22.57,0,0,1,0,0.15,0.15,NORMAL
2026-09-11 02:00:00,R120,22.57,0,0,1,0,0.15,0.15,NORMAL
2026-09-11 03:00:00,R101,23.29,0,0,1,0,0.15,0.15,NORMAL
2026-09-11 03:00:00,R102,23.29,0,0,1,0,0.15,0.15,NORMAL
2026-09-11 03:00:00,R103,23.29,0,0,1,0,0.15,0.15,NORMAL
2026-09-11 03:00:00,R104,23.29,1,0,1,0,0.453,0.453,NORMAL
2026-09-11 03:00:00,R105,23.29,0,0,1,0,0.15,0.15,NORMAL
2026-09-11 03:00:00,R106,23.29,0,0,1,0,0.15,0.15,NORMAL
2026-09-11 03:00:00,R107,23.29,0,0,1,0,0.15,0.15,NORMAL
2026-09-11 03:00:00,R108,23.29,0,0,1,0,0.15,0.15,NORMAL
2026-09-11 03:00:00,R109,23.29,1,0,1,0,0.417,0.417,NORMAL
2026-09-11 03:00:00,R110,23.29,0,0,1,0,0.15,0.15,NORMAL
2026-09-11 03:00:00,R111,23.29,0,0,1,0,0.15,0.15,NORMAL
2026-09-11 03:00:00,R112,23.29,0,0,1,0,0.15,0.15,NORMAL
2026-09-11 03:00:00,R113,23.29,0,0,1,0,0.15,0.15,NORMAL
2026-09-11 03:00:00,R114,23.29,0,0,1,0,0.15,0.15,NORMAL
2026-09-11 03:00:00,R115,23.29,0,0,1,0,0.15,0.15,NORMAL
2026-09-11 03:00:00,R116,23.29,0,0,1,0,0.15,0.15,NORMAL
2026-09-11 03:00:00,R117,23.29,0,0,1,0,0.15,0.15,NORMAL
2026-09-11 03:00:00,R118,23.29,0,0,1,0,0.15,0.15,NORMAL
2026-09-11 03:00:00,R119,23.29,0,0,1,0,0.15,0.15,NORMAL
2026-09-11 03:00:00,R120,23.29,0,0,1,0,0.15,0.15,NORMAL
2026-09-11 04:00:00,R101,23.66,0,0,1,0,0.15,0.15,NORMAL
2026-09-11 04:00:00,R102,23.66,0,0,1,0,0.15,0.15,NORMAL
2026-09-11 04:00:00,R103,23.66,0,0,1,0,0.15,0.15,NORMAL
2026-09-11 04:00:00,R104,23.66,0,0,1,0,0.15,0.15,NORMAL
2026-09-11 04:00:00,R105,23.66,0,0,1,0,0.15,0.15,NORMAL
2026-09-11 04:00:00,R106,23.66,0,0,1,0,0.15,0.15,NORMAL
2026-09-11 04:00:00,R107,23.66,1,0,1,0,0.379,0.379,NORMAL
2026-09-11 04:00:00,R108,23.66,0,0,1,0,0.15,0.15,NORMAL
2026-09-11 04:00:00,R109,23.66,0,0,1,0,0.15,0.15,NORMAL
2026-09-11 04:00:00,R110,23.66,1,0,1,0,0.367,0.367,NORMAL
2026-09-11 04:00:00,R111,23.66,0,0,1,0,0.15,0.15,NORMAL
2026-09-11 04:00:00,R112,23.66,0,0,1,0,0.15,0.15,NORMAL
2026-09-11 04:00:00,R113,23.66,0,0,1,0,0.15,0.15,NORMAL
2026-09-11 04:00:00,R114,23.66,0,0,1,0,0.15,0.15,NORMAL
2026-09-11 04:00:00,R115,23.66,0,1,1,0,1.453,1.453,AC_WASTE
2026-09-11 04:00:00,R116,23.66,0,0,1,0,0.15,0.15,NORMAL
2026-09-11 04:00:00,R117,23.66,0,0,1,0,0.15,0.15,NORMAL
2026-09-11 04:00:00,R118,23.66,0,0,1,0,0.15,0.15,NORMAL
2026-09-11 04:00:00,R119,23.66,0,0,1,0,0.15,0.15,NORMAL
2026-09-11 04:00:00,R120,23.66,0,0,1,0,0.15,0.15,NORMAL
2026-09-11 05:00:00,R101,24.7,0,0,1,0,0.15,0.15,NORMAL
2026-09-11 05:00:00,R102,24.7,0,0,1,0,0.15,0.15,NORMAL
2026-09-11 05:00:00,R103,24.7,0,0,1,0,0.15,0.15,NORMAL
2026-09-11 05:00:00,R104,24.7,0,0,1,0,0.15,0.15,NORMAL
2026-09-11 05:00:00,R105,24.7,0,0,1,0,0.15,0.15,NORMAL
2026-09-11 05:00:00,R106,24.7,1,0,1,0,0.445,0.445,NORMAL
2026-09-11 05:00:00,R107,24.7,0,0,1,0,0.15,0.15,NORMAL
2026-09-11 05:00:00,R108,24.7,0,0,1,0,0.15,0.15,NORMAL
2026-09-11 05:00:00,R109,24.7,0,0,1,0,0.15,0.15,NORMAL
2026-09-11 05:00:00,R110,24.7,0,0,1,0,0.15,0.15,NORMAL
2026-09-11 05:00:00,R111,24.7,0,0,1,0,0.15,0.15,NORMAL
2026-09-11 05:00:00,R112,24.7,0,0,1,0,0.15,0.15,NORMAL
2026-09-11 05:00:00,R113,24.7,0,0,1,0,0.15,0.15,NORMAL
2026-09-11 05:00:00,R114,24.7,0,0,1,0,0.15,0.15,NORMAL
2026-09-11 05:00:00,R115,24.7,0,0,1,0,0.15,0.15,NORMAL
2026-09-11 05:00:00,R116,24.7,0,0,1,0,0.15,0.15,NORMAL
2026-09-11 05:00:00,R117,24.7,1,0,1,0,0.342,0.342,NORMAL
2026-09-11 05:00:00,R118,24.7,0,0,1,0,0.15,0.15,NORMAL
2026-09-11 05:00:00,R119,24.7,0,0,1,0,0.15,0.15,NORMAL
2026-09-11 05:00:00,R120,24.7,1,0,1,0,0.402,0.402,NORMAL
2026-09-11 06:00:00,R101,25.79,2,0,0,1,0.409,0.409,NORMAL
2026-09-11 06:00:00,R102,25.79,2,0,0,1,0.322,0.322,NORMAL
2026-09-11 06:00:00,R103,25.79,1,0,0,1,0.298,0.298,NORMAL
2026-09-11 06:00:00,R104,25.79,1,0,0,1,0.228,0.228,NORMAL
2026-09-11 06:00:00,R105,25.79,1,0,0,1,0.252,0.252,NORMAL
2026-09-11 06:00:00,R106,25.79,1,0,0,1,0.213,0.213,NORMAL
2026-09-11 06:00:00,R107,25.79,2,0,0,1,0.333,0.333,NORMAL
2026-09-11 06:00:00,R108,25.79,0,0,0,1,0.15,0.15,NORMAL
2026-09-11 06:00:00,R109,25.79,0,0,0,1,0.15,0.15,NORMAL
2026-09-11 06:00:00,R110,25.79,1,0,0,1,0.262,0.262,NORMAL
2026-09-11 06:00:00,R111,25.79,2,0,0,1,0.36,0.36,NORMAL
2026-09-11 06:00:00,R112,25.79,2,0,0,1,0.254,0.254,NORMAL
2026-09-11 06:00:00,R113,25.79,1,0,0,1,0.289,0.289,NORMAL
2026-09-11 06:00:00,R114,25.79,1,0,0,1,0.234,0.234,NORMAL
2026-09-11 06:00:00,R115,25.79,2,0,0,1,0.297,0.297,NORMAL
2026-09-11 06:00:00,R116,25.79,2,0,0,1,0.268,0.268,NORMAL
2026-09-11 06:00:00,R117,25.79,2,0,0,1,0.259,0.259,NORMAL
2026-09-11 06:00:00,R118,25.79,0,0,0,1,0.15,0.15,NORMAL
2026-09-11 06:00:00,R119,25.79,1,0,0,1,0.266,0.266,NORMAL
2026-09-11 06:00:00,R120,25.79,2,0,0,1,0.273,0.273,NORMAL
2026-09-11 07:00:00,R101,30.25,1,1,0,1,1.433,1.433,NORMAL
2026-09-11 07:00:00,R102,30.25,2,1,0,1,2.09,2.09,NORMAL
2026-09-11 07:00:00,R103,30.25,1,1,0,1,1.625,1.625,NORMAL
2026-09-11 07:00:00,R104,30.25,1,1,0,1,1.492,1.492,NORMAL
2026-09-11 07:00:00,R105,30.25,2,1,0,1,1.662,1.662,NORMAL
2026-09-11 07:00:00,R106,30.25,2,1,0,1,1.845,1.845,NORMAL
2026-09-11 07:00:00,R107,30.25,1,1,0,1,1.922,1.922,NORMAL
2026-09-11 07:00:00,R108,30.25,2,1,0,1,1.677,1.677,NORMAL
2026-09-11 07:00:00,R109,30.25,0,0,0,1,0.15,0.15,NORMAL
2026-09-11 07:00:00,R110,30.25,1,1,0,1,1.943,1.943,NORMAL
2026-09-11 07:00:00,R111,30.25,2,1,0,1,1.939,1.939,NORMAL
2026-09-11 07:00:00,R112,30.25,2,1,0,1,2.087,2.087,NORMAL
2026-09-11 07:00:00,R113,30.25,1,1,0,1,1.799,1.799,NORMAL
2026-09-11 07:00:00,R114,30.25,1,1,0,1,1.929,1.929,NORMAL
2026-09-11 07:00:00,R115,30.25,2,1,0,1,1.837,1.837,NORMAL
2026-09-11 07:00:00,R116,30.25,2,1,0,1,1.606,1.606,NORMAL
2026-09-11 07:00:00,R117,30.25,1,1,0,1,1.77,1.77,NORMAL
2026-09-11 07:00:00,R118,30.25,1,1,0,1,1.837,1.837,NORMAL
2026-09-11 07:00:00,R119,30.25,2,1,0,1,1.747,1.747,NORMAL
2026-09-11 07:00:00,R120,30.25,1,1,0,1,1.789,1.789,NORMAL
2026-09-11 08:00:00,R101,30.15,2,1,0,1,2.048,2.048,NORMAL
2026-09-11 08:00:00,R102,30.15,1,1,0,1,1.645,1.645,NORMAL
2026-09-11 08:00:00,R103,30.15,1,1,0,1,2.068,2.068,NORMAL
2026-09-11 08:00:00,R104,30.15,0,0,0,1,0.15,0.15,NORMAL
2026-09-11 08:00:00,R105,30.15,1,1,0,1,1.832,1.832,NORMAL
2026-09-11 08:00:00,R106,30.15,1,1,0,1,1.445,1.445,NORMAL
2026-09-11 08:00:00,R107,30.15,2,1,0,1,1.804,1.804,NORMAL
2026-09-11 08:00:00,R108,30.15,1,1,0,1,1.851,1.851,NORMAL
2026-09-11 08:00:00,R109,30.15,1,1,0,1,1.938,1.938,NORMAL
2026-09-11 08:00:00,R110,30.15,1,1,0,1,1.575,1.575,NORMAL
2026-09-11 08:00:00,R111,30.15,1,1,0,1,1.642,1.642,NORMAL
2026-09-11 08:00:00,R112,30.15,2,1,0,1,1.725,1.725,NORMAL
2026-09-11 08:00:00,R113,30.15,1,1,0,1,2.007,2.007,NORMAL
2026-09-11 08:00:00,R114,30.15,0,0,0,1,0.15,0.15,NORMAL
2026-09-11 08:00:00,R115,30.15,2,1,0,1,1.527,1.527,NORMAL
2026-09-11 08:00:00,R116,30.15,1,1,0,1,2.044,2.044,NORMAL
2026-09-11 08:00:00,R117,30.15,0,0,0,1,0.15,0.15,NORMAL
2026-09-11 08:00:00,R118,30.15,0,0,0,1,0.15,0.15,NORMAL
2026-09-11 08:00:00,R119,30.15,1,1,0,1,1.836,1.836,NORMAL
2026-09-11 08:00:00,R120,30.15,0,0,0,1,0.15,0.15,NORMAL
2026-09-11 09:00:00,R101,35.77,0,0,0,1,0.15,0.15,NORMAL
2026-09-11 09:00:00,R102,35.77,0,0,0,1,0.15,0.15,NORMAL
2026-09-11 09:00:00,R103,35.77,1,1,0,1,1.862,1.862,NORMAL
2026-09-11 09:00:00,R104,35.77,0,0,0,1,0.15,0.15,NORMAL
2026-09-11 09:00:00,R105,35.77,1,1,0,1,1.695,1.695,NORMAL
2026-09-11 09:00:00,R106,35.77,2,1,0,1,1.766,1.766,NORMAL
2026-09-11 09:00:00,R107,35.77,1,1,0,1,1.677,1.677,NORMAL
2026-09-11 09:00:00,R108,35.77,2,1,0,1,1.958,1.958,NORMAL
2026-09-11 09:00:00,R109,35.77,0,1,0,1,1.359,1.359,AC_WASTE
2026-09-11 09:00:00,R110,35.77,1,1,0,1,1.931,1.931,NORMAL
2026-09-11 09:00:00,R111,35.77,2,1,0,1,2.039,2.039,NORMAL
2026-09-11 09:00:00,R112,35.77,0,0,0,1,0.15,0.15,NORMAL
2026-09-11 09:00:00,R113,35.77,1,1,0,1,1.711,1.711,NORMAL
2026-09-11 09:00:00,R114,35.77,1,1,0,1,1.537,1.537,NORMAL
2026-09-11 09:00:00,R115,35.77,1,1,0,1,1.972,1.972,NORMAL
2026-09-11 09:00:00,R116,35.77,0,0,0,1,0.15,0.15,NORMAL
2026-09-11 09:00:00,R117,35.77,0,0,0,1,0.15,0.15,NORMAL
2026-09-11 09:00:00,R118,35.77,1,1,0,1,1.856,1.856,NORMAL
2026-09-11 09:00:00,R119,35.77,0,0,0,1,0.15,0.15,NORMAL
2026-09-11 09:00:00,R120,35.77,0,0,0,1,0.15,0.15,NORMAL
2026-09-11 10:00:00,R101,32.06,0,0,0,1,0.15,0.15,NORMAL
2026-09-11 10:00:00,R102,32.06,0,0,0,1,0.15,0.15,NORMAL
2026-09-11 10:00:00,R103,32.06,1,1,0,1,1.94,1.94,NORMAL
2026-09-11 10:00:00,R104,32.06,0,0,0,1,0.15,0.15,NORMAL
2026-09-11 10:00:00,R105,32.06,1,1,0,1,1.533,1.533,NORMAL
2026-09-11 10:00:00,R106,32.06,0,0,0,1,0.15,0.15,NORMAL
2026-09-11 10:00:00,R107,32.06,0,0,0,1,0.15,0.15,NORMAL
2026-09-11 10:00:00,R108,32.06,1,1,0,1,1.619,1.619,NORMAL
2026-09-11 10:00:00,R109,32.06,0,1,0,1,1.691,1.691,AC_WASTE
2026-09-11 10:00:00,R110,32.06,1,1,0,1,1.576,1.576,NORMAL
2026-09-11 10:00:00,R111,32.06,0,0,0,1,0.15,0.15,NORMAL
2026-09-11 10:00:00,R112,32.06,0,0,0,1,0.15,0.15,NORMAL
2026-09-11 10:00:00,R113,32.06,0,0,0,1,0.15,0.15,NORMAL
2026-09-11 10:00:00,R114,32.06,1,1,0,1,1.895,1.895,NORMAL
2026-09-11 10:00:00,R115,32.06,1,1,0,1,1.475,1.475,NORMAL
2026-09-11 10:00:00,R116,32.06,0,0,0,1,0.15,0.15,NORMAL
2026-09-11 10:00:00,R117,32.06,1,1,0,1,1.78,1.78,NORMAL
2026-09-11 10:00:00,R118,32.06,0,0,0,1,0.15,0.15,NORMAL
2026-09-11 10:00:00,R119,32.06,0,0,0,1,0.15,0.15,NORMAL
2026-09-11 10:00:00,R120,32.06,1,1,0,1,1.759,1.759,NORMAL
2026-09-11 11:00:00,R101,35.68,2,1,0,1,1.697,1.697,NORMAL
2026-09-11 11:00:00,R102,35.68,0,1,0,1,1.488,1.488,AC_WASTE
2026-09-11 11:00:00,R103,35.68,0,0,0,1,0.15,0.15,NORMAL
2026-09-11 11:00:00,R104,35.68,0,0,0,1,0.15,0.15,NORMAL
2026-09-11 11:00:00,R105,35.68,0,0,0,1,0.15,0.15,NORMAL
2026-09-11 11:00:00,R106,35.68,1,1,0,1,1.77,1.77,NORMAL
2026-09-11 11:00:00,R107,35.68,1,1,0,1,1.631,1.631,NORMAL
2026-09-11 11:00:00,R108,35.68,0,0,0,1,0.15,0.15,NORMAL
2026-09-11 11:00:00,R109,35.68,0,0,0,1,0.15,0.15,NORMAL
2026-09-11 11:00:00,R110,35.68,0,0,0,1,0.15,0.15,NORMAL
2026-09-11 11:00:00,R111,35.68,1,1,0,1,1.848,1.848,NORMAL
2026-09-11 11:00:00,R112,35.68,1,1,0,1,1.696,1.696,NORMAL
2026-09-11 11:00:00,R113,35.68,1,1,0,1,1.673,1.673,NORMAL
2026-09-11 11:00:00,R114,35.68,0,0,0,1,0.15,0.15,NORMAL
2026-09-11 11:00:00,R115,35.68,1,1,0,1,2.058,2.058,NORMAL
2026-09-11 11:00:00,R116,35.68,1,1,0,1,1.812,1.812,NORMAL
2026-09-11 11:00:00,R117,35.68,0,0,0,1,0.15,0.15,NORMAL
2026-09-11 11:00:00,R118,35.68,0,0,0,1,0.15,0.15,NORMAL
2026-09-11 11:00:00,R119,35.68,0,0,0,1,0.15,0.15,NORMAL
2026-09-11 11:00:00,R120,35.68,1,1,0,1,1.661,1.661,NORMAL
2026-09-11 12:00:00,R101,34.08,0,0,0,1,0.15,0.15,NORMAL
2026-09-11 12:00:00,R102,34.08,1,1,0,1,1.469,1.469,NORMAL
2026-09-11 12:00:00,R103,34.08,1,1,0,1,2.046,2.046,NORMAL
2026-09-11 12:00:00,R104,34.08,1,1,0,1,1.543,1.543,NORMAL
2026-09-11 12:00:00,R105,34.08,0,0,0,1,0.15,0.15,NORMAL
2026-09-11 12:00:00,R106,34.08,0,0,0,1,0.15,0.15,NORMAL
2026-09-11 12:00:00,R107,34.08,0,0,0,1,0.15,0.15,NORMAL
2026-09-11 12:00:00,R108,34.08,0,0,0,1,0.15,0.15,NORMAL
2026-09-11 12:00:00,R109,34.08,0,0,0,1,0.15,0.15,NORMAL
2026-09-11 12:00:00,R110,34.08,1,1,0,1,1.812,1.812,NORMAL
2026-09-11 12:00:00,R111,34.08,1,1,0,1,1.539,1.539,NORMAL
2026-09-11 12:00:00,R112,34.08,0,0,0,1,0.15,0.15,NORMAL
2026-09-11 12:00:00,R113,34.08,1,1,0,1,1.635,1.635,NORMAL
2026-09-11 12:00:00,R114,34.08,0,0,0,1,0.15,0.15,NORMAL
2026-09-11 12:00:00,R115,34.08,0,0,0,1,0.15,0.15,NORMAL
2026-09-11 12:00:00,R116,34.08,0,0,0,1,0.15,0.15,NORMAL
2026-09-11 12:00:00,R117,34.08,0,0,0,1,0.15,0.15,NORMAL
2026-09-11 12:00:00,R118,34.08,1,1,0,1,1.806,1.806,NORMAL
2026-09-11 12:00:00,R119,34.08,0,0,0,1,0.15,0.15,NORMAL
2026-09-11 12:00:00,R120,34.08,1,1,0,1,1.805,1.805,NORMAL
2026-09-11 13:00:00,R101,33.51,2,1,0,1,1.806,1.806,NORMAL
2026-09-11 13:00:00,R102,33.51,1,1,0,1,1.904,1.904,NORMAL
2026-09-11 13:00:00,R103,33.51,2,1,0,1,1.797,1.797,NORMAL
2026-09-11 13:00:00,R104,33.51,0,0,0,1,0.15,0.15,NORMAL
2026-09-11 13:00:00,R105,33.51,0,0,0,1,0.15,0.15,NORMAL
2026-09-11 13:00:00,R106,33.51,1,1,0,1,1.791,1.791,NORMAL
2026-09-11 13:00:00,R107,33.51,0,0,0,1,0.15,0.15,NORMAL
2026-09-11 13:00:00,R108,33.51,0,0,0,1,0.15,0.15,NORMAL
2026-09-11 13:00:00,R109,33.51,0,0,0,1,0.15,0.15,NORMAL
2026-09-11 13:00:00,R110,33.51,0,0,0,1,0.15,0.15,NORMAL
2026-09-11 13:00:00,R111,33.51,0,0,0,1,0.15,0.15,NORMAL
2026-09-11 13:00:00,R112,33.51,0,0,0,1,0.15,0.15,NORMAL
2026-09-11 13:00:00,R113,33.51,0,0,0,1,0.15,0.15,NORMAL
2026-09-11 13:00:00,R114,33.51,0,0,0,1,0.15,0.15,NORMAL
2026-09-11 13:00:00,R115,33.51,0,0,0,1,0.15,0.15,NORMAL
2026-09-11 13:00:00,R116,33.51,0,1,0,1,1.598,1.598,AC_WASTE
2026-09-11 13:00:00,R117,33.51,2,1,0,1,1.972,1.972,NORMAL
2026-09-11 13:00:00,R118,33.51,1,1,0,1,1.917,1.917,NORMAL
2026-09-11 13:00:00,R119,33.51,0,0,0,1,0.15,0.15,NORMAL
2026-09-11 13:00:00,R120,33.51,0,0,0,1,0.15,0.15,NORMAL
2026-09-11 14:00:00,R101,35.62,0,0,0,1,0.15,0.15,NORMAL
2026-09-11 14:00:00,R102,35.62,0,0,0,1,0.15,0.15,NORMAL
2026-09-11 14:00:00,R103,35.62,2,1,0,1,2.203,2.203,NORMAL
2026-09-11 14:00:00,R104,35.62,1,1,0,1,1.706,1.706,NORMAL
2026-09-11 14:00:00,R105,35.62,1,1,0,1,1.824,1.824,NORMAL
2026-09-11 14:00:00,R106,35.62,1,1,0,1,1.651,1.651,NORMAL
2026-09-11 14:00:00,R107,35.62,0,0,0,1,0.15,0.15,NORMAL
2026-09-11 14:00:00,R108,35.62,1,1,0,1,1.832,1.832,NORMAL
2026-09-11 14:00:00,R109,35.62,2,1,0,1,2.209,2.209,NORMAL
2026-09-11 14:00:00,R110,35.62,1,1,0,1,1.967,1.967,NORMAL
2026-09-11 14:00:00,R111,35.62,2,1,0,1,1.834,1.834,NORMAL
2026-09-11 14:00:00,R112,35.62,0,0,0,1,0.15,0.15,NORMAL
2026-09-11 14:00:00,R113,35.62,0,0,0,1,0.15,0.15,NORMAL
2026-09-11 14:00:00,R114,35.62,0,1,0,1,1.648,1.648,AC_WASTE
2026-09-11 14:00:00,R115,35.62,1,1,0,1,1.824,1.824,NORMAL
2026-09-11 14:00:00,R116,35.62,1,1,0,1,1.532,1.532,NORMAL
2026-09-11 14:00:00,R117,35.62,1,1,0,1,1.744,1.744,NORMAL
2026-09-11 14:00:00,R118,35.62,1,1,0,1,1.974,1.974,NORMAL
2026-09-11 14:00:00,R119,35.62,0,0,0,1,0.15,0.15,NORMAL
2026-09-11 14:00:00,R120,35.62,0,0,0,1,0.15,0.15,NORMAL
2026-09-11 15:00:00,R101,32.82,0,0,0,1,0.15,0.15,NORMAL
2026-09-11 15:00:00,R102,32.82,0,0,0,1,0.15,0.15,NORMAL
2026-09-11 15:00:00,R103,32.82,0,0,0,1,0.15,0.15,NORMAL
2026-09-11 15:00:00,R104,32.82,0,0,0,1,0.15,0.15,NORMAL
2026-09-11 15:00:00,R105,32.82,1,1,0,1,1.761,1.761,NORMAL
2026-09-11 15:00:00,R106,32.82,2,1,0,1,1.941,1.941,NORMAL
2026-09-11 15:00:00,R107,32.82,2,1,0,1,2.002,2.002,NORMAL
2026-09-11 15:00:00,R108,32.82,2,1,0,1,2.1,2.1,NORMAL
2026-09-11 15:00:00,R109,32.82,0,0,0,1,0.15,0.15,NORMAL
2026-09-11 15:00:00,R110,32.82,0,0,0,1,0.15,0.15,NORMAL
2026-09-11 15:00:00,R111,32.82,0,0,0,1,0.15,0.15,NORMAL
2026-09-11 15:00:00,R112,32.82,0,0,0,1,0.15,0.15,NORMAL
2026-09-11 15:00:00,R113,32.82,1,1,0,1,1.701,1.701,NORMAL
2026-09-11 15:00:00,R114,32.82,1,1,0,1,1.875,1.875,NORMAL
2026-09-11 15:00:00,R115,32.82,2,1,0,1,1.847,1.847,NORMAL
2026-09-11 15:00:00,R116,32.82,0,0,0,1,0.15,0.15,NORMAL
2026-09-11 15:00:00,R117,32.82,0,0,0,1,0.15,0.15,NORMAL
2026-09-11 15:00:00,R118,32.82,0,0,0,1,0.15,0.15,NORMAL
2026-09-11 15:00:00,R119,32.82,1,1,0,1,2.021,2.021,NORMAL
2026-09-11 15:00:00,R120,32.82,0,0,0,1,0.15,0.15,NORMAL
2026-09-11 16:00:00,R101,32.52,0,0,0,1,0.15,0.15,NORMAL
2026-09-11 16:00:00,R102,32.52,2,1,0,1,2.073,2.073,NORMAL
2026-09-11 16:00:00,R103,32.52,0,0,0,1,0.15,0.15,NORMAL
2026-09-11 16:00:00,R104,32.52,0,0,0,1,0.15,0.15,NORMAL
2026-09-11 16:00:00,R105,32.52,1,1,0,1,1.497,1.497,NORMAL
2026-09-11 16:00:00,R106,32.52,0,0,0,1,0.15,0.15,NORMAL
2026-09-11 16:00:00,R107,32.52,0,0,0,1,0.15,0.15,NORMAL
2026-09-11 16:00:00,R108,32.52,2,1,0,1,1.998,1.998,NORMAL
2026-09-11 16:00:00,R109,32.52,1,1,0,1,1.53,1.53,NORMAL
2026-09-11 16:00:00,R110,32.52,1,1,0,1,1.51,1.51,NORMAL
2026-09-11 16:00:00,R111,32.52,1,1,0,1,1.963,1.963,NORMAL
2026-09-11 16:00:00,R112,32.52,0,1,0,1,1.441,1.441,AC_WASTE
2026-09-11 16:00:00,R113,32.52,0,0,0,1,0.15,0.15,NORMAL
2026-09-11 16:00:00,R114,32.52,1,1,0,1,1.768,1.768,NORMAL
2026-09-11 16:00:00,R115,32.52,0,0,0,1,0.15,0.15,NORMAL
2026-09-11 16:00:00,R116,32.52,1,1,0,1,1.718,1.718,NORMAL
2026-09-11 16:00:00,R117,32.52,2,1,0,1,1.655,1.655,NORMAL
2026-09-11 16:00:00,R118,32.52,0,0,0,1,0.15,0.15,NORMAL
2026-09-11 16:00:00,R119,32.52,0,0,0,1,0.15,0.15,NORMAL
2026-09-11 16:00:00,R120,32.52,0,0,0,1,0.15,0.15,NORMAL
2026-09-11 17:00:00,R101,27.76,1,0,0,1,0.241,0.241,NORMAL
2026-09-11 17:00:00,R102,27.76,2,0,0,1,0.367,0.367,NORMAL
2026-09-11 17:00:00,R103,27.76,1,0,0,1,0.3,0.3,NORMAL
2026-09-11 17:00:00,R104,27.76,2,0,0,1,0.294,0.294,NORMAL
2026-09-11 17:00:00,R105,27.76,1,0,0,1,0.261,0.261,NORMAL
2026-09-11 17:00:00,R106,27.76,2,0,0,1,0.326,0.326,NORMAL
2026-09-11 17:00:00,R107,27.76,2,0,0,1,0.388,0.388,NORMAL
2026-09-11 17:00:00,R108,27.76,1,0,0,1,0.296,0.296,NORMAL
2026-09-11 17:00:00,R109,27.76,2,0,0,1,0.429,0.429,NORMAL
2026-09-11 17:00:00,R110,27.76,2,0,0,1,0.363,0.363,NORMAL
2026-09-11 17:00:00,R111,27.76,0,0,0,1,0.15,0.15,NORMAL
2026-09-11 17:00:00,R112,27.76,1,0,0,1,0.294,0.294,NORMAL
2026-09-11 17:00:00,R113,27.76,2,0,0,1,0.402,0.402,NORMAL
2026-09-11 17:00:00,R114,27.76,0,0,0,1,0.15,0.15,NORMAL
2026-09-11 17:00:00,R115,27.76,2,0,0,1,0.33,0.33,NORMAL
2026-09-11 17:00:00,R116,27.76,1,0,0,1,0.292,0.292,NORMAL
2026-09-11 17:00:00,R117,27.76,2,0,0,1,0.271,0.271,NORMAL
2026-09-11 17:00:00,R118,27.76,2,0,0,1,0.279,0.279,NORMAL
2026-09-11 17:00:00,R119,27.76,2,0,0,1,0.437,0.437,NORMAL
2026-09-11 17:00:00,R120,27.76,1,0,0,1,0.211,0.211,NORMAL
2026-09-11 18:00:00,R101,30.64,2,1,1,1,2.073,2.073,NORMAL
2026-09-11 18:00:00,R102,30.64,1,1,1,1,1.873,1.873,NORMAL
2026-09-11 18:00:00,R103,30.64,0,0,1,1,0.15,0.15,NORMAL
2026-09-11 18:00:00,R104,30.64,1,1,1,1,1.948,1.948,NORMAL
2026-09-11 18:00:00,R105,30.64,1,1,1,1,1.684,1.684,NORMAL
2026-09-11 18:00:00,R106,30.64,2,1,1,1,2.202,2.202,NORMAL
2026-09-11 18:00:00,R107,30.64,1,1,1,1,2.263,2.263,NORMAL
2026-09-11 18:00:00,R108,30.64,2,1,1,1,2.124,2.124,NORMAL
2026-09-11 18:00:00,R109,30.64,1,1,1,1,2.201,2.201,NORMAL
2026-09-11 18:00:00,R110,30.64,1,1,1,1,2.013,2.013,NORMAL
2026-09-11 18:00:00,R111,30.64,2,1,1,1,1.771,1.771,NORMAL
2026-09-11 18:00:00,R112,30.64,1,1,1,1,2.143,2.143,NORMAL
2026-09-11 18:00:00,R113,30.64,0,0,1,1,0.15,0.15,NORMAL
2026-09-11 18:00:00,R114,30.64,2,1,1,1,1.916,1.916,NORMAL
2026-09-11 18:00:00,R115,30.64,1,1,1,1,1.701,1.701,NORMAL
2026-09-11 18:00:00,R116,30.64,2,1,1,1,1.928,1.928,NORMAL
2026-09-11 18:00:00,R117,30.64,2,1,1,1,1.611,1.611,NORMAL
2026-09-11 18:00:00,R118,30.64,2,1,1,1,1.657,1.657,NORMAL
2026-09-11 18:00:00,R119,30.64,1,1,1,1,2.159,2.159,NORMAL
2026-09-11 18:00:00,R120,30.64,2,1,1,1,2.186,2.186,NORMAL
2026-09-11 19:00:00,R101,24.81,0,1,1,1,1.434,1.434,AC_WASTE
2026-09-11 19:00:00,R102,24.81,1,0,1,1,0.361,0.361,NORMAL
2026-09-11 19:00:00,R103,24.81,2,0,1,1,0.597,0.597,NORMAL
2026-09-11 19:00:00,R104,24.81,2,0,1,1,0.527,0.527,NORMAL
2026-09-11 19:00:00,R105,24.81,1,0,1,1,0.362,0.362,NORMAL
2026-09-11 19:00:00,R106,24.81,1,0,1,1,0.45,0.45,NORMAL
2026-09-11 19:00:00,R107,24.81,1,0,1,1,0.364,0.364,NORMAL
2026-09-11 19:00:00,R108,24.81,1,0,1,1,0.392,0.392,NORMAL
2026-09-11 19:00:00,R109,24.81,1,0,1,1,0.315,0.315,NORMAL
2026-09-11 19:00:00,R110,24.81,0,0,1,1,0.15,0.15,NORMAL
2026-09-11 19:00:00,R111,24.81,0,0,1,1,0.15,0.15,NORMAL
2026-09-11 19:00:00,R112,24.81,2,0,1,1,0.552,0.552,NORMAL
2026-09-11 19:00:00,R113,24.81,2,0,1,1,0.528,0.528,NORMAL
2026-09-11 19:00:00,R114,24.81,1,0,1,1,1.064,1.064,STANDBY_WASTE
2026-09-11 19:00:00,R115,24.81,0,0,1,1,0.15,0.15,NORMAL
2026-09-11 19:00:00,R116,24.81,2,0,1,1,0.421,0.421,NORMAL
2026-09-11 19:00:00,R117,24.81,1,0,1,1,0.412,0.412,NORMAL
2026-09-11 19:00:00,R118,24.81,2,0,1,1,0.921,0.921,STANDBY_WASTE
2026-09-11 19:00:00,R119,24.81,1,0,1,1,0.404,0.404,NORMAL
2026-09-11 19:00:00,R120,24.81,1,0,1,1,0.421,0.421,NORMAL
2026-09-11 20:00:00,R101,24.66,0,1,1,1,1.52,1.52,AC_WASTE
2026-09-11 20:00:00,R102,24.66,2,0,1,1,0.449,0.449,NORMAL
2026-09-11 20:00:00,R103,24.66,1,0,1,1,0.361,0.361,NORMAL
2026-09-11 20:00:00,R104,24.66,1,0,1,1,0.421,0.421,NORMAL
2026-09-11 20:00:00,R105,24.66,2,0,1,1,0.503,0.503,NORMAL
2026-09-11 20:00:00,R106,24.66,2,0,1,1,0.464,0.464,NORMAL
2026-09-11 20:00:00,R107,24.66,2,0,1,1,0.347,0.347,NORMAL
2026-09-11 20:00:00,R108,24.66,1,0,1,1,0.387,0.387,NORMAL
2026-09-11 20:00:00,R109,24.66,2,0,1,1,0.589,0.589,NORMAL
2026-09-11 20:00:00,R110,24.66,1,0,1,1,0.471,0.471,NORMAL
2026-09-11 20:00:00,R111,24.66,1,0,1,1,0.332,0.332,NORMAL
2026-09-11 20:00:00,R112,24.66,1,0,1,1,0.333,0.333,NORMAL
2026-09-11 20:00:00,R113,24.66,1,0,1,1,0.423,0.423,NORMAL
2026-09-11 20:00:00,R114,24.66,1,0,1,1,0.396,0.396,NORMAL
2026-09-11 20:00:00,R115,24.66,2,0,1,1,0.345,0.345,NORMAL
2026-09-11 20:00:00,R116,24.66,1,0,1,1,0.315,0.315,NORMAL
2026-09-11 20:00:00,R117,24.66,1,0,1,1,0.324,0.324,NORMAL
2026-09-11 20:00:00,R118,24.66,2,0,1,1,0.425,0.425,NORMAL
2026-09-11 20:00:00,R119,24.66,2,0,1,1,0.495,0.495,NORMAL
2026-09-11 20:00:00,R120,24.66,2,0,1,1,0.551,0.551,NORMAL
2026-09-11 21:00:00,R101,20.43,1,0,1,1,0.401,0.401,NORMAL
2026-09-11 21:00:00,R102,20.43,2,0,1,1,0.458,0.458,NORMAL
2026-09-11 21:00:00,R103,20.43,1,0,1,1,0.411,0.411,NORMAL
2026-09-11 21:00:00,R104,20.43,1,0,1,1,0.435,0.435,NORMAL
2026-09-11 21:00:00,R105,20.43,0,1,1,1,1.364,1.364,AC_WASTE
2026-09-11 21:00:00,R106,20.43,1,0,1,1,0.319,0.319,NORMAL
2026-09-11 21:00:00,R107,20.43,1,0,1,1,0.41,0.41,NORMAL
2026-09-11 21:00:00,R108,20.43,2,0,1,1,0.517,0.517,NORMAL
2026-09-11 21:00:00,R109,20.43,2,0,1,1,0.494,0.494,NORMAL
2026-09-11 21:00:00,R110,20.43,1,0,1,1,0.361,0.361,NORMAL
2026-09-11 21:00:00,R111,20.43,1,0,1,1,0.333,0.333,NORMAL
2026-09-11 21:00:00,R112,20.43,2,0,1,1,0.548,0.548,NORMAL
2026-09-11 21:00:00,R113,20.43,0,0,1,1,0.15,0.15,NORMAL
2026-09-11 21:00:00,R114,20.43,1,0,1,1,0.339,0.339,NORMAL
2026-09-11 21:00:00,R115,20.43,1,0,1,1,0.373,0.373,NORMAL
2026-09-11 21:00:00,R116,20.43,2,0,1,1,0.588,0.588,NORMAL
2026-09-11 21:00:00,R117,20.43,1,0,1,1,0.39,0.39,NORMAL
2026-09-11 21:00:00,R118,20.43,2,0,1,1,0.571,0.571,NORMAL
2026-09-11 21:00:00,R119,20.43,1,0,1,1,0.376,0.376,NORMAL
2026-09-11 21:00:00,R120,20.43,1,0,1,1,0.42,0.42,NORMAL
2026-09-11 22:00:00,R101,21.44,1,0,1,1,0.331,0.331,NORMAL
2026-09-11 22:00:00,R102,21.44,2,0,1,1,0.417,0.417,NORMAL
2026-09-11 22:00:00,R103,21.44,1,0,1,1,0.411,0.411,NORMAL
2026-09-11 22:00:00,R104,21.44,2,0,1,1,0.629,0.629,NORMAL
2026-09-11 22:00:00,R105,21.44,1,0,1,1,0.456,0.456,NORMAL
2026-09-11 22:00:00,R106,21.44,1,0,1,1,0.409,0.409,NORMAL
2026-09-11 22:00:00,R107,21.44,1,0,1,1,0.354,0.354,NORMAL
2026-09-11 22:00:00,R108,21.44,1,0,1,1,0.423,0.423,NORMAL
2026-09-11 22:00:00,R109,21.44,1,0,1,1,0.388,0.388,NORMAL
2026-09-11 22:00:00,R110,21.44,2,0,1,1,0.504,0.504,NORMAL
2026-09-11 22:00:00,R111,21.44,1,0,1,1,0.379,0.379,NORMAL
2026-09-11 22:00:00,R112,21.44,1,0,1,1,0.382,0.382,NORMAL
2026-09-11 22:00:00,R113,21.44,2,0,1,1,0.501,0.501,NORMAL
2026-09-11 22:00:00,R114,21.44,1,0,1,1,0.357,0.357,NORMAL
2026-09-11 22:00:00,R115,21.44,1,0,1,1,0.377,0.377,NORMAL
2026-09-11 22:00:00,R116,21.44,2,0,1,1,0.58,0.58,NORMAL
2026-09-11 22:00:00,R117,21.44,2,0,1,1,0.516,0.516,NORMAL
2026-09-11 22:00:00,R118,21.44,1,0,1,1,0.382,0.382,NORMAL
2026-09-11 22:00:00,R119,21.44,2,0,1,1,0.451,0.451,NORMAL
2026-09-11 22:00:00,R120,21.44,2,0,1,1,0.408,0.408,NORMAL
2026-09-11 23:00:00,R101,19.31,1,0,1,0,0.434,0.434,NORMAL
2026-09-11 23:00:00,R102,19.31,0,0,1,0,0.15,0.15,NORMAL
2026-09-11 23:00:00,R103,19.31,0,0,1,0,0.15,0.15,NORMAL
2026-09-11 23:00:00,R104,19.31,0,0,1,0,0.15,0.15,NORMAL
2026-09-11 23:00:00,R105,19.31,0,0,1,0,0.15,0.15,NORMAL
2026-09-11 23:00:00,R106,19.31,0,0,1,0,0.15,0.15,NORMAL
2026-09-11 23:00:00,R107,19.31,1,0,1,0,0.378,0.378,NORMAL
2026-09-11 23:00:00,R108,19.31,0,0,1,0,0.15,0.15,NORMAL
2026-09-11 23:00:00,R109,19.31,0,0,1,0,0.15,0.15,NORMAL
2026-09-11 23:00:00,R110,19.31,0,0,1,0,0.15,0.15,NORMAL
2026-09-11 23:00:00,R111,19.31,0,0,1,0,0.15,0.15,NORMAL
2026-09-11 23:00:00,R112,19.31,0,0,1,0,0.15,0.15,NORMAL
2026-09-11 23:00:00,R113,19.31,0,0,1,0,0.15,0.15,NORMAL
2026-09-11 23:00:00,R114,19.31,1,0,1,0,0.397,0.397,NORMAL
2026-09-11 23:00:00,R115,19.31,0,0,1,0,0.15,0.15,NORMAL
2026-09-11 23:00:00,R116,19.31,0,0,1,0,0.15,0.15,NORMAL
2026-09-11 23:00:00,R117,19.31,1,0,1,0,0.454,0.454,NORMAL
2026-09-11 23:00:00,R118,19.31,0,0,1,0,0.15,0.15,NORMAL
2026-09-11 23:00:00,R119,19.31,0,0,1,0,0.15,0.15,NORMAL
2026-09-11 23:00:00,R120,19.31,0,0,1,0,0.15,0.15,NORMAL
2026-09-12 00:00:00,R101,17.84,1,0,1,0,0.364,0.364,NORMAL
2026-09-12 00:00:00,R102,17.84,0,0,1,0,0.15,0.15,NORMAL
2026-09-12 00:00:00,R103,17.84,0,0,1,0,0.15,0.15,NORMAL
2026-09-12 00:00:00,R104,17.84,0,0,1,0,0.15,0.15,NORMAL
2026-09-12 00:00:00,R105,17.84,0,0,1,0,0.15,0.15,NORMAL
2026-09-12 00:00:00,R106,17.84,1,0,1,0,0.381,0.381,NORMAL
2026-09-12 00:00:00,R107,17.84,0,0,1,0,0.15,0.15,NORMAL
2026-09-12 00:00:00,R108,17.84,1,0,1,0,0.366,0.366,NORMAL
2026-09-12 00:00:00,R109,17.84,0,0,1,0,0.15,0.15,NORMAL
2026-09-12 00:00:00,R110,17.84,1,0,1,0,0.349,0.349,NORMAL
2026-09-12 00:00:00,R111,17.84,0,0,1,0,0.15,0.15,NORMAL
2026-09-12 00:00:00,R112,17.84,0,0,1,0,0.15,0.15,NORMAL
2026-09-12 00:00:00,R113,17.84,0,0,1,0,0.15,0.15,NORMAL
2026-09-12 00:00:00,R114,17.84,0,0,1,0,0.15,0.15,NORMAL
2026-09-12 00:00:00,R115,17.84,0,0,1,0,0.15,0.15,NORMAL
2026-09-12 00:00:00,R116,17.84,0,0,1,0,0.15,0.15,NORMAL
2026-09-12 00:00:00,R117,17.84,1,0,1,0,0.401,0.401,NORMAL
2026-09-12 00:00:00,R118,17.84,0,0,1,0,0.15,0.15,NORMAL
2026-09-12 00:00:00,R119,17.84,0,0,1,0,0.15,0.15,NORMAL
2026-09-12 00:00:00,R120,17.84,1,0,1,0,0.303,0.303,NORMAL
2026-09-12 01:00:00,R101,18.69,1,0,1,0,0.4,0.4,NORMAL
2026-09-12 01:00:00,R102,18.69,0,0,1,0,0.15,0.15,NORMAL
2026-09-12 01:00:00,R103,18.69,0,0,1,0,0.15,0.15,NORMAL
2026-09-12 01:00:00,R104,18.69,0,0,1,0,0.15,0.15,NORMAL
2026-09-12 01:00:00,R105,18.69,0,0,1,0,0.15,0.15,NORMAL
2026-09-12 01:00:00,R106,18.69,0,0,1,0,0.15,0.15,NORMAL
2026-09-12 01:00:00,R107,18.69,0,0,1,0,0.15,0.15,NORMAL
2026-09-12 01:00:00,R108,18.69,1,0,1,0,0.474,0.474,NORMAL
2026-09-12 01:00:00,R109,18.69,0,0,1,0,0.15,0.15,NORMAL
2026-09-12 01:00:00,R110,18.69,1,0,1,0,0.42,0.42,NORMAL
2026-09-12 01:00:00,R111,18.69,0,0,1,0,0.15,0.15,NORMAL
2026-09-12 01:00:00,R112,18.69,1,0,1,0,0.407,0.407,NORMAL
2026-09-12 01:00:00,R113,18.69,0,0,1,0,0.15,0.15,NORMAL
2026-09-12 01:00:00,R114,18.69,0,0,1,0,0.15,0.15,NORMAL
2026-09-12 01:00:00,R115,18.69,0,0,1,0,0.15,0.15,NORMAL
2026-09-12 01:00:00,R116,18.69,1,0,1,0,0.434,0.434,NORMAL
2026-09-12 01:00:00,R117,18.69,0,0,1,0,0.15,0.15,NORMAL
2026-09-12 01:00:00,R118,18.69,0,1,1,0,1.379,1.379,AC_WASTE
2026-09-12 01:00:00,R119,18.69,1,0,1,0,0.406,0.406,NORMAL
2026-09-12 01:00:00,R120,18.69,0,0,1,0,0.15,0.15,NORMAL
2026-09-12 02:00:00,R101,20.12,0,0,1,0,0.15,0.15,NORMAL
2026-09-12 02:00:00,R102,20.12,0,0,1,0,0.15,0.15,NORMAL
2026-09-12 02:00:00,R103,20.12,0,1,1,0,1.784,1.784,AC_WASTE
2026-09-12 02:00:00,R104,20.12,0,0,1,0,0.15,0.15,NORMAL
2026-09-12 02:00:00,R105,20.12,0,0,1,0,0.15,0.15,NORMAL
2026-09-12 02:00:00,R106,20.12,1,0,1,0,0.461,0.461,NORMAL
2026-09-12 02:00:00,R107,20.12,0,0,1,0,0.15,0.15,NORMAL
2026-09-12 02:00:00,R108,20.12,0,0,1,0,0.15,0.15,NORMAL
2026-09-12 02:00:00,R109,20.12,0,0,1,0,0.15,0.15,NORMAL
2026-09-12 02:00:00,R110,20.12,0,0,1,0,0.15,0.15,NORMAL
2026-09-12 02:00:00,R111,20.12,0,1,1,0,1.39,1.39,AC_WASTE
2026-09-12 02:00:00,R112,20.12,0,0,1,0,0.15,0.15,NORMAL
2026-09-12 02:00:00,R113,20.12,0,0,1,0,0.15,0.15,NORMAL
2026-09-12 02:00:00,R114,20.12,0,0,1,0,0.15,0.15,NORMAL
2026-09-12 02:00:00,R115,20.12,0,0,1,0,0.15,0.15,NORMAL
2026-09-12 02:00:00,R116,20.12,1,0,1,0,0.408,0.408,NORMAL
2026-09-12 02:00:00,R117,20.12,1,0,1,0,0.401,0.401,NORMAL
2026-09-12 02:00:00,R118,20.12,0,0,1,0,0.15,0.15,NORMAL
2026-09-12 02:00:00,R119,20.12,0,0,1,0,0.15,0.15,NORMAL
2026-09-12 02:00:00,R120,20.12,0,0,1,0,0.15,0.15,NORMAL
2026-09-12 03:00:00,R101,21.44,0,0,1,0,0.15,0.15,NORMAL
2026-09-12 03:00:00,R102,21.44,0,0,1,0,0.15,0.15,NORMAL
2026-09-12 03:00:00,R103,21.44,0,0,1,0,0.15,0.15,NORMAL
2026-09-12 03:00:00,R104,21.44,0,0,1,0,0.15,0.15,NORMAL
2026-09-12 03:00:00,R105,21.44,0,0,1,0,0.15,0.15,NORMAL
2026-09-12 03:00:00,R106,21.44,1,0,1,0,0.434,0.434,NORMAL
2026-09-12 03:00:00,R107,21.44,0,0,1,0,0.15,0.15,NORMAL
2026-09-12 03:00:00,R108,21.44,0,0,1,0,0.15,0.15,NORMAL
2026-09-12 03:00:00,R109,21.44,0,0,1,0,0.15,0.15,NORMAL
2026-09-12 03:00:00,R110,21.44,1,0,1,0,0.359,0.359,NORMAL
2026-09-12 03:00:00,R111,21.44,0,0,1,0,0.15,0.15,NORMAL
2026-09-12 03:00:00,R112,21.44,0,0,1,0,0.15,0.15,NORMAL
2026-09-12 03:00:00,R113,21.44,1,0,1,0,0.38,0.38,NORMAL
2026-09-12 03:00:00,R114,21.44,0,0,1,0,0.15,0.15,NORMAL
2026-09-12 03:00:00,R115,21.44,0,0,1,0,0.15,0.15,NORMAL
2026-09-12 03:00:00,R116,21.44,0,0,1,0,0.15,0.15,NORMAL
2026-09-12 03:00:00,R117,21.44,0,0,1,0,0.15,0.15,NORMAL
2026-09-12 03:00:00,R118,21.44,0,1,1,0,1.56,1.56,AC_WASTE
2026-09-12 03:00:00,R119,21.44,1,0,1,0,0.361,0.361,NORMAL
2026-09-12 03:00:00,R120,21.44,1,0,1,0,0.494,0.494,NORMAL
2026-09-12 04:00:00,R101,24.51,0,0,1,0,0.15,0.15,NORMAL
2026-09-12 04:00:00,R102,24.51,0,0,1,0,0.15,0.15,NORMAL
2026-09-12 04:00:00,R103,24.51,1,0,1,0,0.348,0.348,NORMAL
2026-09-12 04:00:00,R104,24.51,0,0,1,0,0.15,0.15,NORMAL
2026-09-12 04:00:00,R105,24.51,0,0,1,0,0.15,0.15,NORMAL
2026-09-12 04:00:00,R106,24.51,0,1,1,0,1.457,1.457,AC_WASTE
2026-09-12 04:00:00,R107,24.51,0,0,1,0,0.15,0.15,NORMAL
2026-09-12 04:00:00,R108,24.51,0,0,1,0,0.15,0.15,NORMAL
2026-09-12 04:00:00,R109,24.51,0,0,1,0,0.15,0.15,NORMAL
2026-09-12 04:00:00,R110,24.51,0,0,1,0,0.15,0.15,NORMAL
2026-09-12 04:00:00,R111,24.51,0,0,1,0,0.15,0.15,NORMAL
2026-09-12 04:00:00,R112,24.51,0,0,1,0,0.15,0.15,NORMAL
2026-09-12 04:00:00,R113,24.51,0,0,1,0,0.15,0.15,NORMAL
2026-09-12 04:00:00,R114,24.51,0,0,1,0,0.15,0.15,NORMAL
2026-09-12 04:00:00,R115,24.51,0,0,1,0,0.15,0.15,NORMAL
2026-09-12 04:00:00,R116,24.51,1,0,1,0,0.404,0.404,NORMAL
2026-09-12 04:00:00,R117,24.51,0,0,1,0,0.15,0.15,NORMAL
2026-09-12 04:00:00,R118,24.51,0,0,1,0,0.15,0.15,NORMAL
2026-09-12 04:00:00,R119,24.51,0,0,1,0,0.15,0.15,NORMAL
2026-09-12 04:00:00,R120,24.51,0,0,1,0,0.15,0.15,NORMAL
2026-09-12 05:00:00,R101,28.44,0,0,1,0,0.15,0.15,NORMAL
2026-09-12 05:00:00,R102,28.44,1,0,1,0,0.369,0.369,NORMAL
2026-09-12 05:00:00,R103,28.44,0,0,1,0,0.15,0.15,NORMAL
2026-09-12 05:00:00,R104,28.44,1,0,1,0,0.442,0.442,NORMAL
2026-09-12 05:00:00,R105,28.44,0,0,1,0,0.15,0.15,NORMAL
2026-09-12 05:00:00,R106,28.44,0,0,1,0,0.15,0.15,NORMAL
2026-09-12 05:00:00,R107,28.44,0,0,1,0,0.15,0.15,NORMAL
2026-09-12 05:00:00,R108,28.44,0,0,1,0,0.15,0.15,NORMAL
2026-09-12 05:00:00,R109,28.44,0,0,1,0,0.15,0.15,NORMAL
2026-09-12 05:00:00,R110,28.44,0,0,1,0,0.15,0.15,NORMAL
2026-09-12 05:00:00,R111,28.44,0,0,1,0,0.15,0.15,NORMAL
2026-09-12 05:00:00,R112,28.44,0,0,1,0,0.15,0.15,NORMAL
2026-09-12 05:00:00,R113,28.44,1,0,1,0,0.449,0.449,NORMAL
2026-09-12 05:00:00,R114,28.44,0,0,1,0,0.15,0.15,NORMAL
2026-09-12 05:00:00,R115,28.44,0,0,1,0,0.15,0.15,NORMAL
2026-09-12 05:00:00,R116,28.44,0,0,1,0,0.15,0.15,NORMAL
2026-09-12 05:00:00,R117,28.44,0,0,1,0,0.15,0.15,NORMAL
2026-09-12 05:00:00,R118,28.44,0,0,1,0,0.15,0.15,NORMAL
2026-09-12 05:00:00,R119,28.44,1,0,1,0,0.356,0.356,NORMAL
2026-09-12 05:00:00,R120,28.44,1,0,1,0,0.414,0.414,NORMAL
2026-09-12 06:00:00,R101,25.81,2,0,0,1,0.308,0.308,NORMAL
2026-09-12 06:00:00,R102,25.81,1,0,0,1,0.228,0.228,NORMAL
2026-09-12 06:00:00,R103,25.81,0,0,0,1,0.15,0.15,NORMAL
2026-09-12 06:00:00,R104,25.81,1,0,0,1,0.249,0.249,NORMAL
2026-09-12 06:00:00,R105,25.81,2,0,0,1,0.272,0.272,NORMAL
2026-09-12 06:00:00,R106,25.81,0,1,0,1,1.766,1.766,AC_WASTE
2026-09-12 06:00:00,R107,25.81,1,0,0,1,0.262,0.262,NORMAL
2026-09-12 06:00:00,R108,25.81,2,0,0,1,0.372,0.372,NORMAL
2026-09-12 06:00:00,R109,25.81,0,0,0,1,0.15,0.15,NORMAL
2026-09-12 06:00:00,R110,25.81,1,0,0,1,0.299,0.299,NORMAL
2026-09-12 06:00:00,R111,25.81,1,0,0,1,0.263,0.263,NORMAL
2026-09-12 06:00:00,R112,25.81,1,0,0,1,0.279,0.279,NORMAL
2026-09-12 06:00:00,R113,25.81,1,0,0,1,0.261,0.261,NORMAL
2026-09-12 06:00:00,R114,25.81,1,0,0,1,0.289,0.289,NORMAL
2026-09-12 06:00:00,R115,25.81,2,0,0,1,0.277,0.277,NORMAL
2026-09-12 06:00:00,R116,25.81,1,0,0,1,0.26,0.26,NORMAL
2026-09-12 06:00:00,R117,25.81,2,0,0,1,0.328,0.328,NORMAL
2026-09-12 06:00:00,R118,25.81,1,0,0,1,0.238,0.238,NORMAL
2026-09-12 06:00:00,R119,25.81,1,0,0,1,0.246,0.246,NORMAL
2026-09-12 06:00:00,R120,25.81,2,0,0,1,0.916,0.916,STANDBY_WASTE
2026-09-12 07:00:00,R101,28.96,2,0,0,1,0.376,0.376,NORMAL
2026-09-12 07:00:00,R102,28.96,2,0,0,1,0.363,0.363,NORMAL
2026-09-12 07:00:00,R103,28.96,2,0,0,1,0.365,0.365,NORMAL
2026-09-12 07:00:00,R104,28.96,1,0,0,1,0.28,0.28,NORMAL
2026-09-12 07:00:00,R105,28.96,1,0,0,1,0.274,0.274,NORMAL
2026-09-12 07:00:00,R106,28.96,2,0,0,1,0.309,0.309,NORMAL
2026-09-12 07:00:00,R107,28.96,1,0,0,1,0.28,0.28,NORMAL
2026-09-12 07:00:00,R108,28.96,1,0,0,1,0.268,0.268,NORMAL
2026-09-12 07:00:00,R109,28.96,2,0,0,1,0.354,0.354,NORMAL
2026-09-12 07:00:00,R110,28.96,1,0,0,1,0.273,0.273,NORMAL
2026-09-12 07:00:00,R111,28.96,1,0,0,1,0.273,0.273,NORMAL
2026-09-12 07:00:00,R112,28.96,0,0,0,1,0.15,0.15,NORMAL
2026-09-12 07:00:00,R113,28.96,2,0,0,1,0.297,0.297,NORMAL
2026-09-12 07:00:00,R114,28.96,1,0,0,1,0.221,0.221,NORMAL
2026-09-12 07:00:00,R115,28.96,1,0,0,1,0.259,0.259,NORMAL
2026-09-12 07:00:00,R116,28.96,1,0,0,1,0.269,0.269,NORMAL
2026-09-12 07:00:00,R117,28.96,2,0,0,1,0.421,0.421,NORMAL
2026-09-12 07:00:00,R118,28.96,1,0,0,1,1.034,1.034,STANDBY_WASTE
2026-09-12 07:00:00,R119,28.96,1,0,0,1,0.241,0.241,NORMAL
2026-09-12 07:00:00,R120,28.96,1,0,0,1,0.289,0.289,NORMAL
2026-09-12 08:00:00,R101,29.29,1,1,0,1,1.759,1.759,NORMAL
2026-09-12 08:00:00,R102,29.29,1,1,0,1,1.916,1.916,NORMAL
2026-09-12 08:00:00,R103,29.29,1,1,0,1,1.816,1.816,NORMAL
2026-09-12 08:00:00,R104,29.29,0,0,0,1,0.15,0.15,NORMAL
2026-09-12 08:00:00,R105,29.29,2,1,0,1,1.574,1.574,NORMAL
2026-09-12 08:00:00,R106,29.29,1,1,0,1,1.54,1.54,NORMAL
2026-09-12 08:00:00,R107,29.29,2,1,0,1,2.201,2.201,NORMAL
2026-09-12 08:00:00,R108,29.29,2,1,0,1,2.105,2.105,NORMAL
2026-09-12 08:00:00,R109,29.29,2,1,0,1,1.927,1.927,NORMAL
2026-09-12 08:00:00,R110,29.29,1,1,0,1,1.723,1.723,NORMAL
2026-09-12 08:00:00,R111,29.29,1,1,0,1,1.641,1.641,NORMAL
2026-09-12 08:00:00,R112,29.29,1,1,0,1,2.003,2.003,NORMAL
2026-09-12 08:00:00,R113,29.29,2,1,0,1,2.103,2.103,NORMAL
2026-09-12 08:00:00,R114,29.29,2,1,0,1,1.849,1.849,NORMAL
2026-09-12 08:00:00,R115,29.29,0,0,0,1,0.15,0.15,NORMAL
2026-09-12 08:00:00,R116,29.29,2,1,0,1,1.891,1.891,NORMAL
2026-09-12 08:00:00,R117,29.29,0,0,0,1,0.15,0.15,NORMAL
2026-09-12 08:00:00,R118,29.29,1,1,0,1,1.984,1.984,NORMAL
2026-09-12 08:00:00,R119,29.29,1,1,0,1,1.634,1.634,NORMAL
2026-09-12 08:00:00,R120,29.29,2,1,0,1,1.903,1.903,NORMAL
2026-09-12 09:00:00,R101,31.49,0,0,0,1,0.15,0.15,NORMAL
2026-09-12 09:00:00,R102,31.49,0,0,0,1,0.15,0.15,NORMAL
2026-09-12 09:00:00,R103,31.49,0,0,0,1,0.15,0.15,NORMAL
2026-09-12 09:00:00,R104,31.49,2,1,0,1,1.915,1.915,NORMAL
2026-09-12 09:00:00,R105,31.49,0,0,0,1,0.15,0.15,NORMAL
2026-09-12 09:00:00,R106,31.49,0,0,0,1,0.15,0.15,NORMAL
2026-09-12 09:00:00,R107,31.49,0,0,0,1,0.15,0.15,NORMAL
2026-09-12 09:00:00,R108,31.49,0,0,0,1,0.15,0.15,NORMAL
2026-09-12 09:00:00,R109,31.49,0,0,0,1,0.15,0.15,NORMAL
2026-09-12 09:00:00,R110,31.49,0,0,0,1,0.15,0.15,NORMAL
2026-09-12 09:00:00,R111,31.49,0,0,0,1,0.15,0.15,NORMAL
2026-09-12 09:00:00,R112,31.49,1,1,0,1,1.972,1.972,NORMAL
2026-09-12 09:00:00,R113,31.49,2,1,0,1,1.75,1.75,NORMAL
2026-09-12 09:00:00,R114,31.49,0,0,0,1,0.15,0.15,NORMAL
2026-09-12 09:00:00,R115,31.49,0,0,0,1,0.15,0.15,NORMAL
2026-09-12 09:00:00,R116,31.49,0,0,0,1,0.15,0.15,NORMAL
2026-09-12 09:00:00,R117,31.49,1,1,0,1,1.552,1.552,NORMAL
2026-09-12 09:00:00,R118,31.49,1,1,0,1,1.587,1.587,NORMAL
2026-09-12 09:00:00,R119,31.49,1,1,0,1,1.88,1.88,NORMAL
2026-09-12 09:00:00,R120,31.49,1,1,0,1,1.511,1.511,NORMAL
2026-09-12 10:00:00,R101,32.95,0,0,0,1,0.15,0.15,NORMAL
2026-09-12 10:00:00,R102,32.95,0,0,0,1,0.15,0.15,NORMAL
2026-09-12 10:00:00,R103,32.95,0,0,0,1,0.15,0.15,NORMAL
2026-09-12 10:00:00,R104,32.95,1,1,0,1,1.795,1.795,NORMAL
2026-09-12 10:00:00,R105,32.95,0,0,0,1,0.15,0.15,NORMAL
2026-09-12 10:00:00,R106,32.95,1,1,0,1,2.053,2.053,NORMAL
2026-09-12 10:00:00,R107,32.95,2,1,0,1,1.94,1.94,NORMAL
2026-09-12 10:00:00,R108,32.95,1,1,0,1,1.772,1.772,NORMAL
2026-09-12 10:00:00,R109,32.95,1,1,0,1,1.952,1.952,NORMAL
2026-09-12 10:00:00,R110,32.95,0,0,0,1,0.15,0.15,NORMAL
2026-09-12 10:00:00,R111,32.95,0,0,0,1,0.15,0.15,NORMAL
2026-09-12 10:00:00,R112,32.95,0,0,0,1,0.15,0.15,NORMAL
2026-09-12 10:00:00,R113,32.95,1,1,0,1,1.766,1.766,NORMAL
2026-09-12 10:00:00,R114,32.95,1,1,0,1,1.519,1.519,NORMAL
2026-09-12 10:00:00,R115,32.95,1,1,0,1,1.525,1.525,NORMAL
2026-09-12 10:00:00,R116,32.95,1,1,0,1,1.726,1.726,NORMAL
2026-09-12 10:00:00,R117,32.95,2,1,0,1,1.694,1.694,NORMAL
2026-09-12 10:00:00,R118,32.95,1,1,0,1,1.703,1.703,NORMAL
2026-09-12 10:00:00,R119,32.95,0,0,0,1,0.15,0.15,NORMAL
2026-09-12 10:00:00,R120,32.95,2,1,0,1,2.201,2.201,NORMAL
2026-09-12 11:00:00,R101,35.21,1,1,0,1,1.666,1.666,NORMAL
2026-09-12 11:00:00,R102,35.21,0,0,0,1,0.15,0.15,NORMAL
2026-09-12 11:00:00,R103,35.21,0,0,0,1,0.15,0.15,NORMAL
2026-09-12 11:00:00,R104,35.21,0,0,0,1,0.15,0.15,NORMAL
2026-09-12 11:00:00,R105,35.21,2,1,0,1,1.915,1.915,NORMAL
2026-09-12 11:00:00,R106,35.21,2,1,0,1,1.767,1.767,NORMAL
2026-09-12 11:00:00,R107,35.21,1,1,0,1,1.851,1.851,NORMAL
2026-09-12 11:00:00,R108,35.21,1,1,0,1,1.73,1.73,NORMAL
2026-09-12 11:00:00,R109,35.21,1,1,0,1,1.996,1.996,NORMAL
2026-09-12 11:00:00,R110,35.21,1,1,0,1,1.985,1.985,NORMAL
2026-09-12 11:00:00,R111,35.21,2,1,0,1,1.616,1.616,NORMAL
2026-09-12 11:00:00,R112,35.21,2,1,0,1,1.458,1.458,NORMAL
2026-09-12 11:00:00,R113,35.21,0,0,0,1,0.15,0.15,NORMAL
2026-09-12 11:00:00,R114,35.21,1,1,0,1,1.503,1.503,NORMAL
2026-09-12 11:00:00,R115,35.21,0,0,0,1,0.15,0.15,NORMAL
2026-09-12 11:00:00,R116,35.21,0,0,0,1,0.15,0.15,NORMAL
2026-09-12 11:00:00,R117,35.21,0,0,0,1,0.15,0.15,NORMAL
2026-09-12 11:00:00,R118,35.21,1,1,0,1,1.538,1.538,NORMAL
2026-09-12 11:00:00,R119,35.21,0,0,0,1,0.15,0.15,NORMAL
2026-09-12 11:00:00,R120,35.21,0,0,0,1,0.15,0.15,NORMAL
2026-09-12 12:00:00,R101,35.26,0,0,0,1,0.15,0.15,NORMAL
2026-09-12 12:00:00,R102,35.26,1,1,0,1,1.818,1.818,NORMAL
2026-09-12 12:00:00,R103,35.26,0,0,0,1,0.15,0.15,NORMAL
2026-09-12 12:00:00,R104,35.26,0,0,0,1,0.15,0.15,NORMAL
2026-09-12 12:00:00,R105,35.26,2,1,0,1,1.807,1.807,NORMAL
2026-09-12 12:00:00,R106,35.26,0,0,0,1,0.15,0.15,NORMAL
2026-09-12 12:00:00,R107,35.26,0,0,0,1,0.15,0.15,NORMAL
2026-09-12 12:00:00,R108,35.26,2,1,0,1,1.957,1.957,NORMAL
2026-09-12 12:00:00,R109,35.26,1,1,0,1,1.922,1.922,NORMAL
2026-09-12 12:00:00,R110,35.26,1,1,0,1,2.04,2.04,NORMAL
2026-09-12 12:00:00,R111,35.26,0,0,0,1,0.15,0.15,NORMAL
2026-09-12 12:00:00,R112,35.26,1,1,0,1,2.013,2.013,NORMAL
2026-09-12 12:00:00,R113,35.26,1,1,0,1,1.98,1.98,NORMAL
2026-09-12 12:00:00,R114,35.26,0,0,0,1,0.15,0.15,NORMAL
2026-09-12 12:00:00,R115,35.26,0,0,0,1,0.15,0.15,NORMAL
2026-09-12 12:00:00,R116,35.26,1,1,0,1,1.489,1.489,NORMAL
2026-09-12 12:00:00,R117,35.26,1,1,0,1,1.968,1.968,NORMAL
2026-09-12 12:00:00,R118,35.26,1,1,0,1,1.891,1.891,NORMAL
2026-09-12 12:00:00,R119,35.26,2,1,0,1,2.086,2.086,NORMAL
2026-09-12 12:00:00,R120,35.26,0,0,0,1,0.15,0.15,NORMAL
2026-09-12 13:00:00,R101,35.52,1,1,0,1,1.878,1.878,NORMAL
2026-09-12 13:00:00,R102,35.52,0,0,0,1,0.15,0.15,NORMAL
2026-09-12 13:00:00,R103,35.52,1,1,0,1,1.776,1.776,NORMAL
2026-09-12 13:00:00,R104,35.52,0,0,0,1,0.15,0.15,NORMAL
2026-09-12 13:00:00,R105,35.52,0,0,0,1,0.15,0.15,NORMAL
2026-09-12 13:00:00,R106,35.52,1,1,0,1,1.51,1.51,NORMAL
2026-09-12 13:00:00,R107,35.52,1,1,0,1,1.566,1.566,NORMAL
2026-09-12 13:00:00,R108,35.52,1,1,0,1,1.875,1.875,NORMAL
2026-09-12 13:00:00,R109,35.52,0,0,0,1,0.15,0.15,NORMAL
2026-09-12 13:00:00,R110,35.52,0,0,0,1,0.15,0.15,NORMAL
2026-09-12 13:00:00,R111,35.52,1,1,0,1,2.009,2.009,NORMAL
2026-09-12 13:00:00,R112,35.52,0,0,0,1,0.15,0.15,NORMAL
2026-09-12 13:00:00,R113,35.52,0,0,0,1,0.15,0.15,NORMAL
2026-09-12 13:00:00,R114,35.52,0,0,0,1,0.15,0.15,NORMAL
2026-09-12 13:00:00,R115,35.52,0,0,0,1,0.15,0.15,NORMAL
2026-09-12 13:00:00,R116,35.52,1,1,0,1,1.883,1.883,NORMAL
2026-09-12 13:00:00,R117,35.52,0,0,0,1,0.15,0.15,NORMAL
2026-09-12 13:00:00,R118,35.52,0,0,0,1,0.15,0.15,NORMAL
2026-09-12 13:00:00,R119,35.52,1,1,0,1,1.599,1.599,NORMAL
2026-09-12 13:00:00,R120,35.52,0,0,0,1,0.15,0.15,NORMAL
2026-09-12 14:00:00,R101,33.57,1,1,0,1,1.805,1.805,NORMAL
2026-09-12 14:00:00,R102,33.57,0,0,0,1,0.15,0.15,NORMAL
2026-09-12 14:00:00,R103,33.57,2,1,0,1,1.788,1.788,NORMAL
2026-09-12 14:00:00,R104,33.57,2,1,0,1,2.086,2.086,NORMAL
2026-09-12 14:00:00,R105,33.57,2,1,0,1,1.773,1.773,NORMAL
2026-09-12 14:00:00,R106,33.57,1,1,0,1,2.058,2.058,NORMAL
2026-09-12 14:00:00,R107,33.57,1,1,0,1,1.865,1.865,NORMAL
2026-09-12 14:00:00,R108,33.57,1,1,0,1,1.558,1.558,NORMAL
2026-09-12 14:00:00,R109,33.57,2,1,0,1,1.613,1.613,NORMAL
2026-09-12 14:00:00,R110,33.57,1,1,0,1,1.665,1.665,NORMAL
2026-09-12 14:00:00,R111,33.57,1,1,0,1,2.085,2.085,NORMAL
2026-09-12 14:00:00,R112,33.57,1,1,0,1,1.512,1.512,NORMAL
2026-09-12 14:00:00,R113,33.57,0,0,0,1,0.15,0.15,NORMAL
2026-09-12 14:00:00,R114,33.57,1,1,0,1,1.509,1.509,NORMAL
2026-09-12 14:00:00,R115,33.57,0,0,0,1,0.15,0.15,NORMAL
2026-09-12 14:00:00,R116,33.57,0,0,0,1,0.15,0.15,NORMAL
2026-09-12 14:00:00,R117,33.57,0,0,0,1,0.15,0.15,NORMAL
2026-09-12 14:00:00,R118,33.57,0,0,0,1,0.15,0.15,NORMAL
2026-09-12 14:00:00,R119,33.57,0,0,0,1,0.15,0.15,NORMAL
2026-09-12 14:00:00,R120,33.57,1,1,0,1,1.605,1.605,NORMAL
2026-09-12 15:00:00,R101,32.89,0,0,0,1,0.15,0.15,NORMAL
2026-09-12 15:00:00,R102,32.89,0,0,0,1,0.15,0.15,NORMAL
2026-09-12 15:00:00,R103,32.89,0,0,0,1,0.15,0.15,NORMAL
2026-09-12 15:00:00,R104,32.89,1,1,0,1,1.955,1.955,NORMAL
2026-09-12 15:00:00,R105,32.89,0,0,0,1,0.15,0.15,NORMAL
2026-09-12 15:00:00,R106,32.89,0,0,0,1,0.15,0.15,NORMAL
2026-09-12 15:00:00,R107,32.89,0,0,0,1,0.15,0.15,NORMAL
2026-09-12 15:00:00,R108,32.89,1,1,0,1,2.001,2.001,NORMAL
2026-09-12 15:00:00,R109,32.89,2,1,0,1,1.872,1.872,NORMAL
2026-09-12 15:00:00,R110,32.89,1,1,0,1,2.075,2.075,NORMAL
2026-09-12 15:00:00,R111,32.89,0,0,0,1,0.15,0.15,NORMAL
2026-09-12 15:00:00,R112,32.89,0,0,0,1,0.15,0.15,NORMAL
2026-09-12 15:00:00,R113,32.89,2,1,0,1,1.499,1.499,NORMAL
2026-09-12 15:00:00,R114,32.89,0,0,0,1,0.15,0.15,NORMAL
2026-09-12 15:00:00,R115,32.89,0,0,0,1,0.15,0.15,NORMAL
2026-09-12 15:00:00,R116,32.89,1,1,0,1,1.931,1.931,NORMAL
2026-09-12 15:00:00,R117,32.89,0,0,0,1,0.15,0.15,NORMAL
2026-09-12 15:00:00,R118,32.89,0,0,0,1,0.15,0.15,NORMAL
2026-09-12 15:00:00,R119,32.89,0,0,0,1,0.15,0.15,NORMAL
2026-09-12 15:00:00,R120,32.89,0,0,0,1,0.15,0.15,NORMAL
2026-09-12 16:00:00,R101,31.43,1,1,0,1,1.726,1.726,NORMAL
2026-09-12 16:00:00,R102,31.43,0,0,0,1,0.15,0.15,NORMAL
2026-09-12 16:00:00,R103,31.43,2,1,0,1,2.119,2.119,NORMAL
2026-09-12 16:00:00,R104,31.43,1,1,0,1,1.99,1.99,NORMAL
2026-09-12 16:00:00,R105,31.43,2,1,0,1,2.149,2.149,NORMAL
2026-09-12 16:00:00,R106,31.43,0,1,0,1,1.572,1.572,AC_WASTE
2026-09-12 16:00:00,R107,31.43,0,0,0,1,0.15,0.15,NORMAL
2026-09-12 16:00:00,R108,31.43,2,1,0,1,1.837,1.837,NORMAL
2026-09-12 16:00:00,R109,31.43,0,0,0,1,0.15,0.15,NORMAL
2026-09-12 16:00:00,R110,31.43,0,0,0,1,0.15,0.15,NORMAL
2026-09-12 16:00:00,R111,31.43,0,0,0,1,0.15,0.15,NORMAL
2026-09-12 16:00:00,R112,31.43,1,1,0,1,2.041,2.041,NORMAL
2026-09-12 16:00:00,R113,31.43,1,1,0,1,1.681,1.681,NORMAL
2026-09-12 16:00:00,R114,31.43,0,1,0,1,1.696,1.696,AC_WASTE
2026-09-12 16:00:00,R115,31.43,0,1,0,1,1.702,1.702,AC_WASTE
2026-09-12 16:00:00,R116,31.43,0,0,0,1,0.15,0.15,NORMAL
2026-09-12 16:00:00,R117,31.43,0,0,0,1,0.15,0.15,NORMAL
2026-09-12 16:00:00,R118,31.43,0,0,0,1,0.15,0.15,NORMAL
2026-09-12 16:00:00,R119,31.43,0,0,0,1,0.15,0.15,NORMAL
2026-09-12 16:00:00,R120,31.43,0,0,0,1,0.15,0.15,NORMAL
2026-09-12 17:00:00,R101,28.02,1,0,0,1,0.251,0.251,NORMAL
2026-09-12 17:00:00,R102,28.02,2,0,0,1,0.369,0.369,NORMAL
2026-09-12 17:00:00,R103,28.02,2,0,0,1,0.374,0.374,NORMAL
2026-09-12 17:00:00,R104,28.02,2,0,0,1,0.406,0.406,NORMAL
2026-09-12 17:00:00,R105,28.02,2,0,0,1,0.269,0.269,NORMAL
2026-09-12 17:00:00,R106,28.02,1,0,0,1,0.266,0.266,NORMAL
2026-09-12 17:00:00,R107,28.02,2,0,0,1,0.375,0.375,NORMAL
2026-09-12 17:00:00,R108,28.02,1,0,0,1,0.285,0.285,NORMAL
2026-09-12 17:00:00,R109,28.02,1,0,0,1,0.271,0.271,NORMAL
2026-09-12 17:00:00,R110,28.02,2,0,0,1,0.321,0.321,NORMAL
2026-09-12 17:00:00,R111,28.02,1,0,0,1,0.215,0.215,NORMAL
2026-09-12 17:00:00,R112,28.02,1,0,0,1,0.233,0.233,NORMAL
2026-09-12 17:00:00,R113,28.02,1,0,0,1,0.276,0.276,NORMAL
2026-09-12 17:00:00,R114,28.02,1,0,0,1,0.244,0.244,NORMAL
2026-09-12 17:00:00,R115,28.02,2,0,0,1,0.396,0.396,NORMAL
2026-09-12 17:00:00,R116,28.02,2,0,0,1,0.395,0.395,NORMAL
2026-09-12 17:00:00,R117,28.02,2,0,0,1,0.353,0.353,NORMAL
2026-09-12 17:00:00,R118,28.02,2,0,0,1,0.373,0.373,NORMAL
2026-09-12 17:00:00,R119,28.02,2,0,0,1,0.405,0.405,NORMAL
2026-09-12 17:00:00,R120,28.02,1,0,0,1,0.276,0.276,NORMAL
2026-09-12 18:00:00,R101,25.73,2,0,1,1,0.635,0.635,NORMAL
2026-09-12 18:00:00,R102,25.73,1,0,1,1,0.467,0.467,NORMAL
2026-09-12 18:00:00,R103,25.73,1,0,1,1,0.415,0.415,NORMAL
2026-09-12 18:00:00,R104,25.73,2,0,1,1,0.528,0.528,NORMAL
2026-09-12 18:00:00,R105,25.73,2,0,1,1,0.399,0.399,NORMAL
2026-09-12 18:00:00,R106,25.73,1,0,1,1,0.406,0.406,NORMAL
2026-09-12 18:00:00,R107,25.73,0,0,1,1,0.15,0.15,NORMAL
2026-09-12 18:00:00,R108,25.73,2,0,1,1,0.462,0.462,NORMAL
2026-09-12 18:00:00,R109,25.73,1,0,1,1,0.377,0.377,NORMAL
2026-09-12 18:00:00,R110,25.73,1,0,1,1,0.447,0.447,NORMAL
2026-09-12 18:00:00,R111,25.73,2,0,1,1,0.484,0.484,NORMAL
2026-09-12 18:00:00,R112,25.73,1,0,1,1,0.359,0.359,NORMAL
2026-09-12 18:00:00,R113,25.73,1,0,1,1,0.415,0.415,NORMAL
2026-09-12 18:00:00,R114,25.73,0,0,1,1,0.15,0.15,NORMAL
2026-09-12 18:00:00,R115,25.73,2,0,1,1,0.434,0.434,NORMAL
2026-09-12 18:00:00,R116,25.73,0,0,1,1,0.15,0.15,NORMAL
2026-09-12 18:00:00,R117,25.73,2,0,1,1,0.482,0.482,NORMAL
2026-09-12 18:00:00,R118,25.73,2,0,1,1,0.609,0.609,NORMAL
2026-09-12 18:00:00,R119,25.73,2,0,1,1,0.372,0.372,NORMAL
2026-09-12 18:00:00,R120,25.73,1,0,1,1,0.361,0.361,NORMAL
2026-09-12 19:00:00,R101,25.37,0,0,1,1,0.15,0.15,NORMAL
2026-09-12 19:00:00,R102,25.37,2,0,1,1,0.464,0.464,NORMAL
2026-09-12 19:00:00,R103,25.37,1,0,1,1,0.378,0.378,NORMAL
2026-09-12 19:00:00,R104,25.37,1,0,1,1,0.492,0.492,NORMAL
2026-09-12 19:00:00,R105,25.37,2,0,1,1,0.4,0.4,NORMAL
2026-09-12 19:00:00,R106,25.37,1,0,1,1,0.431,0.431,NORMAL
2026-09-12 19:00:00,R107,25.37,1,0,1,1,0.402,0.402,NORMAL
2026-09-12 19:00:00,R108,25.37,0,0,1,1,0.15,0.15,NORMAL
2026-09-12 19:00:00,R109,25.37,1,0,1,1,0.339,0.339,NORMAL
2026-09-12 19:00:00,R110,25.37,2,0,1,1,0.417,0.417,NORMAL
2026-09-12 19:00:00,R111,25.37,1,0,1,1,0.449,0.449,NORMAL
2026-09-12 19:00:00,R112,25.37,1,0,1,1,0.382,0.382,NORMAL
2026-09-12 19:00:00,R113,25.37,1,0,1,1,0.419,0.419,NORMAL
2026-09-12 19:00:00,R114,25.37,2,0,1,1,0.441,0.441,NORMAL
2026-09-12 19:00:00,R115,25.37,1,0,1,1,0.383,0.383,NORMAL
2026-09-12 19:00:00,R116,25.37,1,0,1,1,0.376,0.376,NORMAL
2026-09-12 19:00:00,R117,25.37,1,0,1,1,0.404,0.404,NORMAL
2026-09-12 19:00:00,R118,25.37,1,0,1,1,0.427,0.427,NORMAL
2026-09-12 19:00:00,R119,25.37,2,0,1,1,0.519,0.519,NORMAL
2026-09-12 19:00:00,R120,25.37,1,0,1,1,0.413,0.413,NORMAL
2026-09-12 20:00:00,R101,22.96,2,0,1,1,0.363,0.363,NORMAL
2026-09-12 20:00:00,R102,22.96,1,0,1,1,0.402,0.402,NORMAL
2026-09-12 20:00:00,R103,22.96,1,0,1,1,0.393,0.393,NORMAL
2026-09-12 20:00:00,R104,22.96,2,0,1,1,0.398,0.398,NORMAL
2026-09-12 20:00:00,R105,22.96,2,0,1,1,0.459,0.459,NORMAL
2026-09-12 20:00:00,R106,22.96,2,0,1,1,0.561,0.561,NORMAL
2026-09-12 20:00:00,R107,22.96,1,0,1,1,0.316,0.316,NORMAL
2026-09-12 20:00:00,R108,22.96,2,0,1,1,0.605,0.605,NORMAL
2026-09-12 20:00:00,R109,22.96,1,0,1,1,0.451,0.451,NORMAL
2026-09-12 20:00:00,R110,22.96,1,0,1,1,0.414,0.414,NORMAL
2026-09-12 20:00:00,R111,22.96,2,0,1,1,0.549,0.549,NORMAL
2026-09-12 20:00:00,R112,22.96,2,0,1,1,0.559,0.559,NORMAL
2026-09-12 20:00:00,R113,22.96,1,0,1,1,0.449,0.449,NORMAL
2026-09-12 20:00:00,R114,22.96,1,0,1,1,0.395,0.395,NORMAL
2026-09-12 20:00:00,R115,22.96,2,0,1,1,0.612,0.612,NORMAL
2026-09-12 20:00:00,R116,22.96,1,0,1,1,0.432,0.432,NORMAL
2026-09-12 20:00:00,R117,22.96,2,0,1,1,0.492,0.492,NORMAL
2026-09-12 20:00:00,R118,22.96,2,0,1,1,0.505,0.505,NORMAL
2026-09-12 20:00:00,R119,22.96,1,0,1,1,0.351,0.351,NORMAL
2026-09-12 20:00:00,R120,22.96,0,0,1,1,0.15,0.15,NORMAL
2026-09-12 21:00:00,R101,20.78,1,0,1,1,0.336,0.336,NORMAL
2026-09-12 21:00:00,R102,20.78,1,0,1,1,0.429,0.429,NORMAL
2026-09-12 21:00:00,R103,20.78,1,0,1,1,0.421,0.421,NORMAL
2026-09-12 21:00:00,R104,20.78,1,0,1,1,0.438,0.438,NORMAL
2026-09-12 21:00:00,R105,20.78,1,0,1,1,0.382,0.382,NORMAL
2026-09-12 21:00:00,R106,20.78,2,0,1,1,0.389,0.389,NORMAL
2026-09-12 21:00:00,R107,20.78,1,0,1,1,0.313,0.313,NORMAL
2026-09-12 21:00:00,R108,20.78,1,0,1,1,0.299,0.299,NORMAL
2026-09-12 21:00:00,R109,20.78,1,0,1,1,0.377,0.377,NORMAL
2026-09-12 21:00:00,R110,20.78,1,0,1,1,0.41,0.41,NORMAL
2026-09-12 21:00:00,R111,20.78,1,0,1,1,0.437,0.437,NORMAL
2026-09-12 21:00:00,R112,20.78,1,0,1,1,0.429,0.429,NORMAL
2026-09-12 21:00:00,R113,20.78,0,0,1,1,0.15,0.15,NORMAL
2026-09-12 21:00:00,R114,20.78,0,0,1,1,0.15,0.15,NORMAL
2026-09-12 21:00:00,R115,20.78,0,0,1,1,0.15,0.15,NORMAL
2026-09-12 21:00:00,R116,20.78,2,0,1,1,0.436,0.436,NORMAL
2026-09-12 21:00:00,R117,20.78,1,0,1,1,0.328,0.328,NORMAL
2026-09-12 21:00:00,R118,20.78,1,0,1,1,0.343,0.343,NORMAL
2026-09-12 21:00:00,R119,20.78,0,0,1,1,0.15,0.15,NORMAL
2026-09-12 21:00:00,R120,20.78,1,0,1,1,0.37,0.37,NORMAL
2026-09-12 22:00:00,R101,20.6,1,0,1,1,0.342,0.342,NORMAL
2026-09-12 22:00:00,R102,20.6,2,0,1,1,0.475,0.475,NORMAL
2026-09-12 22:00:00,R103,20.6,1,0,1,1,0.357,0.357,NORMAL
2026-09-12 22:00:00,R104,20.6,0,0,1,1,0.15,0.15,NORMAL
2026-09-12 22:00:00,R105,20.6,2,0,1,1,0.495,0.495,NORMAL
2026-09-12 22:00:00,R106,20.6,1,0,1,1,0.363,0.363,NORMAL
2026-09-12 22:00:00,R107,20.6,1,0,1,1,0.392,0.392,NORMAL
2026-09-12 22:00:00,R108,20.6,1,0,1,1,0.377,0.377,NORMAL
2026-09-12 22:00:00,R109,20.6,2,0,1,1,0.384,0.384,NORMAL
2026-09-12 22:00:00,R110,20.6,2,0,1,1,0.459,0.459,NORMAL
2026-09-12 22:00:00,R111,20.6,1,0,1,1,0.492,0.492,NORMAL
2026-09-12 22:00:00,R112,20.6,1,0,1,1,0.347,0.347,NORMAL
2026-09-12 22:00:00,R113,20.6,2,0,1,1,0.456,0.456,NORMAL
2026-09-12 22:00:00,R114,20.6,1,0,1,1,0.386,0.386,NORMAL
2026-09-12 22:00:00,R115,20.6,0,1,1,1,1.301,1.301,AC_WASTE
2026-09-12 22:00:00,R116,20.6,2,0,1,1,0.595,0.595,NORMAL
2026-09-12 22:00:00,R117,20.6,2,0,1,1,0.54,0.54,NORMAL
2026-09-12 22:00:00,R118,20.6,0,0,1,1,0.15,0.15,NORMAL
2026-09-12 22:00:00,R119,20.6,2,0,1,1,0.494,0.494,NORMAL
2026-09-12 22:00:00,R120,20.6,0,0,1,1,0.15,0.15,NORMAL
2026-09-12 23:00:00,R101,18.93,0,0,1,0,0.15,0.15,NORMAL
2026-09-12 23:00:00,R102,18.93,1,0,1,0,0.482,0.482,NORMAL
2026-09-12 23:00:00,R103,18.93,1,0,1,0,0.362,0.362,NORMAL
2026-09-12 23:00:00,R104,18.93,0,0,1,0,0.15,0.15,NORMAL
2026-09-12 23:00:00,R105,18.93,0,0,1,0,0.15,0.15,NORMAL
2026-09-12 23:00:00,R106,18.93,0,0,1,0,0.15,0.15,NORMAL
2026-09-12 23:00:00,R107,18.93,0,0,1,0,0.15,0.15,NORMAL
2026-09-12 23:00:00,R108,18.93,0,0,1,0,0.15,0.15,NORMAL
2026-09-12 23:00:00,R109,18.93,0,0,1,0,0.15,0.15,NORMAL
2026-09-12 23:00:00,R110,18.93,0,0,1,0,0.15,0.15,NORMAL
2026-09-12 23:00:00,R111,18.93,1,0,1,0,0.419,0.419,NORMAL
2026-09-12 23:00:00,R112,18.93,0,0,1,0,0.15,0.15,NORMAL
2026-09-12 23:00:00,R113,18.93,0,0,1,0,0.15,0.15,NORMAL
2026-09-12 23:00:00,R114,18.93,1,0,1,0,0.392,0.392,NORMAL
2026-09-12 23:00:00,R115,18.93,0,0,1,0,0.15,0.15,NORMAL
2026-09-12 23:00:00,R116,18.93,0,0,1,0,0.15,0.15,NORMAL
2026-09-12 23:00:00,R117,18.93,0,0,1,0,0.15,0.15,NORMAL
2026-09-12 23:00:00,R118,18.93,0,0,1,0,0.15,0.15,NORMAL
2026-09-12 23:00:00,R119,18.93,1,0,1,0,0.482,0.482,NORMAL
2026-09-12 23:00:00,R120,18.93,0,0,1,0,0.15,0.15,NORMAL
2026-09-13 00:00:00,R101,20.82,1,0,1,0,0.387,0.387,NORMAL
2026-09-13 00:00:00,R102,20.82,0,0,1,0,0.15,0.15,NORMAL
2026-09-13 00:00:00,R103,20.82,0,0,1,0,0.15,0.15,NORMAL
2026-09-13 00:00:00,R104,20.82,1,0,1,0,0.356,0.356,NORMAL
2026-09-13 00:00:00,R105,20.82,0,0,1,0,0.15,0.15,NORMAL
2026-09-13 00:00:00,R106,20.82,0,0,1,0,0.15,0.15,NORMAL
2026-09-13 00:00:00,R107,20.82,0,0,1,0,0.15,0.15,NORMAL
2026-09-13 00:00:00,R108,20.82,0,0,1,0,0.15,0.15,NORMAL
2026-09-13 00:00:00,R109,20.82,0,0,1,0,0.15,0.15,NORMAL
2026-09-13 00:00:00,R110,20.82,0,0,1,0,0.15,0.15,NORMAL
2026-09-13 00:00:00,R111,20.82,1,0,1,0,0.434,0.434,NORMAL
2026-09-13 00:00:00,R112,20.82,0,0,1,0,0.15,0.15,NORMAL
2026-09-13 00:00:00,R113,20.82,0,0,1,0,0.15,0.15,NORMAL
2026-09-13 00:00:00,R114,20.82,0,0,1,0,0.15,0.15,NORMAL
2026-09-13 00:00:00,R115,20.82,0,0,1,0,0.15,0.15,NORMAL
2026-09-13 00:00:00,R116,20.82,0,0,1,0,0.15,0.15,NORMAL
2026-09-13 00:00:00,R117,20.82,0,0,1,0,0.15,0.15,NORMAL
2026-09-13 00:00:00,R118,20.82,0,0,1,0,0.15,0.15,NORMAL
2026-09-13 00:00:00,R119,20.82,0,0,1,0,0.15,0.15,NORMAL
2026-09-13 00:00:00,R120,20.82,0,0,1,0,0.15,0.15,NORMAL
2026-09-13 01:00:00,R101,17.69,0,0,1,0,0.15,0.15,NORMAL
2026-09-13 01:00:00,R102,17.69,0,0,1,0,0.15,0.15,NORMAL
2026-09-13 01:00:00,R103,17.69,0,1,1,0,1.784,1.784,AC_WASTE
2026-09-13 01:00:00,R104,17.69,0,0,1,0,0.15,0.15,NORMAL
2026-09-13 01:00:00,R105,17.69,0,0,1,0,0.15,0.15,NORMAL
2026-09-13 01:00:00,R106,17.69,0,0,1,0,0.15,0.15,NORMAL
2026-09-13 01:00:00,R107,17.69,0,0,1,0,0.15,0.15,NORMAL
2026-09-13 01:00:00,R108,17.69,1,0,1,0,0.389,0.389,NORMAL
2026-09-13 01:00:00,R109,17.69,0,0,1,0,0.15,0.15,NORMAL
2026-09-13 01:00:00,R110,17.69,0,0,1,0,0.15,0.15,NORMAL
2026-09-13 01:00:00,R111,17.69,0,0,1,0,0.15,0.15,NORMAL
2026-09-13 01:00:00,R112,17.69,0,0,1,0,0.15,0.15,NORMAL
2026-09-13 01:00:00,R113,17.69,1,0,1,0,0.418,0.418,NORMAL
2026-09-13 01:00:00,R114,17.69,1,0,1,0,0.395,0.395,NORMAL
2026-09-13 01:00:00,R115,17.69,0,0,1,0,0.15,0.15,NORMAL
2026-09-13 01:00:00,R116,17.69,1,0,1,0,0.415,0.415,NORMAL
2026-09-13 01:00:00,R117,17.69,0,0,1,0,0.15,0.15,NORMAL
2026-09-13 01:00:00,R118,17.69,0,0,1,0,0.15,0.15,NORMAL
2026-09-13 01:00:00,R119,17.69,0,0,1,0,0.15,0.15,NORMAL
2026-09-13 01:00:00,R120,17.69,1,0,1,0,0.374,0.374,NORMAL
2026-09-13 02:00:00,R101,20.09,0,1,1,0,1.348,1.348,AC_WASTE
2026-09-13 02:00:00,R102,20.09,0,0,1,0,0.15,0.15,NORMAL
2026-09-13 02:00:00,R103,20.09,0,0,1,0,0.15,0.15,NORMAL
2026-09-13 02:00:00,R104,20.09,0,0,1,0,0.15,0.15,NORMAL
2026-09-13 02:00:00,R105,20.09,0,0,1,0,0.15,0.15,NORMAL
2026-09-13 02:00:00,R106,20.09,0,0,1,0,0.15,0.15,NORMAL
2026-09-13 02:00:00,R107,20.09,0,0,1,0,0.15,0.15,NORMAL
2026-09-13 02:00:00,R108,20.09,0,0,1,0,0.15,0.15,NORMAL
2026-09-13 02:00:00,R109,20.09,1,0,1,0,0.455,0.455,NORMAL
2026-09-13 02:00:00,R110,20.09,0,0,1,0,0.15,0.15,NORMAL
2026-09-13 02:00:00,R111,20.09,1,0,1,0,0.398,0.398,NORMAL
2026-09-13 02:00:00,R112,20.09,0,0,1,0,0.15,0.15,NORMAL
2026-09-13 02:00:00,R113,20.09,0,0,1,0,0.15,0.15,NORMAL
2026-09-13 02:00:00,R114,20.09,0,0,1,0,0.15,0.15,NORMAL
2026-09-13 02:00:00,R115,20.09,0,0,1,0,0.15,0.15,NORMAL
2026-09-13 02:00:00,R116,20.09,1,0,1,0,0.436,0.436,NORMAL
2026-09-13 02:00:00,R117,20.09,0,0,1,0,0.15,0.15,NORMAL
2026-09-13 02:00:00,R118,20.09,0,0,1,0,0.15,0.15,NORMAL
2026-09-13 02:00:00,R119,20.09,1,0,1,0,0.346,0.346,NORMAL
2026-09-13 02:00:00,R120,20.09,0,0,1,0,0.15,0.15,NORMAL
2026-09-13 03:00:00,R101,20.23,1,0,1,0,0.44,0.44,NORMAL
2026-09-13 03:00:00,R102,20.23,0,0,1,0,0.15,0.15,NORMAL
2026-09-13 03:00:00,R103,20.23,0,0,1,0,0.15,0.15,NORMAL
2026-09-13 03:00:00,R104,20.23,0,0,1,0,0.15,0.15,NORMAL
2026-09-13 03:00:00,R105,20.23,0,0,1,0,0.15,0.15,NORMAL
2026-09-13 03:00:00,R106,20.23,1,0,1,0,0.459,0.459,NORMAL
2026-09-13 03:00:00,R107,20.23,0,0,1,0,0.15,0.15,NORMAL
2026-09-13 03:00:00,R108,20.23,0,0,1,0,0.15,0.15,NORMAL
2026-09-13 03:00:00,R109,20.23,0,0,1,0,0.15,0.15,NORMAL
2026-09-13 03:00:00,R110,20.23,0,0,1,0,0.15,0.15,NORMAL
2026-09-13 03:00:00,R111,20.23,0,0,1,0,0.15,0.15,NORMAL
2026-09-13 03:00:00,R112,20.23,1,0,1,0,0.41,0.41,NORMAL
2026-09-13 03:00:00,R113,20.23,1,0,1,0,0.395,0.395,NORMAL
2026-09-13 03:00:00,R114,20.23,0,0,1,0,0.15,0.15,NORMAL
2026-09-13 03:00:00,R115,20.23,0,0,1,0,0.15,0.15,NORMAL
2026-09-13 03:00:00,R116,20.23,0,0,1,0,0.15,0.15,NORMAL
2026-09-13 03:00:00,R117,20.23,0,0,1,0,0.15,0.15,NORMAL
2026-09-13 03:00:00,R118,20.23,0,0,1,0,0.15,0.15,NORMAL
2026-09-13 03:00:00,R119,20.23,0,0,1,0,0.15,0.15,NORMAL
2026-09-13 03:00:00,R120,20.23,0,0,1,0,0.15,0.15,NORMAL
2026-09-13 04:00:00,R101,21.43,0,0,1,0,0.15,0.15,NORMAL
2026-09-13 04:00:00,R102,21.43,1,0,1,0,0.416,0.416,NORMAL
2026-09-13 04:00:00,R103,21.43,0,0,1,0,0.15,0.15,NORMAL
2026-09-13 04:00:00,R104,21.43,0,0,1,0,0.15,0.15,NORMAL
2026-09-13 04:00:00,R105,21.43,1,0,1,0,0.45,0.45,NORMAL
2026-09-13 04:00:00,R106,21.43,1,0,1,0,0.347,0.347,NORMAL
2026-09-13 04:00:00,R107,21.43,0,0,1,0,0.15,0.15,NORMAL
2026-09-13 04:00:00,R108,21.43,0,0,1,0,0.15,0.15,NORMAL
2026-09-13 04:00:00,R109,21.43,0,0,1,0,0.15,0.15,NORMAL
2026-09-13 04:00:00,R110,21.43,1,0,1,0,0.414,0.414,NORMAL
2026-09-13 04:00:00,R111,21.43,0,0,1,0,0.15,0.15,NORMAL
2026-09-13 04:00:00,R112,21.43,0,0,1,0,0.15,0.15,NORMAL
2026-09-13 04:00:00,R113,21.43,0,0,1,0,0.15,0.15,NORMAL
2026-09-13 04:00:00,R114,21.43,0,0,1,0,0.15,0.15,NORMAL
2026-09-13 04:00:00,R115,21.43,0,0,1,0,0.15,0.15,NORMAL
2026-09-13 04:00:00,R116,21.43,0,0,1,0,0.15,0.15,NORMAL
2026-09-13 04:00:00,R117,21.43,0,0,1,0,0.15,0.15,NORMAL
2026-09-13 04:00:00,R118,21.43,0,0,1,0,0.15,0.15,NORMAL
2026-09-13 04:00:00,R119,21.43,1,0,1,0,0.364,0.364,NORMAL
2026-09-13 04:00:00,R120,21.43,0,0,1,0,0.15,0.15,NORMAL
2026-09-13 05:00:00,R101,22.65,0,0,1,0,0.15,0.15,NORMAL
2026-09-13 05:00:00,R102,22.65,0,0,1,0,0.15,0.15,NORMAL
2026-09-13 05:00:00,R103,22.65,0,0,1,0,0.15,0.15,NORMAL
2026-09-13 05:00:00,R104,22.65,0,0,1,0,0.15,0.15,NORMAL
2026-09-13 05:00:00,R105,22.65,1,0,1,0,0.351,0.351,NORMAL
2026-09-13 05:00:00,R106,22.65,0,0,1,0,0.15,0.15,NORMAL
2026-09-13 05:00:00,R107,22.65,0,0,1,0,0.15,0.15,NORMAL
2026-09-13 05:00:00,R108,22.65,0,0,1,0,0.15,0.15,NORMAL
2026-09-13 05:00:00,R109,22.65,1,0,1,0,0.338,0.338,NORMAL
2026-09-13 05:00:00,R110,22.65,0,0,1,0,0.15,0.15,NORMAL
2026-09-13 05:00:00,R111,22.65,0,0,1,0,0.15,0.15,NORMAL
2026-09-13 05:00:00,R112,22.65,1,0,1,0,0.374,0.374,NORMAL
2026-09-13 05:00:00,R113,22.65,0,0,1,0,0.15,0.15,NORMAL
2026-09-13 05:00:00,R114,22.65,1,0,1,0,0.379,0.379,NORMAL
2026-09-13 05:00:00,R115,22.65,1,0,1,0,0.394,0.394,NORMAL
2026-09-13 05:00:00,R116,22.65,0,0,1,0,0.15,0.15,NORMAL
2026-09-13 05:00:00,R117,22.65,0,0,1,0,0.15,0.15,NORMAL
2026-09-13 05:00:00,R118,22.65,0,0,1,0,0.15,0.15,NORMAL
2026-09-13 05:00:00,R119,22.65,0,0,1,0,0.15,0.15,NORMAL
2026-09-13 05:00:00,R120,22.65,0,0,1,0,0.15,0.15,NORMAL
2026-09-13 06:00:00,R101,29.55,1,1,0,1,1.677,1.677,NORMAL
2026-09-13 06:00:00,R102,29.55,1,1,0,1,1.848,1.848,NORMAL
2026-09-13 06:00:00,R103,29.55,2,1,0,1,1.68,1.68,NORMAL
2026-09-13 06:00:00,R104,29.55,2,1,0,1,1.842,1.842,NORMAL
2026-09-13 06:00:00,R105,29.55,1,1,0,1,1.83,1.83,NORMAL
2026-09-13 06:00:00,R106,29.55,1,1,0,1,1.971,1.971,NORMAL
2026-09-13 06:00:00,R107,29.55,0,0,0,1,0.15,0.15,NORMAL
2026-09-13 06:00:00,R108,29.55,1,1,0,1,1.944,1.944,NORMAL
2026-09-13 06:00:00,R109,29.55,1,1,0,1,1.571,1.571,NORMAL
2026-09-13 06:00:00,R110,29.55,1,1,0,1,1.9,1.9,NORMAL
2026-09-13 06:00:00,R111,29.55,2,1,0,1,1.832,1.832,NORMAL
2026-09-13 06:00:00,R112,29.55,0,0,0,1,0.15,0.15,NORMAL
2026-09-13 06:00:00,R113,29.55,1,1,0,1,1.506,1.506,NORMAL
2026-09-13 06:00:00,R114,29.55,1,1,0,1,1.674,1.674,NORMAL
2026-09-13 06:00:00,R115,29.55,2,1,0,1,1.667,1.667,NORMAL
2026-09-13 06:00:00,R116,29.55,1,1,0,1,1.94,1.94,NORMAL
2026-09-13 06:00:00,R117,29.55,2,1,0,1,1.797,1.797,NORMAL
2026-09-13 06:00:00,R118,29.55,1,1,0,1,1.577,1.577,NORMAL
2026-09-13 06:00:00,R119,29.55,1,1,0,1,1.682,1.682,NORMAL
2026-09-13 06:00:00,R120,29.55,1,1,0,1,1.492,1.492,NORMAL
2026-09-13 07:00:00,R101,28.42,1,0,0,1,0.229,0.229,NORMAL
2026-09-13 07:00:00,R102,28.42,2,0,0,1,0.312,0.312,NORMAL
2026-09-13 07:00:00,R103,28.42,2,0,0,1,0.265,0.265,NORMAL
2026-09-13 07:00:00,R104,28.42,1,0,0,1,0.219,0.219,NORMAL
2026-09-13 07:00:00,R105,28.42,1,0,0,1,0.234,0.234,NORMAL
2026-09-13 07:00:00,R106,28.42,1,0,0,1,0.22,0.22,NORMAL
2026-09-13 07:00:00,R107,28.42,2,0,0,1,0.336,0.336,NORMAL
2026-09-13 07:00:00,R108,28.42,1,0,0,1,0.269,0.269,NORMAL
2026-09-13 07:00:00,R109,28.42,2,0,0,1,0.446,0.446,NORMAL
2026-09-13 07:00:00,R110,28.42,1,0,0,1,0.232,0.232,NORMAL
2026-09-13 07:00:00,R111,28.42,2,0,0,1,0.253,0.253,NORMAL
2026-09-13 07:00:00,R112,28.42,1,0,0,1,0.218,0.218,NORMAL
2026-09-13 07:00:00,R113,28.42,0,0,0,1,0.15,0.15,NORMAL
2026-09-13 07:00:00,R114,28.42,2,0,0,1,0.374,0.374,NORMAL
2026-09-13 07:00:00,R115,28.42,2,0,0,1,0.273,0.273,NORMAL
2026-09-13 07:00:00,R116,28.42,2,0,0,1,0.285,0.285,NORMAL
2026-09-13 07:00:00,R117,28.42,0,0,0,1,0.15,0.15,NORMAL
2026-09-13 07:00:00,R118,28.42,0,0,0,1,0.15,0.15,NORMAL
2026-09-13 07:00:00,R119,28.42,1,0,0,1,0.236,0.236,NORMAL
2026-09-13 07:00:00,R120,28.42,1,0,0,1,0.239,0.239,NORMAL
2026-09-13 08:00:00,R101,28.5,0,0,0,1,0.15,0.15,NORMAL
2026-09-13 08:00:00,R102,28.5,0,0,0,1,0.15,0.15,NORMAL
2026-09-13 08:00:00,R103,28.5,1,0,0,1,0.206,0.206,NORMAL
2026-09-13 08:00:00,R104,28.5,2,0,0,1,0.4,0.4,NORMAL
2026-09-13 08:00:00,R105,28.5,0,0,0,1,0.15,0.15,NORMAL
2026-09-13 08:00:00,R106,28.5,1,0,0,1,0.294,0.294,NORMAL
2026-09-13 08:00:00,R107,28.5,0,0,0,1,0.15,0.15,NORMAL
2026-09-13 08:00:00,R108,28.5,1,0,0,1,0.208,0.208,NORMAL
2026-09-13 08:00:00,R109,28.5,2,0,0,1,0.283,0.283,NORMAL
2026-09-13 08:00:00,R110,28.5,0,0,0,1,0.15,0.15,NORMAL
2026-09-13 08:00:00,R111,28.5,0,0,0,1,0.15,0.15,NORMAL
2026-09-13 08:00:00,R112,28.5,1,0,0,1,0.272,0.272,NORMAL
2026-09-13 08:00:00,R113,28.5,1,0,0,1,0.245,0.245,NORMAL
2026-09-13 08:00:00,R114,28.5,1,0,0,1,0.293,0.293,NORMAL
2026-09-13 08:00:00,R115,28.5,1,0,0,1,0.262,0.262,NORMAL
2026-09-13 08:00:00,R116,28.5,1,0,0,1,0.275,0.275,NORMAL
2026-09-13 08:00:00,R117,28.5,0,0,0,1,0.15,0.15,NORMAL
2026-09-13 08:00:00,R118,28.5,1,0,0,1,0.246,0.246,NORMAL
2026-09-13 08:00:00,R119,28.5,1,0,0,1,0.221,0.221,NORMAL
2026-09-13 08:00:00,R120,28.5,1,0,0,1,0.23,0.23,NORMAL
2026-09-13 09:00:00,R101,31.99,0,0,0,1,0.15,0.15,NORMAL
2026-09-13 09:00:00,R102,31.99,0,0,0,1,0.15,0.15,NORMAL
2026-09-13 09:00:00,R103,31.99,2,1,0,1,1.853,1.853,NORMAL
2026-09-13 09:00:00,R104,31.99,0,0,0,1,0.15,0.15,NORMAL
2026-09-13 09:00:00,R105,31.99,0,0,0,1,0.15,0.15,NORMAL
2026-09-13 09:00:00,R106,31.99,0,0,0,1,0.15,0.15,NORMAL
2026-09-13 09:00:00,R107,31.99,0,0,0,1,0.15,0.15,NORMAL
2026-09-13 09:00:00,R108,31.99,1,1,0,1,1.438,1.438,NORMAL
2026-09-13 09:00:00,R109,31.99,0,0,0,1,0.15,0.15,NORMAL
2026-09-13 09:00:00,R110,31.99,1,1,0,1,1.657,1.657,NORMAL
2026-09-13 09:00:00,R111,31.99,0,0,0,1,0.15,0.15,NORMAL
2026-09-13 09:00:00,R112,31.99,1,1,0,1,1.466,1.466,NORMAL
2026-09-13 09:00:00,R113,31.99,1,1,0,1,2.044,2.044,NORMAL
2026-09-13 09:00:00,R114,31.99,0,0,0,1,0.15,0.15,NORMAL
2026-09-13 09:00:00,R115,31.99,2,1,0,1,1.979,1.979,NORMAL
2026-09-13 09:00:00,R116,31.99,0,0,0,1,0.15,0.15,NORMAL
2026-09-13 09:00:00,R117,31.99,0,0,0,1,0.15,0.15,NORMAL
2026-09-13 09:00:00,R118,31.99,0,0,0,1,0.15,0.15,NORMAL
2026-09-13 09:00:00,R119,31.99,1,1,0,1,1.813,1.813,NORMAL
2026-09-13 09:00:00,R120,31.99,2,1,0,1,1.842,1.842,NORMAL
2026-09-13 10:00:00,R101,33.63,1,1,0,1,1.52,1.52,NORMAL
2026-09-13 10:00:00,R102,33.63,0,0,0,1,0.15,0.15,NORMAL
2026-09-13 10:00:00,R103,33.63,0,0,0,1,0.15,0.15,NORMAL
2026-09-13 10:00:00,R104,33.63,1,1,0,1,1.587,1.587,NORMAL
2026-09-13 10:00:00,R105,33.63,2,1,0,1,1.804,1.804,NORMAL
2026-09-13 10:00:00,R106,33.63,1,1,0,1,1.839,1.839,NORMAL
2026-09-13 10:00:00,R107,33.63,0,0,0,1,0.15,0.15,NORMAL
2026-09-13 10:00:00,R108,33.63,0,0,0,1,0.15,0.15,NORMAL
2026-09-13 10:00:00,R109,33.63,0,0,0,1,0.15,0.15,NORMAL
2026-09-13 10:00:00,R110,33.63,0,0,0,1,0.15,0.15,NORMAL
2026-09-13 10:00:00,R111,33.63,0,0,0,1,0.15,0.15,NORMAL
2026-09-13 10:00:00,R112,33.63,0,0,0,1,0.15,0.15,NORMAL
2026-09-13 10:00:00,R113,33.63,1,1,0,1,1.843,1.843,NORMAL
2026-09-13 10:00:00,R114,33.63,1,1,0,1,1.848,1.848,NORMAL
2026-09-13 10:00:00,R115,33.63,0,0,0,1,0.15,0.15,NORMAL
2026-09-13 10:00:00,R116,33.63,0,0,0,1,0.15,0.15,NORMAL
2026-09-13 10:00:00,R117,33.63,0,0,0,1,0.15,0.15,NORMAL
2026-09-13 10:00:00,R118,33.63,0,0,0,1,0.15,0.15,NORMAL
2026-09-13 10:00:00,R119,33.63,0,0,0,1,0.15,0.15,NORMAL
2026-09-13 10:00:00,R120,33.63,0,0,0,1,0.15,0.15,NORMAL
2026-09-13 11:00:00,R101,37.29,0,0,0,1,0.15,0.15,NORMAL
2026-09-13 11:00:00,R102,37.29,0,0,0,1,0.15,0.15,NORMAL
2026-09-13 11:00:00,R103,37.29,0,0,0,1,0.15,0.15,NORMAL
2026-09-13 11:00:00,R104,37.29,0,0,0,1,0.15,0.15,NORMAL
2026-09-13 11:00:00,R105,37.29,0,0,0,1,0.15,0.15,NORMAL
2026-09-13 11:00:00,R106,37.29,1,1,0,1,1.734,1.734,NORMAL
2026-09-13 11:00:00,R107,37.29,0,0,0,1,0.15,0.15,NORMAL
2026-09-13 11:00:00,R108,37.29,0,1,0,1,1.565,1.565,AC_WASTE
2026-09-13 11:00:00,R109,37.29,0,0,0,1,0.15,0.15,NORMAL
2026-09-13 11:00:00,R110,37.29,1,1,0,1,1.714,1.714,NORMAL
2026-09-13 11:00:00,R111,37.29,0,0,0,1,0.15,0.15,NORMAL
2026-09-13 11:00:00,R112,37.29,1,1,0,1,1.479,1.479,NORMAL
2026-09-13 11:00:00,R113,37.29,0,0,0,1,0.15,0.15,NORMAL
2026-09-13 11:00:00,R114,37.29,1,1,0,1,2.004,2.004,NORMAL
2026-09-13 11:00:00,R115,37.29,0,0,0,1,0.15,0.15,NORMAL
2026-09-13 11:00:00,R116,37.29,1,1,0,1,1.85,1.85,NORMAL
2026-09-13 11:00:00,R117,37.29,0,0,0,1,0.15,0.15,NORMAL
2026-09-13 11:00:00,R118,37.29,1,1,0,1,1.649,1.649,NORMAL
2026-09-13 11:00:00,R119,37.29,0,0,0,1,0.15,0.15,NORMAL
2026-09-13 11:00:00,R120,37.29,1,1,0,1,1.763,1.763,NORMAL
2026-09-13 12:00:00,R101,34.45,2,1,0,1,1.93,1.93,NORMAL
2026-09-13 12:00:00,R102,34.45,1,1,0,1,1.921,1.921,NORMAL
2026-09-13 12:00:00,R103,34.45,0,0,0,1,0.15,0.15,NORMAL
2026-09-13 12:00:00,R104,34.45,0,0,0,1,0.15,0.15,NORMAL
2026-09-13 12:00:00,R105,34.45,0,0,0,1,0.15,0.15,NORMAL
2026-09-13 12:00:00,R106,34.45,2,1,0,1,1.996,1.996,NORMAL
2026-09-13 12:00:00,R107,34.45,1,1,0,1,1.624,1.624,NORMAL
2026-09-13 12:00:00,R108,34.45,1,1,0,1,1.932,1.932,NORMAL
2026-09-13 12:00:00,R109,34.45,2,1,0,1,2.086,2.086,NORMAL
2026-09-13 12:00:00,R110,34.45,0,1,0,1,1.369,1.369,AC_WASTE
2026-09-13 12:00:00,R111,34.45,0,0,0,1,0.15,0.15,NORMAL
2026-09-13 12:00:00,R112,34.45,1,1,0,1,1.468,1.468,NORMAL
2026-09-13 12:00:00,R113,34.45,2,1,0,1,2.244,2.244,NORMAL
2026-09-13 12:00:00,R114,34.45,1,1,0,1,1.66,1.66,NORMAL
2026-09-13 12:00:00,R115,34.45,0,0,0,1,0.15,0.15,NORMAL
2026-09-13 12:00:00,R116,34.45,2,1,0,1,1.797,1.797,NORMAL
2026-09-13 12:00:00,R117,34.45,1,1,0,1,1.788,1.788,NORMAL
2026-09-13 12:00:00,R118,34.45,1,1,0,1,1.589,1.589,NORMAL
2026-09-13 12:00:00,R119,34.45,0,0,0,1,0.15,0.15,NORMAL
2026-09-13 12:00:00,R120,34.45,0,0,0,1,0.15,0.15,NORMAL
2026-09-13 13:00:00,R101,34.13,0,0,0,1,0.15,0.15,NORMAL
2026-09-13 13:00:00,R102,34.13,0,0,0,1,0.15,0.15,NORMAL
2026-09-13 13:00:00,R103,34.13,1,1,0,1,1.678,1.678,NORMAL
2026-09-13 13:00:00,R104,34.13,1,1,0,1,1.635,1.635,NORMAL
2026-09-13 13:00:00,R105,34.13,0,0,0,1,0.15,0.15,NORMAL
2026-09-13 13:00:00,R106,34.13,0,0,0,1,0.15,0.15,NORMAL
2026-09-13 13:00:00,R107,34.13,1,1,0,1,1.658,1.658,NORMAL
2026-09-13 13:00:00,R108,34.13,0,0,0,1,0.15,0.15,NORMAL
2026-09-13 13:00:00,R109,34.13,1,1,0,1,1.71,1.71,NORMAL
2026-09-13 13:00:00,R110,34.13,2,1,0,1,1.859,1.859,NORMAL
2026-09-13 13:00:00,R111,34.13,0,0,0,1,0.15,0.15,NORMAL
2026-09-13 13:00:00,R112,34.13,0,0,0,1,0.15,0.15,NORMAL
2026-09-13 13:00:00,R113,34.13,2,1,0,1,1.755,1.755,NORMAL
2026-09-13 13:00:00,R114,34.13,0,1,0,1,1.317,1.317,AC_WASTE
2026-09-13 13:00:00,R115,34.13,0,0,0,1,0.15,0.15,NORMAL
2026-09-13 13:00:00,R116,34.13,0,0,0,1,0.15,0.15,NORMAL
2026-09-13 13:00:00,R117,34.13,1,1,0,1,1.62,1.62,NORMAL
2026-09-13 13:00:00,R118,34.13,2,1,0,1,1.545,1.545,NORMAL
2026-09-13 13:00:00,R119,34.13,0,0,0,1,0.15,0.15,NORMAL
2026-09-13 13:00:00,R120,34.13,0,0,0,1,0.15,0.15,NORMAL
2026-09-13 14:00:00,R101,33.8,2,1,0,1,2.142,2.142,NORMAL
2026-09-13 14:00:00,R102,33.8,1,1,0,1,2.048,2.048,NORMAL
2026-09-13 14:00:00,R103,33.8,0,0,0,1,0.15,0.15,NORMAL
2026-09-13 14:00:00,R104,33.8,0,0,0,1,0.15,0.15,NORMAL
2026-09-13 14:00:00,R105,33.8,1,1,0,1,1.439,1.439,NORMAL
2026-09-13 14:00:00,R106,33.8,0,0,0,1,0.15,0.15,NORMAL
2026-09-13 14:00:00,R107,33.8,1,1,0,1,1.527,1.527,NORMAL
2026-09-13 14:00:00,R108,33.8,0,0,0,1,0.15,0.15,NORMAL
2026-09-13 14:00:00,R109,33.8,0,1,0,1,1.685,1.685,AC_WASTE
2026-09-13 14:00:00,R110,33.8,1,1,0,1,1.625,1.625,NORMAL
2026-09-13 14:00:00,R111,33.8,0,0,0,1,0.15,0.15,NORMAL
2026-09-13 14:00:00,R112,33.8,0,0,0,1,0.15,0.15,NORMAL
2026-09-13 14:00:00,R113,33.8,1,1,0,1,1.937,1.937,NORMAL
2026-09-13 14:00:00,R114,33.8,2,1,0,1,1.597,1.597,NORMAL
2026-09-13 14:00:00,R115,33.8,0,0,0,1,0.15,0.15,NORMAL
2026-09-13 14:00:00,R116,33.8,0,0,0,1,0.15,0.15,NORMAL
2026-09-13 14:00:00,R117,33.8,0,0,0,1,0.15,0.15,NORMAL
2026-09-13 14:00:00,R118,33.8,0,0,0,1,0.15,0.15,NORMAL
2026-09-13 14:00:00,R119,33.8,1,1,0,1,1.586,1.586,NORMAL
2026-09-13 14:00:00,R120,33.8,0,0,0,1,0.15,0.15,NORMAL
2026-09-13 15:00:00,R101,30.41,1,1,0,1,1.59,1.59,NORMAL
2026-09-13 15:00:00,R102,30.41,0,0,0,1,0.15,0.15,NORMAL
2026-09-13 15:00:00,R103,30.41,0,0,0,1,0.15,0.15,NORMAL
2026-09-13 15:00:00,R104,30.41,1,1,0,1,1.718,1.718,NORMAL
2026-09-13 15:00:00,R105,30.41,2,1,0,1,1.895,1.895,NORMAL
2026-09-13 15:00:00,R106,30.41,1,1,0,1,1.769,1.769,NORMAL
2026-09-13 15:00:00,R107,30.41,0,0,0,1,0.15,0.15,NORMAL
2026-09-13 15:00:00,R108,30.41,0,0,0,1,0.15,0.15,NORMAL
2026-09-13 15:00:00,R109,30.41,0,0,0,1,0.15,0.15,NORMAL
2026-09-13 15:00:00,R110,30.41,2,1,0,1,1.539,1.539,NORMAL
2026-09-13 15:00:00,R111,30.41,0,0,0,1,0.15,0.15,NORMAL
2026-09-13 15:00:00,R112,30.41,0,0,0,1,0.15,0.15,NORMAL
2026-09-13 15:00:00,R113,30.41,1,1,0,1,1.446,1.446,NORMAL
2026-09-13 15:00:00,R114,30.41,0,0,0,1,0.15,0.15,NORMAL
2026-09-13 15:00:00,R115,30.41,0,0,0,1,0.15,0.15,NORMAL
2026-09-13 15:00:00,R116,30.41,0,0,0,1,0.15,0.15,NORMAL
2026-09-13 15:00:00,R117,30.41,1,1,0,1,1.756,1.756,NORMAL
2026-09-13 15:00:00,R118,30.41,0,0,0,1,0.15,0.15,NORMAL
2026-09-13 15:00:00,R119,30.41,2,1,0,1,1.983,1.983,NORMAL
2026-09-13 15:00:00,R120,30.41,0,0,0,1,0.15,0.15,NORMAL
2026-09-13 16:00:00,R101,31.78,1,1,0,1,1.608,1.608,NORMAL
2026-09-13 16:00:00,R102,31.78,1,1,0,1,1.877,1.877,NORMAL
2026-09-13 16:00:00,R103,31.78,0,0,0,1,0.15,0.15,NORMAL
2026-09-13 16:00:00,R104,31.78,0,0,0,1,0.15,0.15,NORMAL
2026-09-13 16:00:00,R105,31.78,1,1,0,1,1.623,1.623,NORMAL
2026-09-13 16:00:00,R106,31.78,1,1,0,1,1.553,1.553,NORMAL
2026-09-13 16:00:00,R107,31.78,0,0,0,1,0.15,0.15,NORMAL
2026-09-13 16:00:00,R108,31.78,1,1,0,1,1.917,1.917,NORMAL
2026-09-13 16:00:00,R109,31.78,1,1,0,1,1.859,1.859,NORMAL
2026-09-13 16:00:00,R110,31.78,0,0,0,1,0.15,0.15,NORMAL
2026-09-13 16:00:00,R111,31.78,0,0,0,1,0.15,0.15,NORMAL
2026-09-13 16:00:00,R112,31.78,0,1,0,1,1.535,1.535,AC_WASTE
2026-09-13 16:00:00,R113,31.78,0,0,0,1,0.15,0.15,NORMAL
2026-09-13 16:00:00,R114,31.78,2,1,0,1,1.611,1.611,NORMAL
2026-09-13 16:00:00,R115,31.78,0,0,0,1,0.15,0.15,NORMAL
2026-09-13 16:00:00,R116,31.78,0,0,0,1,0.15,0.15,NORMAL
2026-09-13 16:00:00,R117,31.78,0,0,0,1,0.15,0.15,NORMAL
2026-09-13 16:00:00,R118,31.78,2,1,0,1,1.901,1.901,NORMAL
2026-09-13 16:00:00,R119,31.78,1,1,0,1,1.875,1.875,NORMAL
2026-09-13 16:00:00,R120,31.78,1,1,0,1,2.037,2.037,NORMAL
2026-09-13 17:00:00,R101,24.79,1,0,0,1,0.272,0.272,NORMAL
2026-09-13 17:00:00,R102,24.79,1,0,0,1,0.208,0.208,NORMAL
2026-09-13 17:00:00,R103,24.79,1,0,0,1,0.228,0.228,NORMAL
2026-09-13 17:00:00,R104,24.79,2,0,0,1,0.287,0.287,NORMAL
2026-09-13 17:00:00,R105,24.79,0,1,0,1,1.558,1.558,AC_WASTE
2026-09-13 17:00:00,R106,24.79,1,0,0,1,0.204,0.204,NORMAL
2026-09-13 17:00:00,R107,24.79,1,0,0,1,0.268,0.268,NORMAL
2026-09-13 17:00:00,R108,24.79,1,0,0,1,0.267,0.267,NORMAL
2026-09-13 17:00:00,R109,24.79,1,0,0,1,0.245,0.245,NORMAL
2026-09-13 17:00:00,R110,24.79,1,0,0,1,0.225,0.225,NORMAL
2026-09-13 17:00:00,R111,24.79,1,0,0,1,0.271,0.271,NORMAL
2026-09-13 17:00:00,R112,24.79,2,0,0,1,0.384,0.384,NORMAL
2026-09-13 17:00:00,R113,24.79,2,0,0,1,0.416,0.416,NORMAL
2026-09-13 17:00:00,R114,24.79,2,0,0,1,0.359,0.359,NORMAL
2026-09-13 17:00:00,R115,24.79,2,0,0,1,0.261,0.261,NORMAL
2026-09-13 17:00:00,R116,24.79,1,0,0,1,0.288,0.288,NORMAL
2026-09-13 17:00:00,R117,24.79,1,0,0,1,0.248,0.248,NORMAL
2026-09-13 17:00:00,R118,24.79,1,0,0,1,0.254,0.254,NORMAL
2026-09-13 17:00:00,R119,24.79,1,0,0,1,0.243,0.243,NORMAL
2026-09-13 17:00:00,R120,24.79,1,0,0,1,0.202,0.202,NORMAL
2026-09-13 18:00:00,R101,28.11,1,0,1,1,0.436,0.436,NORMAL
2026-09-13 18:00:00,R102,28.11,1,0,1,1,0.937,0.937,STANDBY_WASTE
2026-09-13 18:00:00,R103,28.11,2,0,1,1,0.334,0.334,NORMAL
2026-09-13 18:00:00,R104,28.11,2,0,1,1,0.503,0.503,NORMAL
2026-09-13 18:00:00,R105,28.11,2,0,1,1,0.44,0.44,NORMAL
2026-09-13 18:00:00,R106,28.11,1,0,1,1,0.424,0.424,NORMAL
2026-09-13 18:00:00,R107,28.11,1,0,1,1,0.42,0.42,NORMAL
2026-09-13 18:00:00,R108,28.11,2,0,1,1,0.401,0.401,NORMAL
2026-09-13 18:00:00,R109,28.11,0,1,1,1,1.656,1.656,AC_WASTE
2026-09-13 18:00:00,R110,28.11,1,0,1,1,0.329,0.329,NORMAL
2026-09-13 18:00:00,R111,28.11,1,0,1,1,0.378,0.378,NORMAL
2026-09-13 18:00:00,R112,28.11,2,0,1,1,0.466,0.466,NORMAL
2026-09-13 18:00:00,R113,28.11,1,0,1,1,0.359,0.359,NORMAL
2026-09-13 18:00:00,R114,28.11,2,0,1,1,0.365,0.365,NORMAL
2026-09-13 18:00:00,R115,28.11,2,0,1,1,0.458,0.458,NORMAL
2026-09-13 18:00:00,R116,28.11,1,0,1,1,0.302,0.302,NORMAL
2026-09-13 18:00:00,R117,28.11,2,0,1,1,0.584,0.584,NORMAL
2026-09-13 18:00:00,R118,28.11,1,0,1,1,0.393,0.393,NORMAL
2026-09-13 18:00:00,R119,28.11,1,0,1,1,0.396,0.396,NORMAL
2026-09-13 18:00:00,R120,28.11,2,0,1,1,0.439,0.439,NORMAL
2026-09-13 19:00:00,R101,26.44,2,0,1,1,0.469,0.469,NORMAL
2026-09-13 19:00:00,R102,26.44,1,0,1,1,0.441,0.441,NORMAL
2026-09-13 19:00:00,R103,26.44,0,0,1,1,0.15,0.15,NORMAL
2026-09-13 19:00:00,R104,26.44,2,0,1,1,0.526,0.526,NORMAL
2026-09-13 19:00:00,R105,26.44,1,0,1,1,0.392,0.392,NORMAL
2026-09-13 19:00:00,R106,26.44,2,0,1,1,0.466,0.466,NORMAL
2026-09-13 19:00:00,R107,26.44,1,0,1,1,0.384,0.384,NORMAL
2026-09-13 19:00:00,R108,26.44,1,0,1,1,0.315,0.315,NORMAL
2026-09-13 19:00:00,R109,26.44,2,0,1,1,0.358,0.358,NORMAL
2026-09-13 19:00:00,R110,26.44,1,0,1,1,0.378,0.378,NORMAL
2026-09-13 19:00:00,R111,26.44,1,0,1,1,0.452,0.452,NORMAL
2026-09-13 19:00:00,R112,26.44,2,0,1,1,0.437,0.437,NORMAL
2026-09-13 19:00:00,R113,26.44,0,0,1,1,0.15,0.15,NORMAL
2026-09-13 19:00:00,R114,26.44,2,0,1,1,0.597,0.597,NORMAL
2026-09-13 19:00:00,R115,26.44,2,0,1,1,0.546,0.546,NORMAL
2026-09-13 19:00:00,R116,26.44,1,0,1,1,0.325,0.325,NORMAL
2026-09-13 19:00:00,R117,26.44,2,0,1,1,0.349,0.349,NORMAL
2026-09-13 19:00:00,R118,26.44,1,0,1,1,0.466,0.466,NORMAL
2026-09-13 19:00:00,R119,26.44,2,0,1,1,0.441,0.441,NORMAL
2026-09-13 19:00:00,R120,26.44,2,0,1,1,0.398,0.398,NORMAL
2026-09-13 20:00:00,R101,23.82,2,0,1,1,0.44,0.44,NORMAL
2026-09-13 20:00:00,R102,23.82,2,0,1,1,0.566,0.566,NORMAL
2026-09-13 20:00:00,R103,23.82,0,0,1,1,0.15,0.15,NORMAL
2026-09-13 20:00:00,R104,23.82,1,0,1,1,0.384,0.384,NORMAL
2026-09-13 20:00:00,R105,23.82,1,0,1,1,0.409,0.409,NORMAL
2026-09-13 20:00:00,R106,23.82,1,0,1,1,0.352,0.352,NORMAL
2026-09-13 20:00:00,R107,23.82,2,0,1,1,0.475,0.475,NORMAL
2026-09-13 20:00:00,R108,23.82,2,0,1,1,0.536,0.536,NORMAL
2026-09-13 20:00:00,R109,23.82,2,0,1,1,0.516,0.516,NORMAL
2026-09-13 20:00:00,R110,23.82,1,0,1,1,0.386,0.386,NORMAL
2026-09-13 20:00:00,R111,23.82,2,0,1,1,0.533,0.533,NORMAL
2026-09-13 20:00:00,R112,23.82,1,0,1,1,0.408,0.408,NORMAL
2026-09-13 20:00:00,R113,23.82,1,0,1,1,0.351,0.351,NORMAL
2026-09-13 20:00:00,R114,23.82,2,0,1,1,0.575,0.575,NORMAL
2026-09-13 20:00:00,R115,23.82,2,0,1,1,0.46,0.46,NORMAL
2026-09-13 20:00:00,R116,23.82,1,0,1,1,0.391,0.391,NORMAL
2026-09-13 20:00:00,R117,23.82,1,0,1,1,0.883,0.883,STANDBY_WASTE
2026-09-13 20:00:00,R118,23.82,1,0,1,1,0.356,0.356,NORMAL
2026-09-13 20:00:00,R119,23.82,2,0,1,1,0.57,0.57,NORMAL
2026-09-13 20:00:00,R120,23.82,1,0,1,1,0.34,0.34,NORMAL
2026-09-13 21:00:00,R101,21.59,2,0,1,1,0.372,0.372,NORMAL
2026-09-13 21:00:00,R102,21.59,1,0,1,1,0.397,0.397,NORMAL
2026-09-13 21:00:00,R103,21.59,2,0,1,1,0.368,0.368,NORMAL
2026-09-13 21:00:00,R104,21.59,1,0,1,1,0.338,0.338,NORMAL
2026-09-13 21:00:00,R105,21.59,2,0,1,1,0.581,0.581,NORMAL
2026-09-13 21:00:00,R106,21.59,2,0,1,1,0.493,0.493,NORMAL
2026-09-13 21:00:00,R107,21.59,1,0,1,1,0.449,0.449,NORMAL
2026-09-13 21:00:00,R108,21.59,2,0,1,1,0.4,0.4,NORMAL
2026-09-13 21:00:00,R109,21.59,1,0,1,1,0.443,0.443,NORMAL
2026-09-13 21:00:00,R110,21.59,1,0,1,1,0.451,0.451,NORMAL
2026-09-13 21:00:00,R111,21.59,1,0,1,1,0.379,0.379,NORMAL
2026-09-13 21:00:00,R112,21.59,1,0,1,1,0.44,0.44,NORMAL
2026-09-13 21:00:00,R113,21.59,1,0,1,1,0.403,0.403,NORMAL
2026-09-13 21:00:00,R114,21.59,2,0,1,1,0.525,0.525,NORMAL
2026-09-13 21:00:00,R115,21.59,1,0,1,1,0.344,0.344,NORMAL
2026-09-13 21:00:00,R116,21.59,0,1,1,1,1.426,1.426,AC_WASTE
2026-09-13 21:00:00,R117,21.59,2,0,1,1,0.36,0.36,NORMAL
2026-09-13 21:00:00,R118,21.59,1,0,1,1,0.433,0.433,NORMAL
2026-09-13 21:00:00,R119,21.59,2,0,1,1,0.596,0.596,NORMAL
2026-09-13 21:00:00,R120,21.59,2,0,1,1,0.549,0.549,NORMAL
2026-09-13 22:00:00,R101,21.03,1,0,1,1,0.419,0.419,NORMAL
2026-09-13 22:00:00,R102,21.03,2,0,1,1,0.48,0.48,NORMAL
2026-09-13 22:00:00,R103,21.03,1,0,1,1,0.379,0.379,NORMAL
2026-09-13 22:00:00,R104,21.03,2,0,1,1,0.51,0.51,NORMAL
2026-09-13 22:00:00,R105,21.03,2,0,1,1,0.571,0.571,NORMAL
2026-09-13 22:00:00,R106,21.03,1,0,1,1,0.341,0.341,NORMAL
2026-09-13 22:00:00,R107,21.03,0,0,1,1,0.15,0.15,NORMAL
2026-09-13 22:00:00,R108,21.03,1,0,1,1,0.386,0.386,NORMAL
2026-09-13 22:00:00,R109,21.03,2,0,1,1,0.579,0.579,NORMAL
2026-09-13 22:00:00,R110,21.03,1,0,1,1,0.396,0.396,NORMAL
2026-09-13 22:00:00,R111,21.03,1,0,1,1,0.302,0.302,NORMAL
2026-09-13 22:00:00,R112,21.03,1,0,1,1,0.333,0.333,NORMAL
2026-09-13 22:00:00,R113,21.03,2,0,1,1,0.406,0.406,NORMAL
2026-09-13 22:00:00,R114,21.03,1,0,1,1,0.416,0.416,NORMAL
2026-09-13 22:00:00,R115,21.03,1,0,1,1,0.385,0.385,NORMAL
2026-09-13 22:00:00,R116,21.03,1,0,1,1,0.449,0.449,NORMAL
2026-09-13 22:00:00,R117,21.03,2,0,1,1,0.436,0.436,NORMAL
2026-09-13 22:00:00,R118,21.03,1,0,1,1,0.349,0.349,NORMAL
2026-09-13 22:00:00,R119,21.03,1,0,1,1,0.418,0.418,NORMAL
2026-09-13 22:00:00,R120,21.03,0,0,1,1,0.15,0.15,NORMAL
2026-09-13 23:00:00,R101,19.11,0,0,1,0,0.15,0.15,NORMAL
2026-09-13 23:00:00,R102,19.11,0,0,1,0,0.15,0.15,NORMAL
2026-09-13 23:00:00,R103,19.11,0,0,1,0,0.15,0.15,NORMAL
2026-09-13 23:00:00,R104,19.11,0,0,1,0,0.15,0.15,NORMAL
2026-09-13 23:00:00,R105,19.11,1,0,1,0,0.34,0.34,NORMAL
2026-09-13 23:00:00,R106,19.11,0,0,1,0,0.15,0.15,NORMAL
2026-09-13 23:00:00,R107,19.11,1,0,1,0,0.444,0.444,NORMAL
2026-09-13 23:00:00,R108,19.11,0,0,1,0,0.15,0.15,NORMAL
2026-09-13 23:00:00,R109,19.11,0,0,1,0,0.15,0.15,NORMAL
2026-09-13 23:00:00,R110,19.11,0,0,1,0,0.15,0.15,NORMAL
2026-09-13 23:00:00,R111,19.11,0,0,1,0,0.15,0.15,NORMAL
2026-09-13 23:00:00,R112,19.11,0,0,1,0,0.15,0.15,NORMAL
2026-09-13 23:00:00,R113,19.11,0,0,1,0,0.15,0.15,NORMAL
2026-09-13 23:00:00,R114,19.11,0,0,1,0,0.15,0.15,NORMAL
2026-09-13 23:00:00,R115,19.11,1,0,1,0,0.382,0.382,NORMAL
2026-09-13 23:00:00,R116,19.11,0,0,1,0,0.15,0.15,NORMAL
2026-09-13 23:00:00,R117,19.11,0,0,1,0,0.15,0.15,NORMAL
2026-09-13 23:00:00,R118,19.11,0,0,1,0,0.15,0.15,NORMAL
2026-09-13 23:00:00,R119,19.11,0,0,1,0,0.15,0.15,NORMAL
2026-09-13 23:00:00,R120,19.11,0,0,1,0,0.15,0.15,NORMAL
2026-09-14 00:00:00,R101,19.87,1,0,1,0,0.406,0.406,NORMAL
2026-09-14 00:00:00,R102,19.87,0,0,1,0,0.15,0.15,NORMAL
2026-09-14 00:00:00,R103,19.87,1,0,1,0,0.397,0.397,NORMAL
2026-09-14 00:00:00,R104,19.87,1,0,1,0,0.387,0.387,NORMAL
2026-09-14 00:00:00,R105,19.87,1,0,1,0,0.438,0.438,NORMAL
2026-09-14 00:00:00,R106,19.87,1,0,1,0,0.374,0.374,NORMAL
2026-09-14 00:00:00,R107,19.87,0,0,1,0,0.15,0.15,NORMAL
2026-09-14 00:00:00,R108,19.87,0,0,1,0,0.15,0.15,NORMAL
2026-09-14 00:00:00,R109,19.87,0,0,1,0,0.15,0.15,NORMAL
2026-09-14 00:00:00,R110,19.87,0,0,1,0,0.15,0.15,NORMAL
2026-09-14 00:00:00,R111,19.87,0,0,1,0,0.15,0.15,NORMAL
2026-09-14 00:00:00,R112,19.87,0,0,1,0,0.15,0.15,NORMAL
2026-09-14 00:00:00,R113,19.87,0,0,1,0,0.15,0.15,NORMAL
2026-09-14 00:00:00,R114,19.87,0,0,1,0,0.15,0.15,NORMAL
2026-09-14 00:00:00,R115,19.87,0,0,1,0,0.15,0.15,NORMAL
2026-09-14 00:00:00,R116,19.87,0,0,1,0,0.15,0.15,NORMAL
2026-09-14 00:00:00,R117,19.87,1,0,1,0,0.378,0.378,NORMAL
2026-09-14 00:00:00,R118,19.87,0,0,1,0,0.15,0.15,NORMAL
2026-09-14 00:00:00,R119,19.87,1,0,1,0,0.348,0.348,NORMAL
2026-09-14 00:00:00,R120,19.87,0,0,1,0,0.15,0.15,NORMAL
2026-09-14 01:00:00,R101,19.12,0,0,1,0,0.15,0.15,NORMAL
2026-09-14 01:00:00,R102,19.12,0,0,1,0,0.15,0.15,NORMAL
2026-09-14 01:00:00,R103,19.12,0,0,1,0,0.15,0.15,NORMAL
2026-09-14 01:00:00,R104,19.12,0,0,1,0,0.15,0.15,NORMAL
2026-09-14 01:00:00,R105,19.12,1,0,1,0,0.388,0.388,NORMAL
2026-09-14 01:00:00,R106,19.12,0,0,1,0,0.15,0.15,NORMAL
2026-09-14 01:00:00,R107,19.12,0,0,1,0,0.15,0.15,NORMAL
2026-09-14 01:00:00,R108,19.12,0,0,1,0,0.15,0.15,NORMAL
2026-09-14 01:00:00,R109,19.12,0,0,1,0,0.15,0.15,NORMAL
2026-09-14 01:00:00,R110,19.12,1,0,1,0,0.371,0.371,NORMAL
2026-09-14 01:00:00,R111,19.12,0,0,1,0,0.15,0.15,NORMAL
2026-09-14 01:00:00,R112,19.12,0,0,1,0,0.15,0.15,NORMAL
2026-09-14 01:00:00,R113,19.12,0,0,1,0,0.15,0.15,NORMAL
2026-09-14 01:00:00,R114,19.12,1,0,1,0,0.39,0.39,NORMAL
2026-09-14 01:00:00,R115,19.12,0,0,1,0,0.15,0.15,NORMAL
2026-09-14 01:00:00,R116,19.12,1,0,1,0,0.309,0.309,NORMAL
2026-09-14 01:00:00,R117,19.12,0,0,1,0,0.15,0.15,NORMAL
2026-09-14 01:00:00,R118,19.12,0,0,1,0,0.15,0.15,NORMAL
2026-09-14 01:00:00,R119,19.12,0,0,1,0,0.15,0.15,NORMAL
2026-09-14 01:00:00,R120,19.12,0,0,1,0,0.15,0.15,NORMAL
2026-09-14 02:00:00,R101,21.67,0,0,1,0,0.15,0.15,NORMAL
2026-09-14 02:00:00,R102,21.67,0,0,1,0,0.15,0.15,NORMAL
2026-09-14 02:00:00,R103,21.67,0,0,1,0,0.15,0.15,NORMAL
2026-09-14 02:00:00,R104,21.67,1,0,1,0,0.398,0.398,NORMAL
2026-09-14 02:00:00,R105,21.67,0,0,1,0,0.15,0.15,NORMAL
2026-09-14 02:00:00,R106,21.67,0,0,1,0,0.15,0.15,NORMAL
2026-09-14 02:00:00,R107,21.67,0,0,1,0,0.15,0.15,NORMAL
2026-09-14 02:00:00,R108,21.67,0,0,1,0,0.15,0.15,NORMAL
2026-09-14 02:00:00,R109,21.67,0,0,1,0,0.15,0.15,NORMAL
2026-09-14 02:00:00,R110,21.67,0,0,1,0,0.15,0.15,NORMAL
2026-09-14 02:00:00,R111,21.67,0,0,1,0,0.15,0.15,NORMAL
2026-09-14 02:00:00,R112,21.67,0,0,1,0,0.15,0.15,NORMAL
2026-09-14 02:00:00,R113,21.67,1,0,1,0,0.361,0.361,NORMAL
2026-09-14 02:00:00,R114,21.67,0,0,1,0,0.15,0.15,NORMAL
2026-09-14 02:00:00,R115,21.67,0,0,1,0,0.15,0.15,NORMAL
2026-09-14 02:00:00,R116,21.67,0,0,1,0,0.15,0.15,NORMAL
2026-09-14 02:00:00,R117,21.67,0,0,1,0,0.15,0.15,NORMAL
2026-09-14 02:00:00,R118,21.67,0,0,1,0,0.15,0.15,NORMAL
2026-09-14 02:00:00,R119,21.67,0,0,1,0,0.15,0.15,NORMAL
2026-09-14 02:00:00,R120,21.67,0,0,1,0,0.15,0.15,NORMAL
2026-09-14 03:00:00,R101,23.31,0,0,1,0,0.15,0.15,NORMAL
2026-09-14 03:00:00,R102,23.31,0,0,1,0,0.15,0.15,NORMAL
2026-09-14 03:00:00,R103,23.31,0,0,1,0,0.15,0.15,NORMAL
2026-09-14 03:00:00,R104,23.31,0,0,1,0,0.15,0.15,NORMAL
2026-09-14 03:00:00,R105,23.31,0,0,1,0,0.15,0.15,NORMAL
2026-09-14 03:00:00,R106,23.31,0,0,1,0,0.15,0.15,NORMAL
2026-09-14 03:00:00,R107,23.31,0,0,1,0,0.15,0.15,NORMAL
2026-09-14 03:00:00,R108,23.31,0,0,1,0,0.15,0.15,NORMAL
2026-09-14 03:00:00,R109,23.31,0,0,1,0,0.15,0.15,NORMAL
2026-09-14 03:00:00,R110,23.31,0,0,1,0,0.15,0.15,NORMAL
2026-09-14 03:00:00,R111,23.31,1,0,1,0,0.298,0.298,NORMAL
2026-09-14 03:00:00,R112,23.31,0,0,1,0,0.15,0.15,NORMAL
2026-09-14 03:00:00,R113,23.31,1,0,1,0,0.409,0.409,NORMAL
2026-09-14 03:00:00,R114,23.31,0,0,1,0,0.15,0.15,NORMAL
2026-09-14 03:00:00,R115,23.31,1,0,1,0,0.448,0.448,NORMAL
2026-09-14 03:00:00,R116,23.31,0,0,1,0,0.15,0.15,NORMAL
2026-09-14 03:00:00,R117,23.31,0,0,1,0,0.15,0.15,NORMAL
2026-09-14 03:00:00,R118,23.31,1,0,1,0,0.382,0.382,NORMAL
2026-09-14 03:00:00,R119,23.31,0,0,1,0,0.15,0.15,NORMAL
2026-09-14 03:00:00,R120,23.31,0,0,1,0,0.15,0.15,NORMAL
2026-09-14 04:00:00,R101,22.16,0,0,1,0,0.15,0.15,NORMAL
2026-09-14 04:00:00,R102,22.16,0,0,1,0,0.15,0.15,NORMAL
2026-09-14 04:00:00,R103,22.16,0,0,1,0,0.15,0.15,NORMAL
2026-09-14 04:00:00,R104,22.16,0,0,1,0,0.15,0.15,NORMAL
2026-09-14 04:00:00,R105,22.16,0,0,1,0,0.15,0.15,NORMAL
2026-09-14 04:00:00,R106,22.16,1,0,1,0,0.368,0.368,NORMAL
2026-09-14 04:00:00,R107,22.16,0,0,1,0,0.15,0.15,NORMAL
2026-09-14 04:00:00,R108,22.16,0,0,1,0,0.15,0.15,NORMAL
2026-09-14 04:00:00,R109,22.16,0,0,1,0,0.15,0.15,NORMAL
2026-09-14 04:00:00,R110,22.16,0,0,1,0,0.15,0.15,NORMAL
2026-09-14 04:00:00,R111,22.16,0,0,1,0,0.15,0.15,NORMAL
2026-09-14 04:00:00,R112,22.16,0,0,1,0,0.15,0.15,NORMAL
2026-09-14 04:00:00,R113,22.16,1,0,1,0,0.346,0.346,NORMAL
2026-09-14 04:00:00,R114,22.16,0,0,1,0,0.15,0.15,NORMAL
2026-09-14 04:00:00,R115,22.16,1,0,1,0,0.362,0.362,NORMAL
2026-09-14 04:00:00,R116,22.16,0,0,1,0,0.15,0.15,NORMAL
2026-09-14 04:00:00,R117,22.16,0,0,1,0,0.15,0.15,NORMAL
2026-09-14 04:00:00,R118,22.16,0,0,1,0,0.15,0.15,NORMAL
2026-09-14 04:00:00,R119,22.16,0,0,1,0,0.15,0.15,NORMAL
2026-09-14 04:00:00,R120,22.16,0,0,1,0,0.15,0.15,NORMAL
2026-09-14 05:00:00,R101,25.92,0,0,1,0,0.15,0.15,NORMAL
2026-09-14 05:00:00,R102,25.92,0,0,1,0,0.15,0.15,NORMAL
2026-09-14 05:00:00,R103,25.92,0,0,1,0,0.15,0.15,NORMAL
2026-09-14 05:00:00,R104,25.92,1,0,1,0,0.38,0.38,NORMAL
2026-09-14 05:00:00,R105,25.92,0,0,1,0,0.15,0.15,NORMAL
2026-09-14 05:00:00,R106,25.92,1,0,1,0,0.388,0.388,NORMAL
2026-09-14 05:00:00,R107,25.92,0,0,1,0,0.15,0.15,NORMAL
2026-09-14 05:00:00,R108,25.92,0,0,1,0,0.15,0.15,NORMAL
2026-09-14 05:00:00,R109,25.92,1,0,1,0,0.37,0.37,NORMAL
2026-09-14 05:00:00,R110,25.92,1,0,1,0,0.395,0.395,NORMAL
2026-09-14 05:00:00,R111,25.92,0,0,1,0,0.15,0.15,NORMAL
2026-09-14 05:00:00,R112,25.92,0,0,1,0,0.15,0.15,NORMAL
2026-09-14 05:00:00,R113,25.92,0,0,1,0,0.15,0.15,NORMAL
2026-09-14 05:00:00,R114,25.92,1,0,1,0,0.376,0.376,NORMAL
2026-09-14 05:00:00,R115,25.92,0,0,1,0,0.15,0.15,NORMAL
2026-09-14 05:00:00,R116,25.92,0,0,1,0,0.15,0.15,NORMAL
2026-09-14 05:00:00,R117,25.92,0,0,1,0,0.15,0.15,NORMAL
2026-09-14 05:00:00,R118,25.92,0,0,1,0,0.15,0.15,NORMAL
2026-09-14 05:00:00,R119,25.92,0,0,1,0,0.15,0.15,NORMAL
2026-09-14 05:00:00,R120,25.92,0,0,1,0,0.15,0.15,NORMAL
2026-09-14 06:00:00,R101,28.06,1,0,0,1,0.271,0.271,NORMAL
2026-09-14 06:00:00,R102,28.06,1,0,0,1,0.227,0.227,NORMAL
2026-09-14 06:00:00,R103,28.06,0,0,0,1,0.15,0.15,NORMAL
2026-09-14 06:00:00,R104,28.06,1,0,0,1,0.275,0.275,NORMAL
2026-09-14 06:00:00,R105,28.06,1,0,0,1,0.268,0.268,NORMAL
2026-09-14 06:00:00,R106,28.06,1,0,0,1,0.207,0.207,NORMAL
2026-09-14 06:00:00,R107,28.06,2,0,0,1,0.314,0.314,NORMAL
2026-09-14 06:00:00,R108,28.06,2,0,0,1,0.266,0.266,NORMAL
2026-09-14 06:00:00,R109,28.06,1,0,0,1,0.202,0.202,NORMAL
2026-09-14 06:00:00,R110,28.06,1,0,0,1,0.249,0.249,NORMAL
2026-09-14 06:00:00,R111,28.06,1,0,0,1,0.244,0.244,NORMAL
2026-09-14 06:00:00,R112,28.06,2,0,0,1,1.181,1.181,STANDBY_WASTE
2026-09-14 06:00:00,R113,28.06,0,0,0,1,0.15,0.15,NORMAL
2026-09-14 06:00:00,R114,28.06,0,0,0,1,0.15,0.15,NORMAL
2026-09-14 06:00:00,R115,28.06,2,0,0,1,0.296,0.296,NORMAL
2026-09-14 06:00:00,R116,28.06,2,0,0,1,0.396,0.396,NORMAL
2026-09-14 06:00:00,R117,28.06,1,0,0,1,0.253,0.253,NORMAL
2026-09-14 06:00:00,R118,28.06,2,0,0,1,0.382,0.382,NORMAL
2026-09-14 06:00:00,R119,28.06,1,0,0,1,0.23,0.23,NORMAL
2026-09-14 06:00:00,R120,28.06,1,0,0,1,0.299,0.299,NORMAL
2026-09-14 07:00:00,R101,28.38,2,0,0,1,0.253,0.253,NORMAL
2026-09-14 07:00:00,R102,28.38,2,0,0,1,0.258,0.258,NORMAL
2026-09-14 07:00:00,R103,28.38,0,1,0,1,1.621,1.621,AC_WASTE
2026-09-14 07:00:00,R104,28.38,0,0,0,1,0.15,0.15,NORMAL
2026-09-14 07:00:00,R105,28.38,1,0,0,1,0.221,0.221,NORMAL
2026-09-14 07:00:00,R106,28.38,0,0,0,1,0.15,0.15,NORMAL
2026-09-14 07:00:00,R107,28.38,2,0,0,1,0.369,0.369,NORMAL
2026-09-14 07:00:00,R108,28.38,1,0,0,1,0.242,0.242,NORMAL
2026-09-14 07:00:00,R109,28.38,0,0,0,1,0.15,0.15,NORMAL
2026-09-14 07:00:00,R110,28.38,1,0,0,1,0.242,0.242,NORMAL
2026-09-14 07:00:00,R111,28.38,1,0,0,1,0.238,0.238,NORMAL
2026-09-14 07:00:00,R112,28.38,2,0,0,1,0.346,0.346,NORMAL
2026-09-14 07:00:00,R113,28.38,1,0,0,1,0.217,0.217,NORMAL
2026-09-14 07:00:00,R114,28.38,2,0,0,1,0.42,0.42,NORMAL
2026-09-14 07:00:00,R115,28.38,2,0,0,1,0.431,0.431,NORMAL
2026-09-14 07:00:00,R116,28.38,2,0,0,1,0.367,0.367,NORMAL
2026-09-14 07:00:00,R117,28.38,1,0,0,1,0.226,0.226,NORMAL
2026-09-14 07:00:00,R118,28.38,2,0,0,1,0.398,0.398,NORMAL
2026-09-14 07:00:00,R119,28.38,1,0,0,1,0.235,0.235,NORMAL
2026-09-14 07:00:00,R120,28.38,0,0,0,1,0.15,0.15,NORMAL
2026-09-14 08:00:00,R101,30.84,2,1,0,1,1.679,1.679,NORMAL
2026-09-14 08:00:00,R102,30.84,1,1,0,1,2.04,2.04,NORMAL
2026-09-14 08:00:00,R103,30.84,1,1,0,1,1.612,1.612,NORMAL
2026-09-14 08:00:00,R104,30.84,1,1,0,1,1.646,1.646,NORMAL
2026-09-14 08:00:00,R105,30.84,1,1,0,1,1.735,1.735,NORMAL
2026-09-14 08:00:00,R106,30.84,2,1,0,1,2.02,2.02,NORMAL
2026-09-14 08:00:00,R107,30.84,1,1,0,1,1.732,1.732,NORMAL
2026-09-14 08:00:00,R108,30.84,0,0,0,1,0.575,0.575,STANDBY_WASTE
2026-09-14 08:00:00,R109,30.84,1,1,0,1,1.919,1.919,NORMAL
2026-09-14 08:00:00,R110,30.84,1,1,0,1,1.799,1.799,NORMAL
2026-09-14 08:00:00,R111,30.84,1,1,0,1,1.758,1.758,NORMAL
2026-09-14 08:00:00,R112,30.84,0,0,0,1,0.15,0.15,NORMAL
2026-09-14 08:00:00,R113,30.84,1,1,0,1,1.996,1.996,NORMAL
2026-09-14 08:00:00,R114,30.84,0,0,0,1,0.15,0.15,NORMAL
2026-09-14 08:00:00,R115,30.84,0,0,0,1,0.15,0.15,NORMAL
2026-09-14 08:00:00,R116,30.84,1,1,0,1,1.597,1.597,NORMAL
2026-09-14 08:00:00,R117,30.84,1,1,0,1,1.833,1.833,NORMAL
2026-09-14 08:00:00,R118,30.84,1,1,0,1,1.457,1.457,NORMAL
2026-09-14 08:00:00,R119,30.84,1,1,0,1,1.539,1.539,NORMAL
2026-09-14 08:00:00,R120,30.84,1,1,0,1,1.742,1.742,NORMAL
2026-09-14 09:00:00,R101,33.55,1,1,0,1,1.972,1.972,NORMAL
2026-09-14 09:00:00,R102,33.55,1,1,0,1,1.872,1.872,NORMAL
2026-09-14 09:00:00,R103,33.55,2,1,0,1,1.826,1.826,NORMAL
2026-09-14 09:00:00,R104,33.55,2,1,0,1,1.684,1.684,NORMAL
2026-09-14 09:00:00,R105,33.55,1,1,0,1,1.469,1.469,NORMAL
2026-09-14 09:00:00,R106,33.55,0,0,0,1,0.15,0.15,NORMAL
2026-09-14 09:00:00,R107,33.55,0,0,0,1,0.15,0.15,NORMAL
2026-09-14 09:00:00,R108,33.55,1,1,0,1,1.8,1.8,NORMAL
2026-09-14 09:00:00,R109,33.55,0,0,0,1,0.15,0.15,NORMAL
2026-09-14 09:00:00,R110,33.55,0,0,0,1,0.15,0.15,NORMAL
2026-09-14 09:00:00,R111,33.55,0,0,0,1,0.15,0.15,NORMAL
2026-09-14 09:00:00,R112,33.55,1,1,0,1,1.989,1.989,NORMAL
2026-09-14 09:00:00,R113,33.55,0,0,0,1,0.15,0.15,NORMAL
2026-09-14 09:00:00,R114,33.55,0,0,0,1,0.15,0.15,NORMAL
2026-09-14 09:00:00,R115,33.55,1,1,0,1,1.671,1.671,NORMAL
2026-09-14 09:00:00,R116,33.55,0,0,0,1,0.15,0.15,NORMAL
2026-09-14 09:00:00,R117,33.55,1,1,0,1,1.911,1.911,NORMAL
2026-09-14 09:00:00,R118,33.55,0,0,0,1,0.15,0.15,NORMAL
2026-09-14 09:00:00,R119,33.55,1,1,0,1,1.831,1.831,NORMAL
2026-09-14 09:00:00,R120,33.55,0,0,0,1,0.15,0.15,NORMAL
2026-09-14 10:00:00,R101,33.17,0,0,0,1,0.15,0.15,NORMAL
2026-09-14 10:00:00,R102,33.17,0,0,0,1,0.15,0.15,NORMAL
2026-09-14 10:00:00,R103,33.17,0,0,0,1,0.15,0.15,NORMAL
2026-09-14 10:00:00,R104,33.17,0,0,0,1,0.15,0.15,NORMAL
2026-09-14 10:00:00,R105,33.17,2,1,0,1,1.872,1.872,NORMAL
2026-09-14 10:00:00,R106,33.17,0,0,0,1,0.15,0.15,NORMAL
2026-09-14 10:00:00,R107,33.17,2,1,0,1,1.712,1.712,NORMAL
2026-09-14 10:00:00,R108,33.17,0,0,0,1,0.15,0.15,NORMAL
2026-09-14 10:00:00,R109,33.17,0,0,0,1,0.15,0.15,NORMAL
2026-09-14 10:00:00,R110,33.17,0,0,0,1,0.15,0.15,NORMAL
2026-09-14 10:00:00,R111,33.17,1,1,0,1,1.834,1.834,NORMAL
2026-09-14 10:00:00,R112,33.17,0,0,0,1,0.15,0.15,NORMAL
2026-09-14 10:00:00,R113,33.17,1,1,0,1,1.753,1.753,NORMAL
2026-09-14 10:00:00,R114,33.17,1,1,0,1,1.575,1.575,NORMAL
2026-09-14 10:00:00,R115,33.17,2,1,0,1,1.647,1.647,NORMAL
2026-09-14 10:00:00,R116,33.17,0,0,0,1,0.15,0.15,NORMAL
2026-09-14 10:00:00,R117,33.17,1,1,0,1,1.911,1.911,NORMAL
2026-09-14 10:00:00,R118,33.17,0,0,0,1,0.15,0.15,NORMAL
2026-09-14 10:00:00,R119,33.17,1,1,0,1,1.632,1.632,NORMAL
2026-09-14 10:00:00,R120,33.17,1,1,0,1,1.902,1.902,NORMAL
2026-09-14 11:00:00,R101,34.32,0,0,0,1,0.15,0.15,NORMAL
2026-09-14 11:00:00,R102,34.32,1,1,0,1,1.795,1.795,NORMAL
2026-09-14 11:00:00,R103,34.32,1,1,0,1,2.08,2.08,NORMAL
2026-09-14 11:00:00,R104,34.32,1,1,0,1,1.53,1.53,NORMAL
2026-09-14 11:00:00,R105,34.32,0,0,0,1,0.15,0.15,NORMAL
2026-09-14 11:00:00,R106,34.32,0,0,0,1,0.15,0.15,NORMAL
2026-09-14 11:00:00,R107,34.32,0,0,0,1,0.15,0.15,NORMAL
2026-09-14 11:00:00,R108,34.32,1,1,0,1,2.047,2.047,NORMAL
2026-09-14 11:00:00,R109,34.32,2,1,0,1,1.697,1.697,NORMAL
2026-09-14 11:00:00,R110,34.32,1,1,0,1,1.671,1.671,NORMAL
2026-09-14 11:00:00,R111,34.32,0,0,0,1,0.15,0.15,NORMAL
2026-09-14 11:00:00,R112,34.32,1,1,0,1,1.451,1.451,NORMAL
2026-09-14 11:00:00,R113,34.32,0,0,0,1,0.15,0.15,NORMAL
2026-09-14 11:00:00,R114,34.32,2,1,0,1,1.938,1.938,NORMAL
2026-09-14 11:00:00,R115,34.32,0,0,0,1,0.15,0.15,NORMAL
2026-09-14 11:00:00,R116,34.32,1,1,0,1,1.657,1.657,NORMAL
2026-09-14 11:00:00,R117,34.32,1,1,0,1,1.646,1.646,NORMAL
2026-09-14 11:00:00,R118,34.32,1,1,0,1,1.753,1.753,NORMAL
2026-09-14 11:00:00,R119,34.32,0,0,0,1,0.15,0.15,NORMAL
2026-09-14 11:00:00,R120,34.32,0,0,0,1,0.15,0.15,NORMAL
2026-09-14 12:00:00,R101,36.32,0,0,0,1,0.15,0.15,NORMAL
2026-09-14 12:00:00,R102,36.32,0,0,0,1,0.15,0.15,NORMAL
2026-09-14 12:00:00,R103,36.32,0,0,0,1,0.15,0.15,NORMAL
2026-09-14 12:00:00,R104,36.32,1,1,0,1,1.548,1.548,NORMAL
2026-09-14 12:00:00,R105,36.32,1,1,0,1,1.687,1.687,NORMAL
2026-09-14 12:00:00,R106,36.32,0,0,0,1,0.15,0.15,NORMAL
2026-09-14 12:00:00,R107,36.32,0,0,0,1,0.15,0.15,NORMAL
2026-09-14 12:00:00,R108,36.32,1,1,0,1,1.934,1.934,NORMAL
2026-09-14 12:00:00,R109,36.32,0,0,0,1,0.15,0.15,NORMAL
2026-09-14 12:00:00,R110,36.32,0,0,0,1,0.15,0.15,NORMAL
2026-09-14 12:00:00,R111,36.32,0,0,0,1,0.15,0.15,NORMAL
2026-09-14 12:00:00,R112,36.32,0,0,0,1,0.15,0.15,NORMAL
2026-09-14 12:00:00,R113,36.32,0,0,0,1,0.15,0.15,NORMAL
2026-09-14 12:00:00,R114,36.32,0,0,0,1,0.15,0.15,NORMAL
2026-09-14 12:00:00,R115,36.32,0,0,0,1,0.15,0.15,NORMAL
2026-09-14 12:00:00,R116,36.32,0,0,0,1,0.15,0.15,NORMAL
2026-09-14 12:00:00,R117,36.32,0,0,0,1,0.15,0.15,NORMAL
2026-09-14 12:00:00,R118,36.32,0,0,0,1,0.15,0.15,NORMAL
2026-09-14 12:00:00,R119,36.32,0,0,0,1,0.15,0.15,NORMAL
2026-09-14 12:00:00,R120,36.32,0,0,0,1,0.15,0.15,NORMAL
2026-09-14 13:00:00,R101,32.88,1,1,0,1,2.002,2.002,NORMAL
2026-09-14 13:00:00,R102,32.88,1,1,0,1,1.757,1.757,NORMAL
2026-09-14 13:00:00,R103,32.88,0,0,0,1,0.15,0.15,NORMAL
2026-09-14 13:00:00,R104,32.88,0,0,0,1,0.15,0.15,NORMAL
2026-09-14 13:00:00,R105,32.88,0,0,0,1,0.15,0.15,NORMAL
2026-09-14 13:00:00,R106,32.88,0,0,0,1,0.15,0.15,NORMAL
2026-09-14 13:00:00,R107,32.88,1,1,0,1,1.773,1.773,NORMAL
2026-09-14 13:00:00,R108,32.88,0,0,0,1,0.15,0.15,NORMAL
2026-09-14 13:00:00,R109,32.88,1,1,0,1,1.893,1.893,NORMAL
2026-09-14 13:00:00,R110,32.88,0,0,0,1,0.15,0.15,NORMAL
2026-09-14 13:00:00,R111,32.88,0,0,0,1,0.15,0.15,NORMAL
2026-09-14 13:00:00,R112,32.88,1,1,0,1,1.736,1.736,NORMAL
2026-09-14 13:00:00,R113,32.88,0,0,0,1,0.15,0.15,NORMAL
2026-09-14 13:00:00,R114,32.88,0,0,0,1,0.15,0.15,NORMAL
2026-09-14 13:00:00,R115,32.88,0,0,0,1,0.15,0.15,NORMAL
2026-09-14 13:00:00,R116,32.88,0,0,0,1,0.15,0.15,NORMAL
2026-09-14 13:00:00,R117,32.88,1,1,0,1,1.846,1.846,NORMAL
2026-09-14 13:00:00,R118,32.88,1,1,0,1,1.954,1.954,NORMAL
2026-09-14 13:00:00,R119,32.88,2,1,0,1,2.166,2.166,NORMAL
2026-09-14 13:00:00,R120,32.88,2,1,0,1,1.749,1.749,NORMAL
2026-09-14 14:00:00,R101,35.08,0,0,0,1,0.15,0.15,NORMAL
2026-09-14 14:00:00,R102,35.08,1,1,0,1,1.687,1.687,NORMAL
2026-09-14 14:00:00,R103,35.08,0,0,0,1,0.15,0.15,NORMAL
2026-09-14 14:00:00,R104,35.08,2,1,0,1,1.708,1.708,NORMAL
2026-09-14 14:00:00,R105,35.08,0,0,0,1,0.15,0.15,NORMAL
2026-09-14 14:00:00,R106,35.08,0,0,0,1,0.15,0.15,NORMAL
2026-09-14 14:00:00,R107,35.08,0,0,0,1,0.15,0.15,NORMAL
2026-09-14 14:00:00,R108,35.08,1,1,0,1,1.486,1.486,NORMAL
2026-09-14 14:00:00,R109,35.08,2,1,0,1,1.785,1.785,NORMAL
2026-09-14 14:00:00,R110,35.08,0,0,0,1,0.15,0.15,NORMAL
2026-09-14 14:00:00,R111,35.08,1,1,0,1,1.85,1.85,NORMAL
2026-09-14 14:00:00,R112,35.08,2,1,0,1,1.829,1.829,NORMAL
2026-09-14 14:00:00,R113,35.08,1,1,0,1,1.503,1.503,NORMAL
2026-09-14 14:00:00,R114,35.08,1,1,0,1,1.476,1.476,NORMAL
2026-09-14 14:00:00,R115,35.08,0,0,0,1,0.15,0.15,NORMAL
2026-09-14 14:00:00,R116,35.08,2,1,0,1,2.053,2.053,NORMAL
2026-09-14 14:00:00,R117,35.08,1,1,0,1,1.429,1.429,NORMAL
2026-09-14 14:00:00,R118,35.08,2,1,0,1,1.618,1.618,NORMAL
2026-09-14 14:00:00,R119,35.08,1,1,0,1,1.924,1.924,NORMAL
2026-09-14 14:00:00,R120,35.08,2,1,0,1,1.652,1.652,NORMAL
2026-09-14 15:00:00,R101,34.78,2,1,0,1,1.786,1.786,NORMAL
2026-09-14 15:00:00,R102,34.78,1,1,0,1,1.912,1.912,NORMAL
2026-09-14 15:00:00,R103,34.78,0,0,0,1,0.15,0.15,NORMAL
2026-09-14 15:00:00,R104,34.78,0,0,0,1,0.15,0.15,NORMAL
2026-09-14 15:00:00,R105,34.78,0,0,0,1,0.15,0.15,NORMAL
2026-09-14 15:00:00,R106,34.78,0,0,0,1,0.15,0.15,NORMAL
2026-09-14 15:00:00,R107,34.78,0,0,0,1,0.15,0.15,NORMAL
2026-09-14 15:00:00,R108,34.78,0,0,0,1,0.15,0.15,NORMAL
2026-09-14 15:00:00,R109,34.78,0,0,0,1,0.15,0.15,NORMAL
2026-09-14 15:00:00,R110,34.78,0,0,0,1,0.15,0.15,NORMAL
2026-09-14 15:00:00,R111,34.78,2,1,0,1,1.797,1.797,NORMAL
2026-09-14 15:00:00,R112,34.78,0,0,0,1,0.15,0.15,NORMAL
2026-09-14 15:00:00,R113,34.78,1,1,0,1,1.647,1.647,NORMAL
2026-09-14 15:00:00,R114,34.78,0,0,0,1,0.15,0.15,NORMAL
2026-09-14 15:00:00,R115,34.78,1,1,0,1,1.838,1.838,NORMAL
2026-09-14 15:00:00,R116,34.78,0,0,0,1,0.15,0.15,NORMAL
2026-09-14 15:00:00,R117,34.78,2,1,0,1,1.919,1.919,NORMAL
2026-09-14 15:00:00,R118,34.78,0,0,0,1,0.15,0.15,NORMAL
2026-09-14 15:00:00,R119,34.78,0,0,0,1,0.15,0.15,NORMAL
2026-09-14 15:00:00,R120,34.78,0,0,0,1,0.15,0.15,NORMAL
2026-09-14 16:00:00,R101,31.0,1,1,0,1,1.508,1.508,NORMAL
2026-09-14 16:00:00,R102,31.0,0,0,0,1,0.15,0.15,NORMAL
2026-09-14 16:00:00,R103,31.0,0,0,0,1,0.15,0.15,NORMAL
2026-09-14 16:00:00,R104,31.0,1,1,0,1,1.416,1.416,NORMAL
2026-09-14 16:00:00,R105,31.0,1,1,0,1,1.892,1.892,NORMAL
2026-09-14 16:00:00,R106,31.0,0,0,0,1,0.15,0.15,NORMAL
2026-09-14 16:00:00,R107,31.0,0,0,0,1,0.15,0.15,NORMAL
2026-09-14 16:00:00,R108,31.0,1,1,0,1,1.492,1.492,NORMAL
2026-09-14 16:00:00,R109,31.0,0,0,0,1,0.15,0.15,NORMAL
2026-09-14 16:00:00,R110,31.0,0,0,0,1,0.15,0.15,NORMAL
2026-09-14 16:00:00,R111,31.0,1,1,0,1,1.572,1.572,NORMAL
2026-09-14 16:00:00,R112,31.0,0,0,0,1,0.15,0.15,NORMAL
2026-09-14 16:00:00,R113,31.0,1,1,0,1,1.836,1.836,NORMAL
2026-09-14 16:00:00,R114,31.0,0,1,0,1,1.362,1.362,AC_WASTE
2026-09-14 16:00:00,R115,31.0,2,1,0,1,2.102,2.102,NORMAL
2026-09-14 16:00:00,R116,31.0,0,0,0,1,0.15,0.15,NORMAL
2026-09-14 16:00:00,R117,31.0,0,0,0,1,0.15,0.15,NORMAL
2026-09-14 16:00:00,R118,31.0,1,1,0,1,1.865,1.865,NORMAL
2026-09-14 16:00:00,R119,31.0,0,0,0,1,0.15,0.15,NORMAL
2026-09-14 16:00:00,R120,31.0,0,0,0,1,0.15,0.15,NORMAL
2026-09-14 17:00:00,R101,27.83,1,0,0,1,0.21,0.21,NORMAL
2026-09-14 17:00:00,R102,27.83,0,0,0,1,0.15,0.15,NORMAL
2026-09-14 17:00:00,R103,27.83,1,0,0,1,0.266,0.266,NORMAL
2026-09-14 17:00:00,R104,27.83,1,0,0,1,0.231,0.231,NORMAL
2026-09-14 17:00:00,R105,27.83,2,0,0,1,0.373,0.373,NORMAL
2026-09-14 17:00:00,R106,27.83,1,0,0,1,0.221,0.221,NORMAL
2026-09-14 17:00:00,R107,27.83,1,0,0,1,0.242,0.242,NORMAL
2026-09-14 17:00:00,R108,27.83,2,0,0,1,0.284,0.284,NORMAL
2026-09-14 17:00:00,R109,27.83,1,0,0,1,0.245,0.245,NORMAL
2026-09-14 17:00:00,R110,27.83,2,0,0,1,0.367,0.367,NORMAL
2026-09-14 17:00:00,R111,27.83,2,0,0,1,0.373,0.373,NORMAL
2026-09-14 17:00:00,R112,27.83,2,0,0,1,0.326,0.326,NORMAL
2026-09-14 17:00:00,R113,27.83,0,0,0,1,0.15,0.15,NORMAL
2026-09-14 17:00:00,R114,27.83,1,0,0,1,0.278,0.278,NORMAL
2026-09-14 17:00:00,R115,27.83,1,0,0,1,0.209,0.209,NORMAL
2026-09-14 17:00:00,R116,27.83,1,0,0,1,0.224,0.224,NORMAL
2026-09-14 17:00:00,R117,27.83,2,0,0,1,0.406,0.406,NORMAL
2026-09-14 17:00:00,R118,27.83,1,0,0,1,0.245,0.245,NORMAL
2026-09-14 17:00:00,R119,27.83,1,0,0,1,0.209,0.209,NORMAL
2026-09-14 17:00:00,R120,27.83,1,0,0,1,0.266,0.266,NORMAL
2026-09-14 18:00:00,R101,27.27,1,0,1,1,0.404,0.404,NORMAL
2026-09-14 18:00:00,R102,27.27,1,0,1,1,0.404,0.404,NORMAL
2026-09-14 18:00:00,R103,27.27,1,0,1,1,0.326,0.326,NORMAL
2026-09-14 18:00:00,R104,27.27,1,0,1,1,0.429,0.429,NORMAL
2026-09-14 18:00:00,R105,27.27,1,0,1,1,0.356,0.356,NORMAL
2026-09-14 18:00:00,R106,27.27,1,0,1,1,0.457,0.457,NORMAL
2026-09-14 18:00:00,R107,27.27,2,0,1,1,0.479,0.479,NORMAL
2026-09-14 18:00:00,R108,27.27,2,0,1,1,0.441,0.441,NORMAL
2026-09-14 18:00:00,R109,27.27,2,0,1,1,0.465,0.465,NORMAL
2026-09-14 18:00:00,R110,27.27,2,0,1,1,0.466,0.466,NORMAL
2026-09-14 18:00:00,R111,27.27,2,0,1,1,0.363,0.363,NORMAL
2026-09-14 18:00:00,R112,27.27,1,0,1,1,0.487,0.487,NORMAL
2026-09-14 18:00:00,R113,27.27,2,0,1,1,0.409,0.409,NORMAL
2026-09-14 18:00:00,R114,27.27,2,0,1,1,0.393,0.393,NORMAL
2026-09-14 18:00:00,R115,27.27,2,0,1,1,0.503,0.503,NORMAL
2026-09-14 18:00:00,R116,27.27,0,0,1,1,0.15,0.15,NORMAL
2026-09-14 18:00:00,R117,27.27,1,0,1,1,0.381,0.381,NORMAL
2026-09-14 18:00:00,R118,27.27,2,0,1,1,0.502,0.502,NORMAL
2026-09-14 18:00:00,R119,27.27,1,0,1,1,0.36,0.36,NORMAL
2026-09-14 18:00:00,R120,27.27,0,0,1,1,0.15,0.15,NORMAL
2026-09-14 19:00:00,R101,25.71,1,0,1,1,0.363,0.363,NORMAL
2026-09-14 19:00:00,R102,25.71,1,0,1,1,0.417,0.417,NORMAL
2026-09-14 19:00:00,R103,25.71,1,0,1,1,0.37,0.37,NORMAL
2026-09-14 19:00:00,R104,25.71,2,0,1,1,0.478,0.478,NORMAL
2026-09-14 19:00:00,R105,25.71,1,0,1,1,0.432,0.432,NORMAL
2026-09-14 19:00:00,R106,25.71,0,0,1,1,0.15,0.15,NORMAL
2026-09-14 19:00:00,R107,25.71,1,0,1,1,0.382,0.382,NORMAL
2026-09-14 19:00:00,R108,25.71,1,0,1,1,0.378,0.378,NORMAL
2026-09-14 19:00:00,R109,25.71,2,0,1,1,0.602,0.602,NORMAL
2026-09-14 19:00:00,R110,25.71,2,0,1,1,0.554,0.554,NORMAL
2026-09-14 19:00:00,R111,25.71,2,0,1,1,0.585,0.585,NORMAL
2026-09-14 19:00:00,R112,25.71,1,0,1,1,0.354,0.354,NORMAL
2026-09-14 19:00:00,R113,25.71,1,0,1,1,0.45,0.45,NORMAL
2026-09-14 19:00:00,R114,25.71,0,0,1,1,0.15,0.15,NORMAL
2026-09-14 19:00:00,R115,25.71,2,0,1,1,0.523,0.523,NORMAL
2026-09-14 19:00:00,R116,25.71,1,0,1,1,0.376,0.376,NORMAL
2026-09-14 19:00:00,R117,25.71,2,0,1,1,1.027,1.027,STANDBY_WASTE
2026-09-14 19:00:00,R118,25.71,1,0,1,1,0.328,0.328,NORMAL
2026-09-14 19:00:00,R119,25.71,2,0,1,1,0.432,0.432,NORMAL
2026-09-14 19:00:00,R120,25.71,1,0,1,1,0.362,0.362,NORMAL
2026-09-14 20:00:00,R101,22.68,1,0,1,1,0.392,0.392,NORMAL
2026-09-14 20:00:00,R102,22.68,2,0,1,1,0.556,0.556,NORMAL
2026-09-14 20:00:00,R103,22.68,2,0,1,1,0.39,0.39,NORMAL
2026-09-14 20:00:00,R104,22.68,1,0,1,1,0.446,0.446,NORMAL
2026-09-14 20:00:00,R105,22.68,2,0,1,1,0.415,0.415,NORMAL
2026-09-14 20:00:00,R106,22.68,1,0,1,1,0.367,0.367,NORMAL
2026-09-14 20:00:00,R107,22.68,1,0,1,1,0.386,0.386,NORMAL
2026-09-14 20:00:00,R108,22.68,1,0,1,1,0.386,0.386,NORMAL
2026-09-14 20:00:00,R109,22.68,2,0,1,1,0.414,0.414,NORMAL
2026-09-14 20:00:00,R110,22.68,2,0,1,1,0.517,0.517,NORMAL
2026-09-14 20:00:00,R111,22.68,2,0,1,1,0.527,0.527,NORMAL
2026-09-14 20:00:00,R112,22.68,0,0,1,1,0.15,0.15,NORMAL
2026-09-14 20:00:00,R113,22.68,0,0,1,1,0.15,0.15,NORMAL
2026-09-14 20:00:00,R114,22.68,2,0,1,1,0.416,0.416,NORMAL
2026-09-14 20:00:00,R115,22.68,1,0,1,1,0.355,0.355,NORMAL
2026-09-14 20:00:00,R116,22.68,1,0,1,1,0.359,0.359,NORMAL
2026-09-14 20:00:00,R117,22.68,2,0,1,1,0.413,0.413,NORMAL
2026-09-14 20:00:00,R118,22.68,2,0,1,1,0.416,0.416,NORMAL
2026-09-14 20:00:00,R119,22.68,0,0,1,1,0.15,0.15,NORMAL
2026-09-14 20:00:00,R120,22.68,1,0,1,1,0.375,0.375,NORMAL
2026-09-14 21:00:00,R101,21.75,1,0,1,1,0.352,0.352,NORMAL
2026-09-14 21:00:00,R102,21.75,2,0,1,1,0.558,0.558,NORMAL
2026-09-14 21:00:00,R103,21.75,2,0,1,1,0.434,0.434,NORMAL
2026-09-14 21:00:00,R104,21.75,1,0,1,1,0.449,0.449,NORMAL
2026-09-14 21:00:00,R105,21.75,1,0,1,1,0.311,0.311,NORMAL
2026-09-14 21:00:00,R106,21.75,1,0,1,1,0.476,0.476,NORMAL
2026-09-14 21:00:00,R107,21.75,2,0,1,1,0.448,0.448,NORMAL
2026-09-14 21:00:00,R108,21.75,2,0,1,1,0.398,0.398,NORMAL
2026-09-14 21:00:00,R109,21.75,2,0,1,1,0.52,0.52,NORMAL
2026-09-14 21:00:00,R110,21.75,2,0,1,1,0.584,0.584,NORMAL
2026-09-14 21:00:00,R111,21.75,2,0,1,1,0.523,0.523,NORMAL
2026-09-14 21:00:00,R112,21.75,2,0,1,1,0.511,0.511,NORMAL
2026-09-14 21:00:00,R113,21.75,2,0,1,1,0.454,0.454,NORMAL
2026-09-14 21:00:00,R114,21.75,2,0,1,1,0.567,0.567,NORMAL
2026-09-14 21:00:00,R115,21.75,1,0,1,1,0.398,0.398,NORMAL
2026-09-14 21:00:00,R116,21.75,1,0,1,1,0.381,0.381,NORMAL
2026-09-14 21:00:00,R117,21.75,1,0,1,1,0.408,0.408,NORMAL
2026-09-14 21:00:00,R118,21.75,2,0,1,1,0.522,0.522,NORMAL
2026-09-14 21:00:00,R119,21.75,1,0,1,1,0.407,0.407,NORMAL
2026-09-14 21:00:00,R120,21.75,2,0,1,1,0.427,0.427,NORMAL
2026-09-14 22:00:00,R101,21.27,2,0,1,1,0.528,0.528,NORMAL
2026-09-14 22:00:00,R102,21.27,1,0,1,1,0.361,0.361,NORMAL
2026-09-14 22:00:00,R103,21.27,2,0,1,1,0.501,0.501,NORMAL
2026-09-14 22:00:00,R104,21.27,2,0,1,1,0.411,0.411,NORMAL
2026-09-14 22:00:00,R105,21.27,1,0,1,1,0.405,0.405,NORMAL
2026-09-14 22:00:00,R106,21.27,1,0,1,1,0.421,0.421,NORMAL
2026-09-14 22:00:00,R107,21.27,1,0,1,1,0.386,0.386,NORMAL
2026-09-14 22:00:00,R108,21.27,1,0,1,1,0.358,0.358,NORMAL
2026-09-14 22:00:00,R109,21.27,2,0,1,1,0.463,0.463,NORMAL
2026-09-14 22:00:00,R110,21.27,0,0,1,1,0.15,0.15,NORMAL
2026-09-14 22:00:00,R111,21.27,2,0,1,1,0.517,0.517,NORMAL
2026-09-14 22:00:00,R112,21.27,1,0,1,1,0.418,0.418,NORMAL
2026-09-14 22:00:00,R113,21.27,1,0,1,1,0.287,0.287,NORMAL
2026-09-14 22:00:00,R114,21.27,2,0,1,1,0.462,0.462,NORMAL
2026-09-14 22:00:00,R115,21.27,1,0,1,1,0.358,0.358,NORMAL
2026-09-14 22:00:00,R116,21.27,1,0,1,1,0.309,0.309,NORMAL
2026-09-14 22:00:00,R117,21.27,2,0,1,1,0.467,0.467,NORMAL
2026-09-14 22:00:00,R118,21.27,1,0,1,1,0.377,0.377,NORMAL
2026-09-14 22:00:00,R119,21.27,1,0,1,1,0.39,0.39,NORMAL
2026-09-14 22:00:00,R120,21.27,1,0,1,1,0.362,0.362,NORMAL
2026-09-14 23:00:00,R101,18.38,0,0,1,0,0.15,0.15,NORMAL
2026-09-14 23:00:00,R102,18.38,0,0,1,0,0.15,0.15,NORMAL
2026-09-14 23:00:00,R103,18.38,0,0,1,0,0.15,0.15,NORMAL
2026-09-14 23:00:00,R104,18.38,1,0,1,0,0.312,0.312,NORMAL
2026-09-14 23:00:00,R105,18.38,0,0,1,0,0.15,0.15,NORMAL
2026-09-14 23:00:00,R106,18.38,0,0,1,0,0.15,0.15,NORMAL
2026-09-14 23:00:00,R107,18.38,0,0,1,0,0.15,0.15,NORMAL
2026-09-14 23:00:00,R108,18.38,0,0,1,0,0.15,0.15,NORMAL
2026-09-14 23:00:00,R109,18.38,0,0,1,0,0.15,0.15,NORMAL
2026-09-14 23:00:00,R110,18.38,1,0,1,0,0.395,0.395,NORMAL
2026-09-14 23:00:00,R111,18.38,0,0,1,0,0.15,0.15,NORMAL
2026-09-14 23:00:00,R112,18.38,0,0,1,0,0.15,0.15,NORMAL
2026-09-14 23:00:00,R113,18.38,0,0,1,0,0.15,0.15,NORMAL
2026-09-14 23:00:00,R114,18.38,1,0,1,0,0.479,0.479,NORMAL
2026-09-14 23:00:00,R115,18.38,0,0,1,0,0.15,0.15,NORMAL
2026-09-14 23:00:00,R116,18.38,0,0,1,0,0.15,0.15,NORMAL
2026-09-14 23:00:00,R117,18.38,0,0,1,0,0.15,0.15,NORMAL
2026-09-14 23:00:00,R118,18.38,0,0,1,0,0.15,0.15,NORMAL
2026-09-14 23:00:00,R119,18.38,0,0,1,0,0.15,0.15,NORMAL
2026-09-14 23:00:00,R120,18.38,0,0,1,0,0.15,0.15,NORMAL
2026-09-15 00:00:00,R101,20.27,1,0,1,0,0.322,0.322,NORMAL
2026-09-15 00:00:00,R102,20.27,0,0,1,0,0.15,0.15,NORMAL
2026-09-15 00:00:00,R103,20.27,0,0,1,0,0.15,0.15,NORMAL
2026-09-15 00:00:00,R104,20.27,0,0,1,0,0.15,0.15,NORMAL
2026-09-15 00:00:00,R105,20.27,0,0,1,0,0.15,0.15,NORMAL
2026-09-15 00:00:00,R106,20.27,0,0,1,0,0.15,0.15,NORMAL
2026-09-15 00:00:00,R107,20.27,0,0,1,0,0.15,0.15,NORMAL
2026-09-15 00:00:00,R108,20.27,0,1,1,0,1.329,1.329,AC_WASTE
2026-09-15 00:00:00,R109,20.27,0,0,1,0,0.15,0.15,NORMAL
2026-09-15 00:00:00,R110,20.27,0,0,1,0,0.15,0.15,NORMAL
2026-09-15 00:00:00,R111,20.27,0,0,1,0,0.15,0.15,NORMAL
2026-09-15 00:00:00,R112,20.27,0,0,1,0,0.15,0.15,NORMAL
2026-09-15 00:00:00,R113,20.27,0,0,1,0,0.15,0.15,NORMAL
2026-09-15 00:00:00,R114,20.27,0,0,1,0,0.15,0.15,NORMAL
2026-09-15 00:00:00,R115,20.27,0,0,1,0,0.15,0.15,NORMAL
2026-09-15 00:00:00,R116,20.27,1,0,1,0,0.41,0.41,NORMAL
2026-09-15 00:00:00,R117,20.27,0,0,1,0,0.15,0.15,NORMAL
2026-09-15 00:00:00,R118,20.27,0,0,1,0,0.15,0.15,NORMAL
2026-09-15 00:00:00,R119,20.27,1,0,1,0,0.475,0.475,NORMAL
2026-09-15 00:00:00,R120,20.27,0,0,1,0,0.15,0.15,NORMAL
2026-09-15 01:00:00,R101,19.38,0,0,1,0,0.15,0.15,NORMAL
2026-09-15 01:00:00,R102,19.38,0,0,1,0,0.15,0.15,NORMAL
2026-09-15 01:00:00,R103,19.38,1,0,1,0,0.373,0.373,NORMAL
2026-09-15 01:00:00,R104,19.38,0,0,1,0,0.15,0.15,NORMAL
2026-09-15 01:00:00,R105,19.38,0,0,1,0,0.15,0.15,NORMAL
2026-09-15 01:00:00,R106,19.38,0,0,1,0,0.15,0.15,NORMAL
2026-09-15 01:00:00,R107,19.38,1,0,1,0,0.353,0.353,NORMAL
2026-09-15 01:00:00,R108,19.38,0,0,1,0,0.15,0.15,NORMAL
2026-09-15 01:00:00,R109,19.38,0,0,1,0,0.15,0.15,NORMAL
2026-09-15 01:00:00,R110,19.38,0,0,1,0,0.15,0.15,NORMAL
2026-09-15 01:00:00,R111,19.38,0,0,1,0,0.15,0.15,NORMAL
2026-09-15 01:00:00,R112,19.38,1,0,1,0,0.437,0.437,NORMAL
2026-09-15 01:00:00,R113,19.38,0,0,1,0,0.15,0.15,NORMAL
2026-09-15 01:00:00,R114,19.38,0,0,1,0,0.15,0.15,NORMAL
2026-09-15 01:00:00,R115,19.38,0,1,1,0,1.398,1.398,AC_WASTE
2026-09-15 01:00:00,R116,19.38,0,0,1,0,0.15,0.15,NORMAL
2026-09-15 01:00:00,R117,19.38,0,0,1,0,0.15,0.15,NORMAL
2026-09-15 01:00:00,R118,19.38,0,0,1,0,0.15,0.15,NORMAL
2026-09-15 01:00:00,R119,19.38,1,0,1,0,0.328,0.328,NORMAL
2026-09-15 01:00:00,R120,19.38,0,0,1,0,0.15,0.15,NORMAL
2026-09-15 02:00:00,R101,21.98,0,0,1,0,0.15,0.15,NORMAL
2026-09-15 02:00:00,R102,21.98,0,0,1,0,0.835,0.835,STANDBY_WASTE
2026-09-15 02:00:00,R103,21.98,0,0,1,0,0.15,0.15,NORMAL
2026-09-15 02:00:00,R104,21.98,1,0,1,0,0.297,0.297,NORMAL
2026-09-15 02:00:00,R105,21.98,0,0,1,0,0.15,0.15,NORMAL
2026-09-15 02:00:00,R106,21.98,0,0,1,0,0.15,0.15,NORMAL
2026-09-15 02:00:00,R107,21.98,0,0,1,0,0.15,0.15,NORMAL
2026-09-15 02:00:00,R108,21.98,0,0,1,0,0.15,0.15,NORMAL
2026-09-15 02:00:00,R109,21.98,0,0,1,0,0.15,0.15,NORMAL
2026-09-15 02:00:00,R110,21.98,1,0,1,0,0.411,0.411,NORMAL
2026-09-15 02:00:00,R111,21.98,0,0,1,0,0.15,0.15,NORMAL
2026-09-15 02:00:00,R112,21.98,0,0,1,0,0.15,0.15,NORMAL
2026-09-15 02:00:00,R113,21.98,0,0,1,0,0.15,0.15,NORMAL
2026-09-15 02:00:00,R114,21.98,1,0,1,0,0.33,0.33,NORMAL
2026-09-15 02:00:00,R115,21.98,0,0,1,0,0.15,0.15,NORMAL
2026-09-15 02:00:00,R116,21.98,1,0,1,0,0.37,0.37,NORMAL
2026-09-15 02:00:00,R117,21.98,0,0,1,0,0.15,0.15,NORMAL
2026-09-15 02:00:00,R118,21.98,0,0,1,0,0.15,0.15,NORMAL
2026-09-15 02:00:00,R119,21.98,1,0,1,0,0.411,0.411,NORMAL
2026-09-15 02:00:00,R120,21.98,0,0,1,0,0.15,0.15,NORMAL
2026-09-15 03:00:00,R101,23.08,0,0,1,0,0.15,0.15,NORMAL
2026-09-15 03:00:00,R102,23.08,0,0,1,0,0.15,0.15,NORMAL
2026-09-15 03:00:00,R103,23.08,0,0,1,0,0.15,0.15,NORMAL
2026-09-15 03:00:00,R104,23.08,0,0,1,0,0.15,0.15,NORMAL
2026-09-15 03:00:00,R105,23.08,0,0,1,0,0.15,0.15,NORMAL
2026-09-15 03:00:00,R106,23.08,0,0,1,0,0.15,0.15,NORMAL
2026-09-15 03:00:00,R107,23.08,0,0,1,0,0.15,0.15,NORMAL
2026-09-15 03:00:00,R108,23.08,0,0,1,0,0.15,0.15,NORMAL
2026-09-15 03:00:00,R109,23.08,0,0,1,0,0.15,0.15,NORMAL
2026-09-15 03:00:00,R110,23.08,0,0,1,0,0.15,0.15,NORMAL
2026-09-15 03:00:00,R111,23.08,0,0,1,0,0.15,0.15,NORMAL
2026-09-15 03:00:00,R112,23.08,0,0,1,0,0.15,0.15,NORMAL
2026-09-15 03:00:00,R113,23.08,1,0,1,0,0.371,0.371,NORMAL
2026-09-15 03:00:00,R114,23.08,0,0,1,0,0.15,0.15,NORMAL
2026-09-15 03:00:00,R115,23.08,0,0,1,0,0.15,0.15,NORMAL
2026-09-15 03:00:00,R116,23.08,0,0,1,0,0.15,0.15,NORMAL
2026-09-15 03:00:00,R117,23.08,1,0,1,0,0.332,0.332,NORMAL
2026-09-15 03:00:00,R118,23.08,0,0,1,0,0.15,0.15,NORMAL
2026-09-15 03:00:00,R119,23.08,1,0,1,0,0.351,0.351,NORMAL
2026-09-15 03:00:00,R120,23.08,0,0,1,0,0.15,0.15,NORMAL
2026-09-15 04:00:00,R101,25.75,0,0,1,0,0.15,0.15,NORMAL
2026-09-15 04:00:00,R102,25.75,1,0,1,0,0.409,0.409,NORMAL
2026-09-15 04:00:00,R103,25.75,0,0,1,0,0.15,0.15,NORMAL
2026-09-15 04:00:00,R104,25.75,0,0,1,0,0.15,0.15,NORMAL
2026-09-15 04:00:00,R105,25.75,0,0,1,0,0.15,0.15,NORMAL
2026-09-15 04:00:00,R106,25.75,0,0,1,0,0.15,0.15,NORMAL
2026-09-15 04:00:00,R107,25.75,0,0,1,0,0.15,0.15,NORMAL
2026-09-15 04:00:00,R108,25.75,0,0,1,0,0.15,0.15,NORMAL
2026-09-15 04:00:00,R109,25.75,0,0,1,0,0.15,0.15,NORMAL
2026-09-15 04:00:00,R110,25.75,0,0,1,0,0.15,0.15,NORMAL
2026-09-15 04:00:00,R111,25.75,0,0,1,0,0.15,0.15,NORMAL
2026-09-15 04:00:00,R112,25.75,0,0,1,0,0.15,0.15,NORMAL
2026-09-15 04:00:00,R113,25.75,0,0,1,0,0.15,0.15,NORMAL
2026-09-15 04:00:00,R114,25.75,0,0,1,0,0.15,0.15,NORMAL
2026-09-15 04:00:00,R115,25.75,0,0,1,0,0.15,0.15,NORMAL
2026-09-15 04:00:00,R116,25.75,0,0,1,0,0.15,0.15,NORMAL
2026-09-15 04:00:00,R117,25.75,1,0,1,0,0.378,0.378,NORMAL
2026-09-15 04:00:00,R118,25.75,0,0,1,0,0.15,0.15,NORMAL
2026-09-15 04:00:00,R119,25.75,0,0,1,0,0.15,0.15,NORMAL
2026-09-15 04:00:00,R120,25.75,0,0,1,0,0.15,0.15,NORMAL
2026-09-15 05:00:00,R101,25.68,0,0,1,0,0.15,0.15,NORMAL
2026-09-15 05:00:00,R102,25.68,0,0,1,0,0.15,0.15,NORMAL
2026-09-15 05:00:00,R103,25.68,0,0,1,0,0.15,0.15,NORMAL
2026-09-15 05:00:00,R104,25.68,0,0,1,0,0.15,0.15,NORMAL
2026-09-15 05:00:00,R105,25.68,0,0,1,0,0.15,0.15,NORMAL
2026-09-15 05:00:00,R106,25.68,0,0,1,0,0.15,0.15,NORMAL
2026-09-15 05:00:00,R107,25.68,0,0,1,0,0.15,0.15,NORMAL
2026-09-15 05:00:00,R108,25.68,0,0,1,0,0.15,0.15,NORMAL
2026-09-15 05:00:00,R109,25.68,1,0,1,0,0.359,0.359,NORMAL
2026-09-15 05:00:00,R110,25.68,1,0,1,0,0.395,0.395,NORMAL
2026-09-15 05:00:00,R111,25.68,0,0,1,0,0.15,0.15,NORMAL
2026-09-15 05:00:00,R112,25.68,0,0,1,0,0.15,0.15,NORMAL
2026-09-15 05:00:00,R113,25.68,0,0,1,0,0.15,0.15,NORMAL
2026-09-15 05:00:00,R114,25.68,0,0,1,0,0.15,0.15,NORMAL
2026-09-15 05:00:00,R115,25.68,0,0,1,0,0.15,0.15,NORMAL
2026-09-15 05:00:00,R116,25.68,0,0,1,0,0.15,0.15,NORMAL
2026-09-15 05:00:00,R117,25.68,1,0,1,0,0.316,0.316,NORMAL
2026-09-15 05:00:00,R118,25.68,0,0,1,0,0.15,0.15,NORMAL
2026-09-15 05:00:00,R119,25.68,1,0,1,0,0.378,0.378,NORMAL
2026-09-15 05:00:00,R120,25.68,0,0,1,0,0.15,0.15,NORMAL
2026-09-15 06:00:00,R101,27.22,2,0,0,1,0.415,0.415,NORMAL
2026-09-15 06:00:00,R102,27.22,0,0,0,1,0.15,0.15,NORMAL
2026-09-15 06:00:00,R103,27.22,1,0,0,1,0.21,0.21,NORMAL
2026-09-15 06:00:00,R104,27.22,0,1,0,1,1.465,1.465,AC_WASTE
2026-09-15 06:00:00,R105,27.22,0,0,0,1,0.15,0.15,NORMAL
2026-09-15 06:00:00,R106,27.22,1,0,0,1,0.241,0.241,NORMAL
2026-09-15 06:00:00,R107,27.22,2,0,0,1,0.389,0.389,NORMAL
2026-09-15 06:00:00,R108,27.22,0,0,0,1,0.15,0.15,NORMAL
2026-09-15 06:00:00,R109,27.22,1,0,0,1,0.243,0.243,NORMAL
2026-09-15 06:00:00,R110,27.22,1,0,0,1,0.216,0.216,NORMAL
2026-09-15 06:00:00,R111,27.22,0,0,0,1,0.15,0.15,NORMAL
2026-09-15 06:00:00,R112,27.22,2,0,0,1,0.434,0.434,NORMAL
2026-09-15 06:00:00,R113,27.22,0,0,0,1,0.15,0.15,NORMAL
2026-09-15 06:00:00,R114,27.22,1,0,0,1,0.259,0.259,NORMAL
2026-09-15 06:00:00,R115,27.22,0,0,0,1,0.15,0.15,NORMAL
2026-09-15 06:00:00,R116,27.22,2,0,0,1,0.378,0.378,NORMAL
2026-09-15 06:00:00,R117,27.22,0,0,0,1,0.15,0.15,NORMAL
2026-09-15 06:00:00,R118,27.22,1,0,0,1,0.239,0.239,NORMAL
2026-09-15 06:00:00,R119,27.22,0,0,0,1,0.15,0.15,NORMAL
2026-09-15 06:00:00,R120,27.22,1,0,0,1,0.277,0.277,NORMAL
2026-09-15 07:00:00,R101,30.36,1,1,0,1,1.867,1.867,NORMAL
2026-09-15 07:00:00,R102,30.36,1,1,0,1,1.943,1.943,NORMAL
2026-09-15 07:00:00,R103,30.36,1,1,0,1,1.962,1.962,NORMAL
2026-09-15 07:00:00,R104,30.36,0,0,0,1,0.15,0.15,NORMAL
2026-09-15 07:00:00,R105,30.36,1,1,0,1,2.031,2.031,NORMAL
2026-09-15 07:00:00,R106,30.36,1,1,0,1,1.822,1.822,NORMAL
2026-09-15 07:00:00,R107,30.36,1,1,0,1,1.838,1.838,NORMAL
2026-09-15 07:00:00,R108,30.36,0,0,0,1,0.15,0.15,NORMAL
2026-09-15 07:00:00,R109,30.36,1,1,0,1,1.754,1.754,NORMAL
2026-09-15 07:00:00,R110,30.36,2,1,0,1,2.066,2.066,NORMAL
2026-09-15 07:00:00,R111,30.36,0,0,0,1,0.15,0.15,NORMAL
2026-09-15 07:00:00,R112,30.36,1,1,0,1,1.666,1.666,NORMAL
2026-09-15 07:00:00,R113,30.36,1,1,0,1,1.968,1.968,NORMAL
2026-09-15 07:00:00,R114,30.36,2,1,0,1,2.055,2.055,NORMAL
2026-09-15 07:00:00,R115,30.36,0,0,0,1,0.15,0.15,NORMAL
2026-09-15 07:00:00,R116,30.36,1,1,0,1,2.041,2.041,NORMAL
2026-09-15 07:00:00,R117,30.36,0,0,0,1,0.15,0.15,NORMAL
2026-09-15 07:00:00,R118,30.36,1,1,0,1,1.9,1.9,NORMAL
2026-09-15 07:00:00,R119,30.36,1,1,0,1,1.499,1.499,NORMAL
2026-09-15 07:00:00,R120,30.36,2,1,0,1,1.872,1.872,NORMAL
2026-09-15 08:00:00,R101,30.46,0,0,0,1,0.15,0.15,NORMAL
2026-09-15 08:00:00,R102,30.46,2,1,0,1,2.002,2.002,NORMAL
2026-09-15 08:00:00,R103,30.46,2,1,0,1,2.006,2.006,NORMAL
2026-09-15 08:00:00,R104,30.46,0,0,0,1,0.15,0.15,NORMAL
2026-09-15 08:00:00,R105,30.46,2,1,0,1,1.892,1.892,NORMAL
2026-09-15 08:00:00,R106,30.46,1,1,0,1,1.987,1.987,NORMAL
2026-09-15 08:00:00,R107,30.46,1,1,0,1,1.945,1.945,NORMAL
2026-09-15 08:00:00,R108,30.46,0,0,0,1,0.15,0.15,NORMAL
2026-09-15 08:00:00,R109,30.46,0,0,0,1,0.15,0.15,NORMAL
2026-09-15 08:00:00,R110,30.46,1,1,0,1,1.514,1.514,NORMAL
2026-09-15 08:00:00,R111,30.46,1,1,0,1,1.451,1.451,NORMAL
2026-09-15 08:00:00,R112,30.46,1,1,0,1,1.896,1.896,NORMAL
2026-09-15 08:00:00,R113,30.46,1,1,0,1,1.588,1.588,NORMAL
2026-09-15 08:00:00,R114,30.46,0,0,0,1,0.15,0.15,NORMAL
2026-09-15 08:00:00,R115,30.46,1,1,0,1,1.71,1.71,NORMAL
2026-09-15 08:00:00,R116,30.46,2,1,0,1,2.086,2.086,NORMAL
2026-09-15 08:00:00,R117,30.46,2,1,0,1,1.748,1.748,NORMAL
2026-09-15 08:00:00,R118,30.46,1,1,0,1,1.906,1.906,NORMAL
2026-09-15 08:00:00,R119,30.46,1,1,0,1,1.941,1.941,NORMAL
2026-09-15 08:00:00,R120,30.46,1,1,0,1,1.564,1.564,NORMAL
2026-09-15 09:00:00,R101,32.05,1,1,0,1,1.573,1.573,NORMAL
2026-09-15 09:00:00,R102,32.05,0,0,0,1,0.15,0.15,NORMAL
2026-09-15 09:00:00,R103,32.05,0,0,0,1,0.15,0.15,NORMAL
2026-09-15 09:00:00,R104,32.05,2,1,0,1,1.679,1.679,NORMAL
2026-09-15 09:00:00,R105,32.05,1,1,0,1,2.043,2.043,NORMAL
2026-09-15 09:00:00,R106,32.05,1,1,0,1,1.984,1.984,NORMAL
2026-09-15 09:00:00,R107,32.05,0,0,0,1,0.15,0.15,NORMAL
2026-09-15 09:00:00,R108,32.05,1,1,0,1,1.579,1.579,NORMAL
2026-09-15 09:00:00,R109,32.05,0,1,0,1,1.649,1.649,AC_WASTE
2026-09-15 09:00:00,R110,32.05,0,0,0,1,0.15,0.15,NORMAL
2026-09-15 09:00:00,R111,32.05,0,0,0,1,0.15,0.15,NORMAL
2026-09-15 09:00:00,R112,32.05,1,1,0,1,1.717,1.717,NORMAL
2026-09-15 09:00:00,R113,32.05,0,0,0,1,0.15,0.15,NORMAL
2026-09-15 09:00:00,R114,32.05,1,1,0,1,1.591,1.591,NORMAL
2026-09-15 09:00:00,R115,32.05,1,1,0,1,1.659,1.659,NORMAL
2026-09-15 09:00:00,R116,32.05,1,1,0,1,1.606,1.606,NORMAL
2026-09-15 09:00:00,R117,32.05,1,1,0,1,1.436,1.436,NORMAL
2026-09-15 09:00:00,R118,32.05,1,1,0,1,1.64,1.64,NORMAL
2026-09-15 09:00:00,R119,32.05,1,1,0,1,1.722,1.722,NORMAL
2026-09-15 09:00:00,R120,32.05,2,1,0,1,1.715,1.715,NORMAL
2026-09-15 10:00:00,R101,34.89,0,0,0,1,0.15,0.15,NORMAL
2026-09-15 10:00:00,R102,34.89,1,1,0,1,1.461,1.461,NORMAL
2026-09-15 10:00:00,R103,34.89,0,0,0,1,0.15,0.15,NORMAL
2026-09-15 10:00:00,R104,34.89,0,0,0,1,0.15,0.15,NORMAL
2026-09-15 10:00:00,R105,34.89,0,0,0,1,0.15,0.15,NORMAL
2026-09-15 10:00:00,R106,34.89,1,1,0,1,1.524,1.524,NORMAL
2026-09-15 10:00:00,R107,34.89,0,0,0,1,0.15,0.15,NORMAL
2026-09-15 10:00:00,R108,34.89,0,0,0,1,0.15,0.15,NORMAL
2026-09-15 10:00:00,R109,34.89,0,0,0,1,0.15,0.15,NORMAL
2026-09-15 10:00:00,R110,34.89,2,1,0,1,1.992,1.992,NORMAL
2026-09-15 10:00:00,R111,34.89,1,1,0,1,2.353,2.353,STANDBY_WASTE
2026-09-15 10:00:00,R112,34.89,0,0,0,1,0.15,0.15,NORMAL
2026-09-15 10:00:00,R113,34.89,0,0,0,1,0.15,0.15,NORMAL
2026-09-15 10:00:00,R114,34.89,0,0,0,1,0.15,0.15,NORMAL
2026-09-15 10:00:00,R115,34.89,0,0,0,1,0.15,0.15,NORMAL
2026-09-15 10:00:00,R116,34.89,0,0,0,1,0.15,0.15,NORMAL
2026-09-15 10:00:00,R117,34.89,0,0,0,1,0.15,0.15,NORMAL
2026-09-15 10:00:00,R118,34.89,2,1,0,1,1.808,1.808,NORMAL
2026-09-15 10:00:00,R119,34.89,0,0,0,1,0.15,0.15,NORMAL
2026-09-15 10:00:00,R120,34.89,0,0,0,1,0.15,0.15,NORMAL
2026-09-15 11:00:00,R101,33.75,1,1,0,1,1.556,1.556,NORMAL
2026-09-15 11:00:00,R102,33.75,0,0,0,1,0.15,0.15,NORMAL
2026-09-15 11:00:00,R103,33.75,0,0,0,1,0.15,0.15,NORMAL
2026-09-15 11:00:00,R104,33.75,1,1,0,1,1.469,1.469,NORMAL
2026-09-15 11:00:00,R105,33.75,2,1,0,1,1.725,1.725,NORMAL
2026-09-15 11:00:00,R106,33.75,0,1,0,1,1.506,1.506,AC_WASTE
2026-09-15 11:00:00,R107,33.75,1,1,0,1,1.955,1.955,NORMAL
2026-09-15 11:00:00,R108,33.75,1,1,0,1,1.818,1.818,NORMAL
2026-09-15 11:00:00,R109,33.75,0,0,0,1,0.15,0.15,NORMAL
2026-09-15 11:00:00,R110,33.75,0,0,0,1,0.15,0.15,NORMAL
2026-09-15 11:00:00,R111,33.75,0,0,0,1,0.15,0.15,NORMAL
2026-09-15 11:00:00,R112,33.75,0,0,0,1,0.15,0.15,NORMAL
2026-09-15 11:00:00,R113,33.75,1,1,0,1,1.637,1.637,NORMAL
2026-09-15 11:00:00,R114,33.75,0,0,0,1,0.15,0.15,NORMAL
2026-09-15 11:00:00,R115,33.75,0,0,0,1,0.15,0.15,NORMAL
2026-09-15 11:00:00,R116,33.75,0,0,0,1,0.15,0.15,NORMAL
2026-09-15 11:00:00,R117,33.75,0,0,0,1,0.15,0.15,NORMAL
2026-09-15 11:00:00,R118,33.75,0,0,0,1,0.15,0.15,NORMAL
2026-09-15 11:00:00,R119,33.75,0,0,0,1,0.15,0.15,NORMAL
2026-09-15 11:00:00,R120,33.75,0,0,0,1,0.15,0.15,NORMAL
2026-09-15 12:00:00,R101,33.62,0,0,0,1,0.15,0.15,NORMAL
2026-09-15 12:00:00,R102,33.62,1,1,0,1,1.554,1.554,NORMAL
2026-09-15 12:00:00,R103,33.62,0,0,0,1,0.15,0.15,NORMAL
2026-09-15 12:00:00,R104,33.62,0,0,0,1,0.15,0.15,NORMAL
2026-09-15 12:00:00,R105,33.62,2,1,0,1,1.69,1.69,NORMAL
2026-09-15 12:00:00,R106,33.62,0,0,0,1,0.15,0.15,NORMAL
2026-09-15 12:00:00,R107,33.62,0,0,0,1,0.15,0.15,NORMAL
2026-09-15 12:00:00,R108,33.62,0,0,0,1,0.15,0.15,NORMAL
2026-09-15 12:00:00,R109,33.62,0,0,0,1,0.15,0.15,NORMAL
2026-09-15 12:00:00,R110,33.62,1,1,0,1,1.595,1.595,NORMAL
2026-09-15 12:00:00,R111,33.62,0,0,0,1,0.15,0.15,NORMAL
2026-09-15 12:00:00,R112,33.62,0,0,0,1,0.15,0.15,NORMAL
2026-09-15 12:00:00,R113,33.62,0,0,0,1,0.15,0.15,NORMAL
2026-09-15 12:00:00,R114,33.62,1,1,0,1,1.719,1.719,NORMAL
2026-09-15 12:00:00,R115,33.62,0,0,0,1,0.15,0.15,NORMAL
2026-09-15 12:00:00,R116,33.62,0,0,0,1,0.15,0.15,NORMAL
2026-09-15 12:00:00,R117,33.62,0,0,0,1,0.15,0.15,NORMAL
2026-09-15 12:00:00,R118,33.62,0,0,0,1,0.15,0.15,NORMAL
2026-09-15 12:00:00,R119,33.62,1,1,0,1,1.755,1.755,NORMAL
2026-09-15 12:00:00,R120,33.62,0,0,0,1,0.15,0.15,NORMAL
2026-09-15 13:00:00,R101,33.71,1,1,0,1,1.623,1.623,NORMAL
2026-09-15 13:00:00,R102,33.71,0,0,0,1,0.15,0.15,NORMAL
2026-09-15 13:00:00,R103,33.71,1,1,0,1,1.47,1.47,NORMAL
2026-09-15 13:00:00,R104,33.71,1,1,0,1,1.725,1.725,NORMAL
2026-09-15 13:00:00,R105,33.71,1,1,0,1,1.94,1.94,NORMAL
2026-09-15 13:00:00,R106,33.71,2,1,0,1,2.014,2.014,NORMAL
2026-09-15 13:00:00,R107,33.71,0,0,0,1,0.15,0.15,NORMAL
2026-09-15 13:00:00,R108,33.71,0,0,0,1,0.15,0.15,NORMAL
2026-09-15 13:00:00,R109,33.71,0,0,0,1,0.15,0.15,NORMAL
2026-09-15 13:00:00,R110,33.71,0,0,0,1,0.15,0.15,NORMAL
2026-09-15 13:00:00,R111,33.71,1,1,0,1,1.746,1.746,NORMAL
2026-09-15 13:00:00,R112,33.71,0,0,0,1,0.15,0.15,NORMAL
2026-09-15 13:00:00,R113,33.71,0,0,0,1,0.15,0.15,NORMAL
2026-09-15 13:00:00,R114,33.71,0,0,0,1,0.15,0.15,NORMAL
2026-09-15 13:00:00,R115,33.71,0,0,0,1,0.15,0.15,NORMAL
2026-09-15 13:00:00,R116,33.71,0,0,0,1,0.15,0.15,NORMAL
2026-09-15 13:00:00,R117,33.71,0,1,0,1,1.599,1.599,AC_WASTE
2026-09-15 13:00:00,R118,33.71,0,0,0,1,0.15,0.15,NORMAL
2026-09-15 13:00:00,R119,33.71,0,0,0,1,0.15,0.15,NORMAL
2026-09-15 13:00:00,R120,33.71,0,0,0,1,0.15,0.15,NORMAL
2026-09-15 14:00:00,R101,34.11,2,1,0,1,2.116,2.116,NORMAL
2026-09-15 14:00:00,R102,34.11,1,1,0,1,1.597,1.597,NORMAL
2026-09-15 14:00:00,R103,34.11,0,0,0,1,0.902,0.902,STANDBY_WASTE
2026-09-15 14:00:00,R104,34.11,0,0,0,1,0.15,0.15,NORMAL
2026-09-15 14:00:00,R105,34.11,0,0,0,1,0.15,0.15,NORMAL
2026-09-15 14:00:00,R106,34.11,0,0,0,1,0.15,0.15,NORMAL
2026-09-15 14:00:00,R107,34.11,0,0,0,1,0.15,0.15,NORMAL
2026-09-15 14:00:00,R108,34.11,0,0,0,1,0.15,0.15,NORMAL
2026-09-15 14:00:00,R109,34.11,0,0,0,1,0.15,0.15,NORMAL
2026-09-15 14:00:00,R110,34.11,0,0,0,1,0.15,0.15,NORMAL
2026-09-15 14:00:00,R111,34.11,0,0,0,1,0.15,0.15,NORMAL
2026-09-15 14:00:00,R112,34.11,0,0,0,1,0.15,0.15,NORMAL
2026-09-15 14:00:00,R113,34.11,1,1,0,1,1.653,1.653,NORMAL
2026-09-15 14:00:00,R114,34.11,1,1,0,1,1.655,1.655,NORMAL
2026-09-15 14:00:00,R115,34.11,0,0,0,1,0.15,0.15,NORMAL
2026-09-15 14:00:00,R116,34.11,1,1,0,1,1.841,1.841,NORMAL
2026-09-15 14:00:00,R117,34.11,0,0,0,1,0.15,0.15,NORMAL
2026-09-15 14:00:00,R118,34.11,1,1,0,1,1.866,1.866,NORMAL
2026-09-15 14:00:00,R119,34.11,1,1,0,1,2.002,2.002,NORMAL
2026-09-15 14:00:00,R120,34.11,0,0,0,1,0.15,0.15,NORMAL
2026-09-15 15:00:00,R101,33.72,0,0,0,1,0.15,0.15,NORMAL
2026-09-15 15:00:00,R102,33.72,0,0,0,1,0.15,0.15,NORMAL
2026-09-15 15:00:00,R103,33.72,0,0,0,1,0.15,0.15,NORMAL
2026-09-15 15:00:00,R104,33.72,0,0,0,1,0.15,0.15,NORMAL
2026-09-15 15:00:00,R105,33.72,0,0,0,1,0.15,0.15,NORMAL
2026-09-15 15:00:00,R106,33.72,0,0,0,1,0.15,0.15,NORMAL
2026-09-15 15:00:00,R107,33.72,1,1,0,1,1.902,1.902,NORMAL
2026-09-15 15:00:00,R108,33.72,1,1,0,1,1.772,1.772,NORMAL
2026-09-15 15:00:00,R109,33.72,0,0,0,1,0.15,0.15,NORMAL
2026-09-15 15:00:00,R110,33.72,0,0,0,1,0.15,0.15,NORMAL
2026-09-15 15:00:00,R111,33.72,0,0,0,1,0.15,0.15,NORMAL
2026-09-15 15:00:00,R112,33.72,0,0,0,1,0.15,0.15,NORMAL
2026-09-15 15:00:00,R113,33.72,0,0,0,1,0.15,0.15,NORMAL
2026-09-15 15:00:00,R114,33.72,0,0,0,1,0.15,0.15,NORMAL
2026-09-15 15:00:00,R115,33.72,0,0,0,1,0.15,0.15,NORMAL
2026-09-15 15:00:00,R116,33.72,2,1,0,1,1.609,1.609,NORMAL
2026-09-15 15:00:00,R117,33.72,0,0,0,1,0.15,0.15,NORMAL
2026-09-15 15:00:00,R118,33.72,0,0,0,1,0.15,0.15,NORMAL
2026-09-15 15:00:00,R119,33.72,0,0,0,1,0.15,0.15,NORMAL
2026-09-15 15:00:00,R120,33.72,0,0,0,1,0.15,0.15,NORMAL
2026-09-15 16:00:00,R101,32.68,1,1,0,1,1.535,1.535,NORMAL
2026-09-15 16:00:00,R102,32.68,0,0,0,1,0.15,0.15,NORMAL
2026-09-15 16:00:00,R103,32.68,1,1,0,1,1.686,1.686,NORMAL
2026-09-15 16:00:00,R104,32.68,0,0,0,1,0.15,0.15,NORMAL
2026-09-15 16:00:00,R105,32.68,0,0,0,1,0.15,0.15,NORMAL
2026-09-15 16:00:00,R106,32.68,0,0,0,1,0.15,0.15,NORMAL
2026-09-15 16:00:00,R107,32.68,0,0,0,1,0.15,0.15,NORMAL
2026-09-15 16:00:00,R108,32.68,0,0,0,1,0.15,0.15,NORMAL
2026-09-15 16:00:00,R109,32.68,1,1,0,1,1.748,1.748,NORMAL
2026-09-15 16:00:00,R110,32.68,0,0,0,1,0.15,0.15,NORMAL
2026-09-15 16:00:00,R111,32.68,1,1,0,1,1.423,1.423,NORMAL
2026-09-15 16:00:00,R112,32.68,1,1,0,1,1.826,1.826,NORMAL
2026-09-15 16:00:00,R113,32.68,1,1,0,1,1.509,1.509,NORMAL
2026-09-15 16:00:00,R114,32.68,0,0,0,1,0.15,0.15,NORMAL
2026-09-15 16:00:00,R115,32.68,0,0,0,1,0.15,0.15,NORMAL
2026-09-15 16:00:00,R116,32.68,0,0,0,1,0.15,0.15,NORMAL
2026-09-15 16:00:00,R117,32.68,1,1,0,1,1.948,1.948,NORMAL
2026-09-15 16:00:00,R118,32.68,0,0,0,1,0.15,0.15,NORMAL
2026-09-15 16:00:00,R119,32.68,1,1,0,1,1.854,1.854,NORMAL
2026-09-15 16:00:00,R120,32.68,0,0,0,1,0.15,0.15,NORMAL
2026-09-15 17:00:00,R101,30.1,2,1,0,1,2.066,2.066,NORMAL
2026-09-15 17:00:00,R102,30.1,1,1,0,1,2.009,2.009,NORMAL
2026-09-15 17:00:00,R103,30.1,1,1,0,1,1.473,1.473,NORMAL
2026-09-15 17:00:00,R104,30.1,2,1,0,1,1.607,1.607,NORMAL
2026-09-15 17:00:00,R105,30.1,1,1,0,1,1.931,1.931,NORMAL
2026-09-15 17:00:00,R106,30.1,1,1,0,1,1.891,1.891,NORMAL
2026-09-15 17:00:00,R107,30.1,2,1,0,1,1.705,1.705,NORMAL
2026-09-15 17:00:00,R108,30.1,1,1,0,1,1.564,1.564,NORMAL
2026-09-15 17:00:00,R109,30.1,2,1,0,1,1.623,1.623,NORMAL
2026-09-15 17:00:00,R110,30.1,1,1,0,1,1.89,1.89,NORMAL
2026-09-15 17:00:00,R111,30.1,2,1,0,1,1.615,1.615,NORMAL
2026-09-15 17:00:00,R112,30.1,2,1,0,1,2.158,2.158,NORMAL
2026-09-15 17:00:00,R113,30.1,1,1,0,1,1.862,1.862,NORMAL
2026-09-15 17:00:00,R114,30.1,2,1,0,1,1.814,1.814,NORMAL
2026-09-15 17:00:00,R115,30.1,1,1,0,1,1.756,1.756,NORMAL
2026-09-15 17:00:00,R116,30.1,1,1,0,1,2.042,2.042,NORMAL
2026-09-15 17:00:00,R117,30.1,2,1,0,1,1.662,1.662,NORMAL
2026-09-15 17:00:00,R118,30.1,2,1,0,1,1.878,1.878,NORMAL
2026-09-15 17:00:00,R119,30.1,1,1,0,1,1.531,1.531,NORMAL
2026-09-15 17:00:00,R120,30.1,1,1,0,1,1.732,1.732,NORMAL
2026-09-15 18:00:00,R101,27.32,1,0,1,1,0.458,0.458,NORMAL
2026-09-15 18:00:00,R102,27.32,1,0,1,1,0.403,0.403,NORMAL
2026-09-15 18:00:00,R103,27.32,2,0,1,1,0.455,0.455,NORMAL
2026-09-15 18:00:00,R104,27.32,1,0,1,1,0.396,0.396,NORMAL
2026-09-15 18:00:00,R105,27.32,2,0,1,1,0.444,0.444,NORMAL
2026-09-15 18:00:00,R106,27.32,0,0,1,1,0.15,0.15,NORMAL
2026-09-15 18:00:00,R107,27.32,1,0,1,1,0.382,0.382,NORMAL
2026-09-15 18:00:00,R108,27.32,1,0,1,1,0.375,0.375,NORMAL
2026-09-15 18:00:00,R109,27.32,1,0,1,1,0.353,0.353,NORMAL
2026-09-15 18:00:00,R110,27.32,1,0,1,1,0.377,0.377,NORMAL
2026-09-15 18:00:00,R111,27.32,1,0,1,1,0.38,0.38,NORMAL
2026-09-15 18:00:00,R112,27.32,1,0,1,1,0.397,0.397,NORMAL
2026-09-15 18:00:00,R113,27.32,1,0,1,1,0.33,0.33,NORMAL
2026-09-15 18:00:00,R114,27.32,0,0,1,1,0.15,0.15,NORMAL
2026-09-15 18:00:00,R115,27.32,1,0,1,1,0.319,0.319,NORMAL
2026-09-15 18:00:00,R116,27.32,1,0,1,1,0.465,0.465,NORMAL
2026-09-15 18:00:00,R117,27.32,2,0,1,1,0.465,0.465,NORMAL
2026-09-15 18:00:00,R118,27.32,2,0,1,1,0.585,0.585,NORMAL
2026-09-15 18:00:00,R119,27.32,2,0,1,1,0.539,0.539,NORMAL
2026-09-15 18:00:00,R120,27.32,2,0,1,1,0.429,0.429,NORMAL
2026-09-15 19:00:00,R101,22.79,2,0,1,1,0.6,0.6,NORMAL
2026-09-15 19:00:00,R102,22.79,2,0,1,1,0.643,0.643,NORMAL
2026-09-15 19:00:00,R103,22.79,0,0,1,1,0.15,0.15,NORMAL
2026-09-15 19:00:00,R104,22.79,2,0,1,1,0.492,0.492,NORMAL
2026-09-15 19:00:00,R105,22.79,1,0,1,1,0.413,0.413,NORMAL
2026-09-15 19:00:00,R106,22.79,2,0,1,1,0.583,0.583,NORMAL
2026-09-15 19:00:00,R107,22.79,2,0,1,1,0.407,0.407,NORMAL
2026-09-15 19:00:00,R108,22.79,0,0,1,1,0.15,0.15,NORMAL
2026-09-15 19:00:00,R109,22.79,1,0,1,1,0.312,0.312,NORMAL
2026-09-15 19:00:00,R110,22.79,2,0,1,1,0.505,0.505,NORMAL
2026-09-15 19:00:00,R111,22.79,1,0,1,1,0.417,0.417,NORMAL
2026-09-15 19:00:00,R112,22.79,1,0,1,1,0.386,0.386,NORMAL
2026-09-15 19:00:00,R113,22.79,1,0,1,1,0.352,0.352,NORMAL
2026-09-15 19:00:00,R114,22.79,1,0,1,1,0.423,0.423,NORMAL
2026-09-15 19:00:00,R115,22.79,2,0,1,1,0.623,0.623,NORMAL
2026-09-15 19:00:00,R116,22.79,1,0,1,1,0.427,0.427,NORMAL
2026-09-15 19:00:00,R117,22.79,1,0,1,1,0.383,0.383,NORMAL
2026-09-15 19:00:00,R118,22.79,2,0,1,1,0.427,0.427,NORMAL
2026-09-15 19:00:00,R119,22.79,2,0,1,1,0.442,0.442,NORMAL
2026-09-15 19:00:00,R120,22.79,1,0,1,1,0.416,0.416,NORMAL
2026-09-15 20:00:00,R101,23.97,0,0,1,1,0.15,0.15,NORMAL
2026-09-15 20:00:00,R102,23.97,1,0,1,1,0.406,0.406,NORMAL
2026-09-15 20:00:00,R103,23.97,2,0,1,1,0.466,0.466,NORMAL
2026-09-15 20:00:00,R104,23.97,2,0,1,1,0.468,0.468,NORMAL
2026-09-15 20:00:00,R105,23.97,0,0,1,1,0.15,0.15,NORMAL
2026-09-15 20:00:00,R106,23.97,2,0,1,1,0.555,0.555,NORMAL
2026-09-15 20:00:00,R107,23.97,1,0,1,1,0.416,0.416,NORMAL
2026-09-15 20:00:00,R108,23.97,1,0,1,1,0.354,0.354,NORMAL
2026-09-15 20:00:00,R109,23.97,1,0,1,1,0.383,0.383,NORMAL
2026-09-15 20:00:00,R110,23.97,1,0,1,1,0.424,0.424,NORMAL
2026-09-15 20:00:00,R111,23.97,1,0,1,1,0.327,0.327,NORMAL
2026-09-15 20:00:00,R112,23.97,2,0,1,1,0.537,0.537,NORMAL
2026-09-15 20:00:00,R113,23.97,2,0,1,1,0.394,0.394,NORMAL
2026-09-15 20:00:00,R114,23.97,2,0,1,1,0.597,0.597,NORMAL
2026-09-15 20:00:00,R115,23.97,2,0,1,1,0.51,0.51,NORMAL
2026-09-15 20:00:00,R116,23.97,2,0,1,1,0.569,0.569,NORMAL
2026-09-15 20:00:00,R117,23.97,0,0,1,1,0.15,0.15,NORMAL
2026-09-15 20:00:00,R118,23.97,2,0,1,1,1.11,1.11,STANDBY_WASTE
2026-09-15 20:00:00,R119,23.97,2,0,1,1,0.532,0.532,NORMAL
2026-09-15 20:00:00,R120,23.97,1,0,1,1,0.406,0.406,NORMAL
2026-09-15 21:00:00,R101,19.87,2,0,1,1,0.523,0.523,NORMAL
2026-09-15 21:00:00,R102,19.87,1,0,1,1,0.324,0.324,NORMAL
2026-09-15 21:00:00,R103,19.87,2,0,1,1,0.521,0.521,NORMAL
2026-09-15 21:00:00,R104,19.87,2,0,1,1,0.443,0.443,NORMAL
2026-09-15 21:00:00,R105,19.87,1,0,1,1,0.403,0.403,NORMAL
2026-09-15 21:00:00,R106,19.87,2,0,1,1,0.418,0.418,NORMAL
2026-09-15 21:00:00,R107,19.87,1,0,1,1,0.454,0.454,NORMAL
2026-09-15 21:00:00,R108,19.87,2,0,1,1,0.449,0.449,NORMAL
2026-09-15 21:00:00,R109,19.87,2,0,1,1,0.435,0.435,NORMAL
2026-09-15 21:00:00,R110,19.87,2,0,1,1,0.494,0.494,NORMAL
2026-09-15 21:00:00,R111,19.87,1,0,1,1,0.344,0.344,NORMAL
2026-09-15 21:00:00,R112,19.87,1,0,1,1,0.384,0.384,NORMAL
2026-09-15 21:00:00,R113,19.87,1,0,1,1,0.351,0.351,NORMAL
2026-09-15 21:00:00,R114,19.87,1,0,1,1,0.342,0.342,NORMAL
2026-09-15 21:00:00,R115,19.87,1,0,1,1,0.416,0.416,NORMAL
2026-09-15 21:00:00,R116,19.87,0,1,1,1,1.607,1.607,AC_WASTE
2026-09-15 21:00:00,R117,19.87,1,0,1,1,0.339,0.339,NORMAL
2026-09-15 21:00:00,R118,19.87,1,0,1,1,0.43,0.43,NORMAL
2026-09-15 21:00:00,R119,19.87,1,0,1,1,0.404,0.404,NORMAL
2026-09-15 21:00:00,R120,19.87,2,0,1,1,0.528,0.528,NORMAL
2026-09-15 22:00:00,R101,18.03,1,0,1,1,0.457,0.457,NORMAL
2026-09-15 22:00:00,R102,18.03,2,0,1,1,0.513,0.513,NORMAL
2026-09-15 22:00:00,R103,18.03,0,0,1,1,0.15,0.15,NORMAL
2026-09-15 22:00:00,R104,18.03,1,0,1,1,0.327,0.327,NORMAL
2026-09-15 22:00:00,R105,18.03,1,0,1,1,0.365,0.365,NORMAL
2026-09-15 22:00:00,R106,18.03,1,0,1,1,0.432,0.432,NORMAL
2026-09-15 22:00:00,R107,18.03,1,0,1,1,0.314,0.314,NORMAL
2026-09-15 22:00:00,R108,18.03,2,0,1,1,0.602,0.602,NORMAL
2026-09-15 22:00:00,R109,18.03,1,0,1,1,0.391,0.391,NORMAL
2026-09-15 22:00:00,R110,18.03,2,0,1,1,0.53,0.53,NORMAL
2026-09-15 22:00:00,R111,18.03,2,0,1,1,0.521,0.521,NORMAL
2026-09-15 22:00:00,R112,18.03,1,0,1,1,0.345,0.345,NORMAL
2026-09-15 22:00:00,R113,18.03,2,0,1,1,0.432,0.432,NORMAL
2026-09-15 22:00:00,R114,18.03,2,0,1,1,0.457,0.457,NORMAL
2026-09-15 22:00:00,R115,18.03,2,0,1,1,0.502,0.502,NORMAL
2026-09-15 22:00:00,R116,18.03,1,0,1,1,0.397,0.397,NORMAL
2026-09-15 22:00:00,R117,18.03,0,0,1,1,0.15,0.15,NORMAL
2026-09-15 22:00:00,R118,18.03,0,0,1,1,0.15,0.15,NORMAL
2026-09-15 22:00:00,R119,18.03,1,0,1,1,0.298,0.298,NORMAL
2026-09-15 22:00:00,R120,18.03,2,0,1,1,0.474,0.474,NORMAL
2026-09-15 23:00:00,R101,19.34,1,0,1,0,0.335,0.335,NORMAL
2026-09-15 23:00:00,R102,19.34,0,0,1,0,0.15,0.15,NORMAL
2026-09-15 23:00:00,R103,19.34,1,0,1,0,0.337,0.337,NORMAL
2026-09-15 23:00:00,R104,19.34,0,0,1,0,0.574,0.574,STANDBY_WASTE
2026-09-15 23:00:00,R105,19.34,0,0,1,0,0.15,0.15,NORMAL
2026-09-15 23:00:00,R106,19.34,1,0,1,0,0.335,0.335,NORMAL
2026-09-15 23:00:00,R107,19.34,0,0,1,0,0.15,0.15,NORMAL
2026-09-15 23:00:00,R108,19.34,0,0,1,0,0.15,0.15,NORMAL
2026-09-15 23:00:00,R109,19.34,0,0,1,0,0.15,0.15,NORMAL
2026-09-15 23:00:00,R110,19.34,0,0,1,0,0.15,0.15,NORMAL
2026-09-15 23:00:00,R111,19.34,0,0,1,0,0.15,0.15,NORMAL
2026-09-15 23:00:00,R112,19.34,1,0,1,0,0.365,0.365,NORMAL
2026-09-15 23:00:00,R113,19.34,0,0,1,0,0.15,0.15,NORMAL
2026-09-15 23:00:00,R114,19.34,0,0,1,0,0.15,0.15,NORMAL
2026-09-15 23:00:00,R115,19.34,0,0,1,0,0.15,0.15,NORMAL
2026-09-15 23:00:00,R116,19.34,0,0,1,0,0.15,0.15,NORMAL
2026-09-15 23:00:00,R117,19.34,0,0,1,0,0.15,0.15,NORMAL
2026-09-15 23:00:00,R118,19.34,0,0,1,0,0.15,0.15,NORMAL
2026-09-15 23:00:00,R119,19.34,0,0,1,0,0.15,0.15,NORMAL
2026-09-15 23:00:00,R120,19.34,0,0,1,0,0.15,0.15,NORMAL
2026-09-16 00:00:00,R101,18.05,0,0,1,0,0.15,0.15,NORMAL
2026-09-16 00:00:00,R102,18.05,0,1,1,0,1.584,1.584,AC_WASTE
2026-09-16 00:00:00,R103,18.05,0,0,1,0,0.15,0.15,NORMAL
2026-09-16 00:00:00,R104,18.05,0,0,1,0,0.15,0.15,NORMAL
2026-09-16 00:00:00,R105,18.05,0,0,1,0,0.15,0.15,NORMAL
2026-09-16 00:00:00,R106,18.05,0,0,1,0,0.15,0.15,NORMAL
2026-09-16 00:00:00,R107,18.05,1,0,1,0,0.388,0.388,NORMAL
2026-09-16 00:00:00,R108,18.05,0,0,1,0,0.15,0.15,NORMAL
2026-09-16 00:00:00,R109,18.05,0,0,1,0,0.15,0.15,NORMAL
2026-09-16 00:00:00,R110,18.05,0,0,1,0,0.15,0.15,NORMAL
2026-09-16 00:00:00,R111,18.05,0,0,1,0,0.15,0.15,NORMAL
2026-09-16 00:00:00,R112,18.05,0,0,1,0,0.15,0.15,NORMAL
2026-09-16 00:00:00,R113,18.05,0,0,1,0,0.15,0.15,NORMAL
2026-09-16 00:00:00,R114,18.05,0,0,1,0,0.15,0.15,NORMAL
2026-09-16 00:00:00,R115,18.05,0,0,1,0,0.15,0.15,NORMAL
2026-09-16 00:00:00,R116,18.05,0,0,1,0,0.15,0.15,NORMAL
2026-09-16 00:00:00,R117,18.05,0,0,1,0,0.15,0.15,NORMAL
2026-09-16 00:00:00,R118,18.05,0,0,1,0,0.15,0.15,NORMAL
2026-09-16 00:00:00,R119,18.05,0,0,1,0,0.15,0.15,NORMAL
2026-09-16 00:00:00,R120,18.05,0,0,1,0,0.15,0.15,NORMAL
2026-09-16 01:00:00,R101,20.69,0,0,1,0,0.15,0.15,NORMAL
2026-09-16 01:00:00,R102,20.69,0,0,1,0,0.15,0.15,NORMAL
2026-09-16 01:00:00,R103,20.69,0,0,1,0,0.15,0.15,NORMAL
2026-09-16 01:00:00,R104,20.69,0,0,1,0,0.15,0.15,NORMAL
2026-09-16 01:00:00,R105,20.69,0,0,1,0,0.15,0.15,NORMAL
2026-09-16 01:00:00,R106,20.69,0,0,1,0,0.15,0.15,NORMAL
2026-09-16 01:00:00,R107,20.69,0,0,1,0,0.15,0.15,NORMAL
2026-09-16 01:00:00,R108,20.69,0,0,1,0,0.15,0.15,NORMAL
2026-09-16 01:00:00,R109,20.69,0,0,1,0,0.15,0.15,NORMAL
2026-09-16 01:00:00,R110,20.69,0,0,1,0,0.15,0.15,NORMAL
2026-09-16 01:00:00,R111,20.69,0,0,1,0,0.15,0.15,NORMAL
2026-09-16 01:00:00,R112,20.69,1,0,1,0,0.3,0.3,NORMAL
2026-09-16 01:00:00,R113,20.69,0,0,1,0,0.15,0.15,NORMAL
2026-09-16 01:00:00,R114,20.69,0,0,1,0,0.15,0.15,NORMAL
2026-09-16 01:00:00,R115,20.69,0,0,1,0,0.15,0.15,NORMAL
2026-09-16 01:00:00,R116,20.69,0,0,1,0,0.15,0.15,NORMAL
2026-09-16 01:00:00,R117,20.69,0,0,1,0,0.15,0.15,NORMAL
2026-09-16 01:00:00,R118,20.69,1,0,1,0,0.396,0.396,NORMAL
2026-09-16 01:00:00,R119,20.69,0,0,1,0,0.15,0.15,NORMAL
2026-09-16 01:00:00,R120,20.69,0,0,1,0,0.15,0.15,NORMAL
2026-09-16 02:00:00,R101,19.92,0,0,1,0,0.15,0.15,NORMAL
2026-09-16 02:00:00,R102,19.92,0,0,1,0,0.15,0.15,NORMAL
2026-09-16 02:00:00,R103,19.92,1,0,1,0,0.451,0.451,NORMAL
2026-09-16 02:00:00,R104,19.92,0,1,1,0,1.475,1.475,AC_WASTE
2026-09-16 02:00:00,R105,19.92,0,0,1,0,0.15,0.15,NORMAL
2026-09-16 02:00:00,R106,19.92,0,0,1,0,0.15,0.15,NORMAL
2026-09-16 02:00:00,R107,19.92,0,0,1,0,0.15,0.15,NORMAL
2026-09-16 02:00:00,R108,19.92,1,0,1,0,0.362,0.362,NORMAL
2026-09-16 02:00:00,R109,19.92,0,0,1,0,0.15,0.15,NORMAL
2026-09-16 02:00:00,R110,19.92,0,0,1,0,0.15,0.15,NORMAL
2026-09-16 02:00:00,R111,19.92,0,0,1,0,0.15,0.15,NORMAL
2026-09-16 02:00:00,R112,19.92,1,0,1,0,0.37,0.37,NORMAL
2026-09-16 02:00:00,R113,19.92,0,0,1,0,0.15,0.15,NORMAL
2026-09-16 02:00:00,R114,19.92,0,0,1,0,0.15,0.15,NORMAL
2026-09-16 02:00:00,R115,19.92,0,1,1,0,1.513,1.513,AC_WASTE
2026-09-16 02:00:00,R116,19.92,0,0,1,0,0.15,0.15,NORMAL
2026-09-16 02:00:00,R117,19.92,0,0,1,0,0.15,0.15,NORMAL
2026-09-16 02:00:00,R118,19.92,1,0,1,0,0.398,0.398,NORMAL
2026-09-16 02:00:00,R119,19.92,0,0,1,0,0.15,0.15,NORMAL
2026-09-16 02:00:00,R120,19.92,0,0,1,0,0.15,0.15,NORMAL
2026-09-16 03:00:00,R101,19.96,0,0,1,0,0.15,0.15,NORMAL
2026-09-16 03:00:00,R102,19.96,0,1,1,0,1.472,1.472,AC_WASTE
2026-09-16 03:00:00,R103,19.96,0,0,1,0,0.15,0.15,NORMAL
2026-09-16 03:00:00,R104,19.96,0,0,1,0,0.15,0.15,NORMAL
2026-09-16 03:00:00,R105,19.96,0,0,1,0,0.15,0.15,NORMAL
2026-09-16 03:00:00,R106,19.96,0,0,1,0,0.15,0.15,NORMAL
2026-09-16 03:00:00,R107,19.96,0,0,1,0,0.15,0.15,NORMAL
2026-09-16 03:00:00,R108,19.96,0,0,1,0,0.15,0.15,NORMAL
2026-09-16 03:00:00,R109,19.96,0,0,1,0,0.15,0.15,NORMAL
2026-09-16 03:00:00,R110,19.96,0,0,1,0,0.15,0.15,NORMAL
2026-09-16 03:00:00,R111,19.96,0,0,1,0,0.15,0.15,NORMAL
2026-09-16 03:00:00,R112,19.96,0,0,1,0,0.15,0.15,NORMAL
2026-09-16 03:00:00,R113,19.96,0,0,1,0,0.15,0.15,NORMAL
2026-09-16 03:00:00,R114,19.96,1,0,1,0,0.462,0.462,NORMAL
2026-09-16 03:00:00,R115,19.96,1,0,1,0,0.452,0.452,NORMAL
2026-09-16 03:00:00,R116,19.96,0,0,1,0,0.15,0.15,NORMAL
2026-09-16 03:00:00,R117,19.96,0,0,1,0,0.15,0.15,NORMAL
2026-09-16 03:00:00,R118,19.96,0,0,1,0,0.15,0.15,NORMAL
2026-09-16 03:00:00,R119,19.96,1,0,1,0,0.44,0.44,NORMAL
2026-09-16 03:00:00,R120,19.96,0,0,1,0,0.15,0.15,NORMAL
2026-09-16 04:00:00,R101,25.05,0,0,1,0,0.15,0.15,NORMAL
2026-09-16 04:00:00,R102,25.05,0,0,1,0,0.15,0.15,NORMAL
2026-09-16 04:00:00,R103,25.05,1,0,1,0,0.352,0.352,NORMAL
2026-09-16 04:00:00,R104,25.05,0,0,1,0,0.15,0.15,NORMAL
2026-09-16 04:00:00,R105,25.05,0,0,1,0,0.15,0.15,NORMAL
2026-09-16 04:00:00,R106,25.05,1,0,1,0,0.417,0.417,NORMAL
2026-09-16 04:00:00,R107,25.05,1,0,1,0,0.36,0.36,NORMAL
2026-09-16 04:00:00,R108,25.05,1,0,1,0,0.4,0.4,NORMAL
2026-09-16 04:00:00,R109,25.05,0,0,1,0,0.15,0.15,NORMAL
2026-09-16 04:00:00,R110,25.05,1,0,1,0,0.41,0.41,NORMAL
2026-09-16 04:00:00,R111,25.05,1,0,1,0,0.357,0.357,NORMAL
2026-09-16 04:00:00,R112,25.05,0,0,1,0,0.15,0.15,NORMAL
2026-09-16 04:00:00,R113,25.05,0,0,1,0,0.15,0.15,NORMAL
2026-09-16 04:00:00,R114,25.05,0,0,1,0,0.15,0.15,NORMAL
2026-09-16 04:00:00,R115,25.05,0,0,1,0,0.15,0.15,NORMAL
2026-09-16 04:00:00,R116,25.05,1,0,1,0,0.434,0.434,NORMAL
2026-09-16 04:00:00,R117,25.05,0,0,1,0,0.15,0.15,NORMAL
2026-09-16 04:00:00,R118,25.05,0,0,1,0,0.15,0.15,NORMAL
2026-09-16 04:00:00,R119,25.05,1,0,1,0,0.425,0.425,NORMAL
2026-09-16 04:00:00,R120,25.05,0,0,1,0,0.15,0.15,NORMAL
2026-09-16 05:00:00,R101,24.47,0,0,1,0,0.15,0.15,NORMAL
2026-09-16 05:00:00,R102,24.47,0,0,1,0,0.15,0.15,NORMAL
2026-09-16 05:00:00,R103,24.47,0,0,1,0,0.15,0.15,NORMAL
2026-09-16 05:00:00,R104,24.47,1,0,1,0,0.346,0.346,NORMAL
2026-09-16 05:00:00,R105,24.47,0,0,1,0,0.15,0.15,NORMAL
2026-09-16 05:00:00,R106,24.47,1,0,1,0,0.453,0.453,NORMAL
2026-09-16 05:00:00,R107,24.47,0,0,1,0,0.15,0.15,NORMAL
2026-09-16 05:00:00,R108,24.47,0,0,1,0,0.15,0.15,NORMAL
2026-09-16 05:00:00,R109,24.47,0,0,1,0,0.15,0.15,NORMAL
2026-09-16 05:00:00,R110,24.47,1,0,1,0,0.341,0.341,NORMAL
2026-09-16 05:00:00,R111,24.47,0,0,1,0,0.15,0.15,NORMAL
2026-09-16 05:00:00,R112,24.47,0,0,1,0,0.15,0.15,NORMAL
2026-09-16 05:00:00,R113,24.47,0,0,1,0,0.15,0.15,NORMAL
2026-09-16 05:00:00,R114,24.47,0,0,1,0,0.15,0.15,NORMAL
2026-09-16 05:00:00,R115,24.47,0,0,1,0,0.15,0.15,NORMAL
2026-09-16 05:00:00,R116,24.47,1,0,1,0,0.34,0.34,NORMAL
2026-09-16 05:00:00,R117,24.47,1,0,1,0,0.401,0.401,NORMAL
2026-09-16 05:00:00,R118,24.47,1,0,1,0,0.346,0.346,NORMAL
2026-09-16 05:00:00,R119,24.47,1,0,1,0,0.356,0.356,NORMAL
2026-09-16 05:00:00,R120,24.47,0,0,1,0,0.15,0.15,NORMAL
2026-09-16 06:00:00,R101,27.49,1,0,0,1,0.272,0.272,NORMAL
2026-09-16 06:00:00,R102,27.49,1,0,0,1,0.272,0.272,NORMAL
2026-09-16 06:00:00,R103,27.49,2,0,0,1,0.309,0.309,NORMAL
2026-09-16 06:00:00,R104,27.49,1,0,0,1,0.262,0.262,NORMAL
2026-09-16 06:00:00,R105,27.49,1,0,0,1,0.29,0.29,NORMAL
2026-09-16 06:00:00,R106,27.49,2,0,0,1,0.279,0.279,NORMAL
2026-09-16 06:00:00,R107,27.49,2,0,0,1,0.369,0.369,NORMAL
2026-09-16 06:00:00,R108,27.49,0,0,0,1,0.15,0.15,NORMAL
2026-09-16 06:00:00,R109,27.49,1,0,0,1,0.217,0.217,NORMAL
2026-09-16 06:00:00,R110,27.49,0,0,0,1,0.15,0.15,NORMAL
2026-09-16 06:00:00,R111,27.49,2,0,0,1,0.253,0.253,NORMAL
2026-09-16 06:00:00,R112,27.49,2,0,0,1,0.318,0.318,NORMAL
2026-09-16 06:00:00,R113,27.49,1,0,0,1,0.265,0.265,NORMAL
2026-09-16 06:00:00,R114,27.49,1,0,0,1,0.249,0.249,NORMAL
2026-09-16 06:00:00,R115,27.49,1,0,0,1,0.262,0.262,NORMAL
2026-09-16 06:00:00,R116,27.49,1,0,0,1,0.217,0.217,NORMAL
2026-09-16 06:00:00,R117,27.49,2,0,0,1,0.255,0.255,NORMAL
2026-09-16 06:00:00,R118,27.49,2,0,0,1,0.33,0.33,NORMAL
2026-09-16 06:00:00,R119,27.49,1,0,0,1,0.205,0.205,NORMAL
2026-09-16 06:00:00,R120,27.49,1,0,0,1,0.269,0.269,NORMAL
2026-09-16 07:00:00,R101,29.38,1,1,0,1,1.901,1.901,NORMAL
2026-09-16 07:00:00,R102,29.38,0,0,0,1,0.15,0.15,NORMAL
2026-09-16 07:00:00,R103,29.38,1,1,0,1,2.008,2.008,NORMAL
2026-09-16 07:00:00,R104,29.38,1,1,0,1,1.866,1.866,NORMAL
2026-09-16 07:00:00,R105,29.38,0,0,0,1,0.15,0.15,NORMAL
2026-09-16 07:00:00,R106,29.38,2,1,0,1,1.981,1.981,NORMAL
2026-09-16 07:00:00,R107,29.38,2,1,0,1,1.914,1.914,NORMAL
2026-09-16 07:00:00,R108,29.38,1,1,0,1,1.875,1.875,NORMAL
2026-09-16 07:00:00,R109,29.38,0,0,0,1,0.15,0.15,NORMAL
2026-09-16 07:00:00,R110,29.38,2,1,0,1,1.975,1.975,NORMAL
2026-09-16 07:00:00,R111,29.38,1,1,0,1,1.615,1.615,NORMAL
2026-09-16 07:00:00,R112,29.38,1,1,0,1,1.549,1.549,NORMAL
2026-09-16 07:00:00,R113,29.38,2,1,0,1,1.913,1.913,NORMAL
2026-09-16 07:00:00,R114,29.38,1,1,0,1,1.744,1.744,NORMAL
2026-09-16 07:00:00,R115,29.38,1,1,0,1,1.99,1.99,NORMAL
2026-09-16 07:00:00,R116,29.38,1,1,0,1,1.561,1.561,NORMAL
2026-09-16 07:00:00,R117,29.38,1,1,0,1,1.725,1.725,NORMAL
2026-09-16 07:00:00,R118,29.38,1,1,0,1,1.703,1.703,NORMAL
2026-09-16 07:00:00,R119,29.38,1,1,0,1,1.648,1.648,NORMAL
2026-09-16 07:00:00,R120,29.38,0,0,0,1,0.15,0.15,NORMAL
2026-09-16 08:00:00,R101,29.72,1,1,0,1,1.499,1.499,NORMAL
2026-09-16 08:00:00,R102,29.72,2,1,0,1,1.583,1.583,NORMAL
2026-09-16 08:00:00,R103,29.72,2,1,0,1,1.618,1.618,NORMAL
2026-09-16 08:00:00,R104,29.72,2,1,0,1,2.77,2.77,STANDBY_WASTE
2026-09-16 08:00:00,R105,29.72,2,1,0,1,1.891,1.891,NORMAL
2026-09-16 08:00:00,R106,29.72,0,0,0,1,0.15,0.15,NORMAL
2026-09-16 08:00:00,R107,29.72,1,1,0,1,1.998,1.998,NORMAL
2026-09-16 08:00:00,R108,29.72,0,0,0,1,0.15,0.15,NORMAL
2026-09-16 08:00:00,R109,29.72,1,1,0,1,1.85,1.85,NORMAL
2026-09-16 08:00:00,R110,29.72,2,1,0,1,1.771,1.771,NORMAL
2026-09-16 08:00:00,R111,29.72,1,1,0,1,1.571,1.571,NORMAL
2026-09-16 08:00:00,R112,29.72,1,1,0,1,1.813,1.813,NORMAL
2026-09-16 08:00:00,R113,29.72,0,0,0,1,0.15,0.15,NORMAL
2026-09-16 08:00:00,R114,29.72,1,1,0,1,1.673,1.673,NORMAL
2026-09-16 08:00:00,R115,29.72,0,0,0,1,0.15,0.15,NORMAL
2026-09-16 08:00:00,R116,29.72,1,1,0,1,2.004,2.004,NORMAL
2026-09-16 08:00:00,R117,29.72,1,1,0,1,1.445,1.445,NORMAL
2026-09-16 08:00:00,R118,29.72,0,0,0,1,0.15,0.15,NORMAL
2026-09-16 08:00:00,R119,29.72,1,1,0,1,1.991,1.991,NORMAL
2026-09-16 08:00:00,R120,29.72,0,0,0,1,0.15,0.15,NORMAL
2026-09-16 09:00:00,R101,34.94,0,0,0,1,0.15,0.15,NORMAL
2026-09-16 09:00:00,R102,34.94,0,0,0,1,0.15,0.15,NORMAL
2026-09-16 09:00:00,R103,34.94,1,1,0,1,1.504,1.504,NORMAL
2026-09-16 09:00:00,R104,34.94,0,0,0,1,0.776,0.776,STANDBY_WASTE
2026-09-16 09:00:00,R105,34.94,1,1,0,1,1.459,1.459,NORMAL
2026-09-16 09:00:00,R106,34.94,0,0,0,1,0.15,0.15,NORMAL
2026-09-16 09:00:00,R107,34.94,0,0,0,1,0.15,0.15,NORMAL
2026-09-16 09:00:00,R108,34.94,0,0,0,1,0.15,0.15,NORMAL
2026-09-16 09:00:00,R109,34.94,0,0,0,1,0.15,0.15,NORMAL
2026-09-16 09:00:00,R110,34.94,0,0,0,1,0.15,0.15,NORMAL
2026-09-16 09:00:00,R111,34.94,0,0,0,1,0.15,0.15,NORMAL
2026-09-16 09:00:00,R112,34.94,0,0,0,1,0.15,0.15,NORMAL
2026-09-16 09:00:00,R113,34.94,0,0,0,1,0.15,0.15,NORMAL
2026-09-16 09:00:00,R114,34.94,0,0,0,1,0.15,0.15,NORMAL
2026-09-16 09:00:00,R115,34.94,1,1,0,1,1.452,1.452,NORMAL
2026-09-16 09:00:00,R116,34.94,0,0,0,1,0.15,0.15,NORMAL
2026-09-16 09:00:00,R117,34.94,0,0,0,1,0.15,0.15,NORMAL
2026-09-16 09:00:00,R118,34.94,0,0,0,1,0.15,0.15,NORMAL
2026-09-16 09:00:00,R119,34.94,0,0,0,1,0.15,0.15,NORMAL
2026-09-16 09:00:00,R120,34.94,1,1,0,1,1.707,1.707,NORMAL
2026-09-16 10:00:00,R101,32.03,2,1,0,1,1.798,1.798,NORMAL
2026-09-16 10:00:00,R102,32.03,0,0,0,1,0.15,0.15,NORMAL
2026-09-16 10:00:00,R103,32.03,0,0,0,1,0.15,0.15,NORMAL
2026-09-16 10:00:00,R104,32.03,0,0,0,1,0.15,0.15,NORMAL
2026-09-16 10:00:00,R105,32.03,2,1,0,1,1.848,1.848,NORMAL
2026-09-16 10:00:00,R106,32.03,0,0,0,1,0.15,0.15,NORMAL
2026-09-16 10:00:00,R107,32.03,0,0,0,1,0.15,0.15,NORMAL
2026-09-16 10:00:00,R108,32.03,1,1,0,1,1.575,1.575,NORMAL
2026-09-16 10:00:00,R109,32.03,0,0,0,1,0.15,0.15,NORMAL
2026-09-16 10:00:00,R110,32.03,2,1,0,1,1.612,1.612,NORMAL
2026-09-16 10:00:00,R111,32.03,0,0,0,1,0.15,0.15,NORMAL
2026-09-16 10:00:00,R112,32.03,0,0,0,1,0.15,0.15,NORMAL
2026-09-16 10:00:00,R113,32.03,1,1,0,1,1.44,1.44,NORMAL
2026-09-16 10:00:00,R114,32.03,2,1,0,1,1.549,1.549,NORMAL
2026-09-16 10:00:00,R115,32.03,0,0,0,1,0.15,0.15,NORMAL
2026-09-16 10:00:00,R116,32.03,0,0,0,1,0.15,0.15,NORMAL
2026-09-16 10:00:00,R117,32.03,1,1,0,1,2.031,2.031,NORMAL
2026-09-16 10:00:00,R118,32.03,0,0,0,1,0.15,0.15,NORMAL
2026-09-16 10:00:00,R119,32.03,2,1,0,1,1.722,1.722,NORMAL
2026-09-16 10:00:00,R120,32.03,1,1,0,1,2.046,2.046,NORMAL
2026-09-16 11:00:00,R101,36.19,1,1,0,1,1.826,1.826,NORMAL
2026-09-16 11:00:00,R102,36.19,0,0,0,1,0.15,0.15,NORMAL
2026-09-16 11:00:00,R103,36.19,0,0,0,1,0.15,0.15,NORMAL
2026-09-16 11:00:00,R104,36.19,0,0,0,1,0.15,0.15,NORMAL
2026-09-16 11:00:00,R105,36.19,1,1,0,1,1.505,1.505,NORMAL
2026-09-16 11:00:00,R106,36.19,0,0,0,1,0.15,0.15,NORMAL
2026-09-16 11:00:00,R107,36.19,0,0,0,1,0.15,0.15,NORMAL
2026-09-16 11:00:00,R108,36.19,0,0,0,1,0.15,0.15,NORMAL
2026-09-16 11:00:00,R109,36.19,1,1,0,1,1.668,1.668,NORMAL
2026-09-16 11:00:00,R110,36.19,0,0,0,1,0.15,0.15,NORMAL
2026-09-16 11:00:00,R111,36.19,2,1,0,1,1.795,1.795,NORMAL
2026-09-16 11:00:00,R112,36.19,0,0,0,1,0.15,0.15,NORMAL
2026-09-16 11:00:00,R113,36.19,0,0,0,1,0.15,0.15,NORMAL
2026-09-16 11:00:00,R114,36.19,0,0,0,1,0.15,0.15,NORMAL
2026-09-16 11:00:00,R115,36.19,0,0,0,1,0.15,0.15,NORMAL
2026-09-16 11:00:00,R116,36.19,0,0,0,1,0.15,0.15,NORMAL
2026-09-16 11:00:00,R117,36.19,1,1,0,1,1.926,1.926,NORMAL
2026-09-16 11:00:00,R118,36.19,0,1,0,1,1.566,1.566,AC_WASTE
2026-09-16 11:00:00,R119,36.19,2,1,0,1,1.657,1.657,NORMAL
2026-09-16 11:00:00,R120,36.19,1,1,0,1,1.924,1.924,NORMAL
2026-09-16 12:00:00,R101,31.67,0,0,0,1,0.15,0.15,NORMAL
2026-09-16 12:00:00,R102,31.67,1,1,0,1,1.784,1.784,NORMAL
2026-09-16 12:00:00,R103,31.67,0,0,0,1,0.15,0.15,NORMAL
2026-09-16 12:00:00,R104,31.67,0,0,0,1,0.15,0.15,NORMAL
2026-09-16 12:00:00,R105,31.67,1,1,0,1,1.805,1.805,NORMAL
2026-09-16 12:00:00,R106,31.67,1,1,0,1,1.869,1.869,NORMAL
2026-09-16 12:00:00,R107,31.67,1,1,0,1,1.955,1.955,NORMAL
2026-09-16 12:00:00,R108,31.67,1,1,0,1,1.926,1.926,NORMAL
2026-09-16 12:00:00,R109,31.67,0,0,0,1,0.15,0.15,NORMAL
2026-09-16 12:00:00,R110,31.67,0,0,0,1,0.15,0.15,NORMAL
2026-09-16 12:00:00,R111,31.67,0,0,0,1,0.15,0.15,NORMAL
2026-09-16 12:00:00,R112,31.67,0,0,0,1,0.15,0.15,NORMAL
2026-09-16 12:00:00,R113,31.67,1,1,0,1,1.82,1.82,NORMAL
2026-09-16 12:00:00,R114,31.67,0,0,0,1,0.15,0.15,NORMAL
2026-09-16 12:00:00,R115,31.67,1,1,0,1,1.5,1.5,NORMAL
2026-09-16 12:00:00,R116,31.67,0,0,0,1,0.15,0.15,NORMAL
2026-09-16 12:00:00,R117,31.67,1,1,0,1,1.566,1.566,NORMAL
2026-09-16 12:00:00,R118,31.67,0,0,0,1,0.15,0.15,NORMAL
2026-09-16 12:00:00,R119,31.67,2,1,0,1,2.158,2.158,NORMAL
2026-09-16 12:00:00,R120,31.67,1,1,0,1,1.703,1.703,NORMAL
2026-09-16 13:00:00,R101,34.63,1,1,0,1,1.823,1.823,NORMAL
2026-09-16 13:00:00,R102,34.63,2,1,0,1,1.622,1.622,NORMAL
2026-09-16 13:00:00,R103,34.63,0,0,0,1,0.15,0.15,NORMAL
2026-09-16 13:00:00,R104,34.63,0,0,0,1,0.15,0.15,NORMAL
2026-09-16 13:00:00,R105,34.63,0,0,0,1,0.15,0.15,NORMAL
2026-09-16 13:00:00,R106,34.63,2,1,0,1,1.891,1.891,NORMAL
2026-09-16 13:00:00,R107,34.63,0,0,0,1,0.15,0.15,NORMAL
2026-09-16 13:00:00,R108,34.63,1,1,0,1,1.631,1.631,NORMAL
2026-09-16 13:00:00,R109,34.63,0,0,0,1,0.15,0.15,NORMAL
2026-09-16 13:00:00,R110,34.63,1,1,0,1,1.665,1.665,NORMAL
2026-09-16 13:00:00,R111,34.63,1,1,0,1,2.031,2.031,NORMAL
2026-09-16 13:00:00,R112,34.63,0,0,0,1,0.15,0.15,NORMAL
2026-09-16 13:00:00,R113,34.63,0,0,0,1,0.15,0.15,NORMAL
2026-09-16 13:00:00,R114,34.63,0,0,0,1,0.15,0.15,NORMAL
2026-09-16 13:00:00,R115,34.63,0,0,0,1,0.15,0.15,NORMAL
2026-09-16 13:00:00,R116,34.63,1,1,0,1,1.504,1.504,NORMAL
2026-09-16 13:00:00,R117,34.63,0,0,0,1,0.15,0.15,NORMAL
2026-09-16 13:00:00,R118,34.63,2,1,0,1,2.57,2.57,STANDBY_WASTE
2026-09-16 13:00:00,R119,34.63,2,1,0,1,2.032,2.032,NORMAL
2026-09-16 13:00:00,R120,34.63,0,0,0,1,0.15,0.15,NORMAL
2026-09-16 14:00:00,R101,36.96,0,0,0,1,0.15,0.15,NORMAL
2026-09-16 14:00:00,R102,36.96,0,0,0,1,0.15,0.15,NORMAL
2026-09-16 14:00:00,R103,36.96,1,1,0,1,1.828,1.828,NORMAL
2026-09-16 14:00:00,R104,36.96,0,0,0,1,0.15,0.15,NORMAL
2026-09-16 14:00:00,R105,36.96,1,1,0,1,1.601,1.601,NORMAL
2026-09-16 14:00:00,R106,36.96,0,0,0,1,0.15,0.15,NORMAL
2026-09-16 14:00:00,R107,36.96,0,0,0,1,0.15,0.15,NORMAL
2026-09-16 14:00:00,R108,36.96,1,1,0,1,1.509,1.509,NORMAL
2026-09-16 14:00:00,R109,36.96,0,0,0,1,0.15,0.15,NORMAL
2026-09-16 14:00:00,R110,36.96,1,1,0,1,1.975,1.975,NORMAL
2026-09-16 14:00:00,R111,36.96,0,0,0,1,0.15,0.15,NORMAL
2026-09-16 14:00:00,R112,36.96,0,0,0,1,0.15,0.15,NORMAL
2026-09-16 14:00:00,R113,36.96,0,0,0,1,0.15,0.15,NORMAL
2026-09-16 14:00:00,R114,36.96,1,1,0,1,2.03,2.03,NORMAL
2026-09-16 14:00:00,R115,36.96,1,1,0,1,1.618,1.618,NORMAL
2026-09-16 14:00:00,R116,36.96,0,0,0,1,0.15,0.15,NORMAL
2026-09-16 14:00:00,R117,36.96,1,1,0,1,1.96,1.96,NORMAL
2026-09-16 14:00:00,R118,36.96,2,1,0,1,1.85,1.85,NORMAL
2026-09-16 14:00:00,R119,36.96,0,0,0,1,0.15,0.15,NORMAL
2026-09-16 14:00:00,R120,36.96,1,1,0,1,1.775,1.775,NORMAL
2026-09-16 15:00:00,R101,31.45,2,1,0,1,1.508,1.508,NORMAL
2026-09-16 15:00:00,R102,31.45,1,1,0,1,1.921,1.921,NORMAL
2026-09-16 15:00:00,R103,31.45,1,1,0,1,1.952,1.952,NORMAL
2026-09-16 15:00:00,R104,31.45,1,1,0,1,1.447,1.447,NORMAL
2026-09-16 15:00:00,R105,31.45,0,0,0,1,0.15,0.15,NORMAL
2026-09-16 15:00:00,R106,31.45,0,0,0,1,0.15,0.15,NORMAL
2026-09-16 15:00:00,R107,31.45,0,0,0,1,0.15,0.15,NORMAL
2026-09-16 15:00:00,R108,31.45,0,0,0,1,0.15,0.15,NORMAL
2026-09-16 15:00:00,R109,31.45,2,1,0,1,1.934,1.934,NORMAL
2026-09-16 15:00:00,R110,31.45,1,1,0,1,1.919,1.919,NORMAL
2026-09-16 15:00:00,R111,31.45,0,0,0,1,0.15,0.15,NORMAL
2026-09-16 15:00:00,R112,31.45,2,1,0,1,2.007,2.007,NORMAL
2026-09-16 15:00:00,R113,31.45,0,0,0,1,0.15,0.15,NORMAL
2026-09-16 15:00:00,R114,31.45,0,0,0,1,0.15,0.15,NORMAL
2026-09-16 15:00:00,R115,31.45,2,1,0,1,1.841,1.841,NORMAL
2026-09-16 15:00:00,R116,31.45,0,0,0,1,0.15,0.15,NORMAL
2026-09-16 15:00:00,R117,31.45,0,0,0,1,0.15,0.15,NORMAL
2026-09-16 15:00:00,R118,31.45,1,1,0,1,1.528,1.528,NORMAL
2026-09-16 15:00:00,R119,31.45,0,0,0,1,0.15,0.15,NORMAL
2026-09-16 15:00:00,R120,31.45,0,0,0,1,0.15,0.15,NORMAL
2026-09-16 16:00:00,R101,30.45,0,0,0,1,0.15,0.15,NORMAL
2026-09-16 16:00:00,R102,30.45,1,1,0,1,1.703,1.703,NORMAL
2026-09-16 16:00:00,R103,30.45,1,1,0,1,1.508,1.508,NORMAL
2026-09-16 16:00:00,R104,30.45,0,0,0,1,0.15,0.15,NORMAL
2026-09-16 16:00:00,R105,30.45,1,1,0,1,1.61,1.61,NORMAL
2026-09-16 16:00:00,R106,30.45,0,0,0,1,0.15,0.15,NORMAL
2026-09-16 16:00:00,R107,30.45,2,1,0,1,1.536,1.536,NORMAL
2026-09-16 16:00:00,R108,30.45,1,1,0,1,1.798,1.798,NORMAL
2026-09-16 16:00:00,R109,30.45,0,0,0,1,0.15,0.15,NORMAL
2026-09-16 16:00:00,R110,30.45,1,1,0,1,1.772,1.772,NORMAL
2026-09-16 16:00:00,R111,30.45,0,0,0,1,0.15,0.15,NORMAL
2026-09-16 16:00:00,R112,30.45,1,1,0,1,1.62,1.62,NORMAL
2026-09-16 16:00:00,R113,30.45,0,0,0,1,0.15,0.15,NORMAL
2026-09-16 16:00:00,R114,30.45,0,0,0,1,0.15,0.15,NORMAL
2026-09-16 16:00:00,R115,30.45,2,1,0,1,1.924,1.924,NORMAL
2026-09-16 16:00:00,R116,30.45,0,0,0,1,0.15,0.15,NORMAL
2026-09-16 16:00:00,R117,30.45,1,1,0,1,1.537,1.537,NORMAL
2026-09-16 16:00:00,R118,30.45,0,0,0,1,0.15,0.15,NORMAL
2026-09-16 16:00:00,R119,30.45,0,0,0,1,0.15,0.15,NORMAL
2026-09-16 16:00:00,R120,30.45,0,0,0,1,0.15,0.15,NORMAL
2026-09-16 17:00:00,R101,31.41,2,1,0,1,1.898,1.898,NORMAL
2026-09-16 17:00:00,R102,31.41,0,1,0,1,1.707,1.707,AC_WASTE
2026-09-16 17:00:00,R103,31.41,2,1,0,1,1.885,1.885,NORMAL
2026-09-16 17:00:00,R104,31.41,2,1,0,1,1.89,1.89,NORMAL
2026-09-16 17:00:00,R105,31.41,2,1,0,1,1.589,1.589,NORMAL
2026-09-16 17:00:00,R106,31.41,2,1,0,1,1.863,1.863,NORMAL
2026-09-16 17:00:00,R107,31.41,0,0,0,1,0.15,0.15,NORMAL
2026-09-16 17:00:00,R108,31.41,2,1,0,1,1.683,1.683,NORMAL
2026-09-16 17:00:00,R109,31.41,2,1,0,1,1.73,1.73,NORMAL
2026-09-16 17:00:00,R110,31.41,1,1,0,1,1.988,1.988,NORMAL
2026-09-16 17:00:00,R111,31.41,1,1,0,1,1.431,1.431,NORMAL
2026-09-16 17:00:00,R112,31.41,2,1,0,1,1.667,1.667,NORMAL
2026-09-16 17:00:00,R113,31.41,1,1,0,1,1.969,1.969,NORMAL
2026-09-16 17:00:00,R114,31.41,1,1,0,1,1.829,1.829,NORMAL
2026-09-16 17:00:00,R115,31.41,1,1,0,1,1.478,1.478,NORMAL
2026-09-16 17:00:00,R116,31.41,2,1,0,1,1.944,1.944,NORMAL
2026-09-16 17:00:00,R117,31.41,1,1,0,1,1.465,1.465,NORMAL
2026-09-16 17:00:00,R118,31.41,1,1,0,1,1.608,1.608,NORMAL
2026-09-16 17:00:00,R119,31.41,1,1,0,1,1.831,1.831,NORMAL
2026-09-16 17:00:00,R120,31.41,2,1,0,1,2.086,2.086,NORMAL
2026-09-16 18:00:00,R101,26.18,1,0,1,1,0.375,0.375,NORMAL
2026-09-16 18:00:00,R102,26.18,1,0,1,1,0.451,0.451,NORMAL
2026-09-16 18:00:00,R103,26.18,1,0,1,1,0.381,0.381,NORMAL
2026-09-16 18:00:00,R104,26.18,1,0,1,1,0.49,0.49,NORMAL
2026-09-16 18:00:00,R105,26.18,2,0,1,1,0.448,0.448,NORMAL
2026-09-16 18:00:00,R106,26.18,2,0,1,1,0.551,0.551,NORMAL
2026-09-16 18:00:00,R107,26.18,2,0,1,1,0.623,0.623,NORMAL
2026-09-16 18:00:00,R108,26.18,2,0,1,1,0.473,0.473,NORMAL
2026-09-16 18:00:00,R109,26.18,1,0,1,1,0.404,0.404,NORMAL
2026-09-16 18:00:00,R110,26.18,1,0,1,1,0.398,0.398,NORMAL
2026-09-16 18:00:00,R111,26.18,2,0,1,1,0.443,0.443,NORMAL
2026-09-16 18:00:00,R112,26.18,2,0,1,1,0.492,0.492,NORMAL
2026-09-16 18:00:00,R113,26.18,1,0,1,1,0.315,0.315,NORMAL
2026-09-16 18:00:00,R114,26.18,2,0,1,1,0.556,0.556,NORMAL
2026-09-16 18:00:00,R115,26.18,2,0,1,1,0.517,0.517,NORMAL
2026-09-16 18:00:00,R116,26.18,2,0,1,1,0.46,0.46,NORMAL
2026-09-16 18:00:00,R117,26.18,1,0,1,1,0.32,0.32,NORMAL
2026-09-16 18:00:00,R118,26.18,1,0,1,1,0.466,0.466,NORMAL
2026-09-16 18:00:00,R119,26.18,0,0,1,1,0.86,0.86,STANDBY_WASTE
2026-09-16 18:00:00,R120,26.18,0,0,1,1,0.15,0.15,NORMAL
2026-09-16 19:00:00,R101,23.85,1,0,1,1,0.332,0.332,NORMAL
2026-09-16 19:00:00,R102,23.85,2,0,1,1,0.439,0.439,NORMAL
2026-09-16 19:00:00,R103,23.85,1,0,1,1,0.453,0.453,NORMAL
2026-09-16 19:00:00,R104,23.85,2,0,1,1,0.36,0.36,NORMAL
2026-09-16 19:00:00,R105,23.85,1,0,1,1,0.427,0.427,NORMAL
2026-09-16 19:00:00,R106,23.85,2,0,1,1,0.406,0.406,NORMAL
2026-09-16 19:00:00,R107,23.85,1,0,1,1,0.412,0.412,NORMAL
2026-09-16 19:00:00,R108,23.85,0,0,1,1,0.15,0.15,NORMAL
2026-09-16 19:00:00,R109,23.85,0,1,1,1,1.656,1.656,AC_WASTE
2026-09-16 19:00:00,R110,23.85,2,0,1,1,0.597,0.597,NORMAL
2026-09-16 19:00:00,R111,23.85,2,0,1,1,0.493,0.493,NORMAL
2026-09-16 19:00:00,R112,23.85,1,0,1,1,0.372,0.372,NORMAL
2026-09-16 19:00:00,R113,23.85,1,0,1,1,0.356,0.356,NORMAL
2026-09-16 19:00:00,R114,23.85,1,0,1,1,0.459,0.459,NORMAL
2026-09-16 19:00:00,R115,23.85,2,0,1,1,0.532,0.532,NORMAL
2026-09-16 19:00:00,R116,23.85,1,0,1,1,0.377,0.377,NORMAL
2026-09-16 19:00:00,R117,23.85,2,0,1,1,0.478,0.478,NORMAL
2026-09-16 19:00:00,R118,23.85,1,0,1,1,1.048,1.048,STANDBY_WASTE
2026-09-16 19:00:00,R119,23.85,1,0,1,1,0.364,0.364,NORMAL
2026-09-16 19:00:00,R120,23.85,1,0,1,1,0.315,0.315,NORMAL
2026-09-16 20:00:00,R101,24.04,1,0,1,1,0.334,0.334,NORMAL
2026-09-16 20:00:00,R102,24.04,2,0,1,1,0.536,0.536,NORMAL
2026-09-16 20:00:00,R103,24.04,1,0,1,1,0.465,0.465,NORMAL
2026-09-16 20:00:00,R104,24.04,1,0,1,1,0.329,0.329,NORMAL
2026-09-16 20:00:00,R105,24.04,2,0,1,1,0.481,0.481,NORMAL
2026-09-16 20:00:00,R106,24.04,1,0,1,1,0.405,0.405,NORMAL
2026-09-16 20:00:00,R107,24.04,0,0,1,1,0.15,0.15,NORMAL
2026-09-16 20:00:00,R108,24.04,2,0,1,1,0.494,0.494,NORMAL
2026-09-16 20:00:00,R109,24.04,2,0,1,1,0.501,0.501,NORMAL
2026-09-16 20:00:00,R110,24.04,1,0,1,1,0.421,0.421,NORMAL
2026-09-16 20:00:00,R111,24.04,0,0,1,1,0.15,0.15,NORMAL
2026-09-16 20:00:00,R112,24.04,1,0,1,1,0.458,0.458,NORMAL
2026-09-16 20:00:00,R113,24.04,2,0,1,1,0.552,0.552,NORMAL
2026-09-16 20:00:00,R114,24.04,2,0,1,1,0.501,0.501,NORMAL
2026-09-16 20:00:00,R115,24.04,0,0,1,1,0.15,0.15,NORMAL
2026-09-16 20:00:00,R116,24.04,0,0,1,1,0.15,0.15,NORMAL
2026-09-16 20:00:00,R117,24.04,1,0,1,1,0.406,0.406,NORMAL
2026-09-16 20:00:00,R118,24.04,2,0,1,1,0.442,0.442,NORMAL
2026-09-16 20:00:00,R119,24.04,0,0,1,1,0.15,0.15,NORMAL
2026-09-16 20:00:00,R120,24.04,1,0,1,1,0.364,0.364,NORMAL
2026-09-16 21:00:00,R101,19.73,2,0,1,1,0.577,0.577,NORMAL
2026-09-16 21:00:00,R102,19.73,2,0,1,1,0.359,0.359,NORMAL
2026-09-16 21:00:00,R103,19.73,1,0,1,1,0.317,0.317,NORMAL
2026-09-16 21:00:00,R104,19.73,1,0,1,1,0.366,0.366,NORMAL
2026-09-16 21:00:00,R105,19.73,2,0,1,1,0.497,0.497,NORMAL
2026-09-16 21:00:00,R106,19.73,1,0,1,1,0.318,0.318,NORMAL
2026-09-16 21:00:00,R107,19.73,1,0,1,1,0.42,0.42,NORMAL
2026-09-16 21:00:00,R108,19.73,2,0,1,1,0.622,0.622,NORMAL
2026-09-16 21:00:00,R109,19.73,1,0,1,1,0.435,0.435,NORMAL
2026-09-16 21:00:00,R110,19.73,2,0,1,1,0.562,0.562,NORMAL
2026-09-16 21:00:00,R111,19.73,1,0,1,1,0.399,0.399,NORMAL
2026-09-16 21:00:00,R112,19.73,0,0,1,1,0.15,0.15,NORMAL
2026-09-16 21:00:00,R113,19.73,2,0,1,1,0.433,0.433,NORMAL
2026-09-16 21:00:00,R114,19.73,0,0,1,1,0.15,0.15,NORMAL
2026-09-16 21:00:00,R115,19.73,2,0,1,1,0.613,0.613,NORMAL
2026-09-16 21:00:00,R116,19.73,2,0,1,1,0.501,0.501,NORMAL
2026-09-16 21:00:00,R117,19.73,2,0,1,1,0.466,0.466,NORMAL
2026-09-16 21:00:00,R118,19.73,2,0,1,1,0.544,0.544,NORMAL
2026-09-16 21:00:00,R119,19.73,2,0,1,1,0.504,0.504,NORMAL
2026-09-16 21:00:00,R120,19.73,1,0,1,1,0.365,0.365,NORMAL
2026-09-16 22:00:00,R101,18.91,2,0,1,1,0.502,0.502,NORMAL
2026-09-16 22:00:00,R102,18.91,1,0,1,1,0.439,0.439,NORMAL
2026-09-16 22:00:00,R103,18.91,2,0,1,1,0.509,0.509,NORMAL
2026-09-16 22:00:00,R104,18.91,1,0,1,1,0.344,0.344,NORMAL
2026-09-16 22:00:00,R105,18.91,1,0,1,1,0.442,0.442,NORMAL
2026-09-16 22:00:00,R106,18.91,2,0,1,1,0.426,0.426,NORMAL
2026-09-16 22:00:00,R107,18.91,2,0,1,1,0.518,0.518,NORMAL
2026-09-16 22:00:00,R108,18.91,1,0,1,1,0.437,0.437,NORMAL
2026-09-16 22:00:00,R109,18.91,1,0,1,1,0.435,0.435,NORMAL
2026-09-16 22:00:00,R110,18.91,1,0,1,1,0.424,0.424,NORMAL
2026-09-16 22:00:00,R111,18.91,2,0,1,1,0.539,0.539,NORMAL
2026-09-16 22:00:00,R112,18.91,1,0,1,1,0.443,0.443,NORMAL
2026-09-16 22:00:00,R113,18.91,2,0,1,1,0.528,0.528,NORMAL
2026-09-16 22:00:00,R114,18.91,2,0,1,1,0.619,0.619,NORMAL
2026-09-16 22:00:00,R115,18.91,2,0,1,1,0.42,0.42,NORMAL
2026-09-16 22:00:00,R116,18.91,1,0,1,1,0.417,0.417,NORMAL
2026-09-16 22:00:00,R117,18.91,2,0,1,1,0.559,0.559,NORMAL
2026-09-16 22:00:00,R118,18.91,0,0,1,1,0.15,0.15,NORMAL
2026-09-16 22:00:00,R119,18.91,1,0,1,1,0.371,0.371,NORMAL
2026-09-16 22:00:00,R120,18.91,1,0,1,1,0.359,0.359,NORMAL
2026-09-16 23:00:00,R101,18.55,0,0,1,0,0.15,0.15,NORMAL
2026-09-16 23:00:00,R102,18.55,0,0,1,0,0.15,0.15,NORMAL
2026-09-16 23:00:00,R103,18.55,0,0,1,0,0.15,0.15,NORMAL
2026-09-16 23:00:00,R104,18.55,1,0,1,0,0.396,0.396,NORMAL
2026-09-16 23:00:00,R105,18.55,0,0,1,0,0.15,0.15,NORMAL
2026-09-16 23:00:00,R106,18.55,0,0,1,0,0.15,0.15,NORMAL
2026-09-16 23:00:00,R107,18.55,0,0,1,0,0.15,0.15,NORMAL
2026-09-16 23:00:00,R108,18.55,0,0,1,0,0.15,0.15,NORMAL
2026-09-16 23:00:00,R109,18.55,0,0,1,0,0.15,0.15,NORMAL
2026-09-16 23:00:00,R110,18.55,0,0,1,0,0.15,0.15,NORMAL
2026-09-16 23:00:00,R111,18.55,0,0,1,0,0.15,0.15,NORMAL
2026-09-16 23:00:00,R112,18.55,0,0,1,0,0.15,0.15,NORMAL
2026-09-16 23:00:00,R113,18.55,0,0,1,0,0.15,0.15,NORMAL
2026-09-16 23:00:00,R114,18.55,0,0,1,0,0.15,0.15,NORMAL
2026-09-16 23:00:00,R115,18.55,1,0,1,0,0.399,0.399,NORMAL
2026-09-16 23:00:00,R116,18.55,1,0,1,0,0.451,0.451,NORMAL
2026-09-16 23:00:00,R117,18.55,0,0,1,0,0.15,0.15,NORMAL
2026-09-16 23:00:00,R118,18.55,0,0,1,0,0.15,0.15,NORMAL
2026-09-16 23:00:00,R119,18.55,0,0,1,0,0.15,0.15,NORMAL
2026-09-16 23:00:00,R120,18.55,0,0,1,0,0.15,0.15,NORMAL
2026-09-17 00:00:00,R101,17.54,0,0,1,0,0.15,0.15,NORMAL
2026-09-17 00:00:00,R102,17.54,0,0,1,0,0.15,0.15,NORMAL
2026-09-17 00:00:00,R103,17.54,0,0,1,0,0.15,0.15,NORMAL
2026-09-17 00:00:00,R104,17.54,0,0,1,0,0.15,0.15,NORMAL
2026-09-17 00:00:00,R105,17.54,1,0,1,0,0.326,0.326,NORMAL
2026-09-17 00:00:00,R106,17.54,0,0,1,0,0.15,0.15,NORMAL
2026-09-17 00:00:00,R107,17.54,0,1,1,0,1.791,1.791,AC_WASTE
2026-09-17 00:00:00,R108,17.54,0,0,1,0,0.15,0.15,NORMAL
2026-09-17 00:00:00,R109,17.54,0,0,1,0,0.15,0.15,NORMAL
2026-09-17 00:00:00,R110,17.54,0,0,1,0,0.15,0.15,NORMAL
2026-09-17 00:00:00,R111,17.54,0,0,1,0,0.15,0.15,NORMAL
2026-09-17 00:00:00,R112,17.54,1,0,1,0,0.336,0.336,NORMAL
2026-09-17 00:00:00,R113,17.54,0,0,1,0,0.15,0.15,NORMAL
2026-09-17 00:00:00,R114,17.54,0,0,1,0,0.15,0.15,NORMAL
2026-09-17 00:00:00,R115,17.54,0,0,1,0,0.15,0.15,NORMAL
2026-09-17 00:00:00,R116,17.54,0,0,1,0,0.15,0.15,NORMAL
2026-09-17 00:00:00,R117,17.54,0,0,1,0,0.15,0.15,NORMAL
2026-09-17 00:00:00,R118,17.54,0,0,1,0,0.15,0.15,NORMAL
2026-09-17 00:00:00,R119,17.54,1,0,1,0,0.397,0.397,NORMAL
2026-09-17 00:00:00,R120,17.54,0,0,1,0,0.15,0.15,NORMAL
2026-09-17 01:00:00,R101,18.57,1,0,1,0,0.352,0.352,NORMAL
2026-09-17 01:00:00,R102,18.57,1,0,1,0,0.37,0.37,NORMAL
2026-09-17 01:00:00,R103,18.57,0,0,1,0,0.15,0.15,NORMAL
2026-09-17 01:00:00,R104,18.57,0,0,1,0,0.15,0.15,NORMAL
2026-09-17 01:00:00,R105,18.57,0,0,1,0,0.15,0.15,NORMAL
2026-09-17 01:00:00,R106,18.57,0,0,1,0,0.15,0.15,NORMAL
2026-09-17 01:00:00,R107,18.57,0,0,1,0,0.15,0.15,NORMAL
2026-09-17 01:00:00,R108,18.57,0,0,1,0,0.15,0.15,NORMAL
2026-09-17 01:00:00,R109,18.57,0,0,1,0,0.15,0.15,NORMAL
2026-09-17 01:00:00,R110,18.57,0,0,1,0,0.15,0.15,NORMAL
2026-09-17 01:00:00,R111,18.57,0,0,1,0,0.15,0.15,NORMAL
2026-09-17 01:00:00,R112,18.57,1,0,1,0,0.386,0.386,NORMAL
2026-09-17 01:00:00,R113,18.57,0,0,1,0,0.15,0.15,NORMAL
2026-09-17 01:00:00,R114,18.57,0,0,1,0,0.15,0.15,NORMAL
2026-09-17 01:00:00,R115,18.57,0,0,1,0,0.15,0.15,NORMAL
2026-09-17 01:00:00,R116,18.57,1,0,1,0,0.406,0.406,NORMAL
2026-09-17 01:00:00,R117,18.57,0,0,1,0,0.15,0.15,NORMAL
2026-09-17 01:00:00,R118,18.57,0,0,1,0,0.15,0.15,NORMAL
2026-09-17 01:00:00,R119,18.57,0,0,1,0,0.15,0.15,NORMAL
2026-09-17 01:00:00,R120,18.57,0,0,1,0,0.15,0.15,NORMAL
2026-09-17 02:00:00,R101,19.54,0,0,1,0,0.15,0.15,NORMAL
2026-09-17 02:00:00,R102,19.54,1,0,1,0,0.374,0.374,NORMAL
2026-09-17 02:00:00,R103,19.54,1,0,1,0,0.465,0.465,NORMAL
2026-09-17 02:00:00,R104,19.54,0,0,1,0,0.15,0.15,NORMAL
2026-09-17 02:00:00,R105,19.54,0,0,1,0,0.15,0.15,NORMAL
2026-09-17 02:00:00,R106,19.54,1,0,1,0,0.306,0.306,NORMAL
2026-09-17 02:00:00,R107,19.54,1,0,1,0,0.387,0.387,NORMAL
2026-09-17 02:00:00,R108,19.54,1,0,1,0,0.423,0.423,NORMAL
2026-09-17 02:00:00,R109,19.54,0,0,1,0,0.15,0.15,NORMAL
2026-09-17 02:00:00,R110,19.54,0,0,1,0,0.15,0.15,NORMAL
2026-09-17 02:00:00,R111,19.54,0,0,1,0,0.15,0.15,NORMAL
2026-09-17 02:00:00,R112,19.54,0,1,1,0,1.778,1.778,AC_WASTE
2026-09-17 02:00:00,R113,19.54,0,0,1,0,0.15,0.15,NORMAL
2026-09-17 02:00:00,R114,19.54,0,0,1,0,0.15,0.15,NORMAL
2026-09-17 02:00:00,R115,19.54,0,0,1,0,0.15,0.15,NORMAL
2026-09-17 02:00:00,R116,19.54,0,0,1,0,0.15,0.15,NORMAL
2026-09-17 02:00:00,R117,19.54,0,0,1,0,0.15,0.15,NORMAL
2026-09-17 02:00:00,R118,19.54,0,0,1,0,0.15,0.15,NORMAL
2026-09-17 02:00:00,R119,19.54,0,0,1,0,0.15,0.15,NORMAL
2026-09-17 02:00:00,R120,19.54,0,0,1,0,0.15,0.15,NORMAL
2026-09-17 03:00:00,R101,22.34,0,0,1,0,0.15,0.15,NORMAL
2026-09-17 03:00:00,R102,22.34,0,0,1,0,0.15,0.15,NORMAL
2026-09-17 03:00:00,R103,22.34,0,0,1,0,0.15,0.15,NORMAL
2026-09-17 03:00:00,R104,22.34,0,0,1,0,0.15,0.15,NORMAL
2026-09-17 03:00:00,R105,22.34,0,0,1,0,0.15,0.15,NORMAL
2026-09-17 03:00:00,R106,22.34,0,0,1,0,0.15,0.15,NORMAL
2026-09-17 03:00:00,R107,22.34,0,0,1,0,0.15,0.15,NORMAL
2026-09-17 03:00:00,R108,22.34,0,0,1,0,0.15,0.15,NORMAL
2026-09-17 03:00:00,R109,22.34,1,0,1,0,0.4,0.4,NORMAL
2026-09-17 03:00:00,R110,22.34,0,0,1,0,0.15,0.15,NORMAL
2026-09-17 03:00:00,R111,22.34,0,0,1,0,0.15,0.15,NORMAL
2026-09-17 03:00:00,R112,22.34,1,0,1,0,0.424,0.424,NORMAL
2026-09-17 03:00:00,R113,22.34,1,0,1,0,0.37,0.37,NORMAL
2026-09-17 03:00:00,R114,22.34,0,0,1,0,0.15,0.15,NORMAL
2026-09-17 03:00:00,R115,22.34,0,0,1,0,0.15,0.15,NORMAL
2026-09-17 03:00:00,R116,22.34,0,0,1,0,0.15,0.15,NORMAL
2026-09-17 03:00:00,R117,22.34,1,0,1,0,0.439,0.439,NORMAL
2026-09-17 03:00:00,R118,22.34,0,0,1,0,0.15,0.15,NORMAL
2026-09-17 03:00:00,R119,22.34,0,0,1,0,0.15,0.15,NORMAL
2026-09-17 03:00:00,R120,22.34,0,0,1,0,0.15,0.15,NORMAL
2026-09-17 04:00:00,R101,22.89,0,0,1,0,0.15,0.15,NORMAL
2026-09-17 04:00:00,R102,22.89,0,0,1,0,0.15,0.15,NORMAL
2026-09-17 04:00:00,R103,22.89,0,0,1,0,0.15,0.15,NORMAL
2026-09-17 04:00:00,R104,22.89,0,0,1,0,0.15,0.15,NORMAL
2026-09-17 04:00:00,R105,22.89,0,0,1,0,0.15,0.15,NORMAL
2026-09-17 04:00:00,R106,22.89,0,0,1,0,0.15,0.15,NORMAL
2026-09-17 04:00:00,R107,22.89,0,0,1,0,0.15,0.15,NORMAL
2026-09-17 04:00:00,R108,22.89,0,0,1,0,0.15,0.15,NORMAL
2026-09-17 04:00:00,R109,22.89,0,0,1,0,0.15,0.15,NORMAL
2026-09-17 04:00:00,R110,22.89,0,0,1,0,0.15,0.15,NORMAL
2026-09-17 04:00:00,R111,22.89,0,0,1,0,0.15,0.15,NORMAL
2026-09-17 04:00:00,R112,22.89,0,0,1,0,0.15,0.15,NORMAL
2026-09-17 04:00:00,R113,22.89,1,0,1,0,0.391,0.391,NORMAL
2026-09-17 04:00:00,R114,22.89,0,0,1,0,0.15,0.15,NORMAL
2026-09-17 04:00:00,R115,22.89,0,0,1,0,0.15,0.15,NORMAL
2026-09-17 04:00:00,R116,22.89,0,0,1,0,0.15,0.15,NORMAL
2026-09-17 04:00:00,R117,22.89,1,0,1,0,0.402,0.402,NORMAL
2026-09-17 04:00:00,R118,22.89,0,0,1,0,0.15,0.15,NORMAL
2026-09-17 04:00:00,R119,22.89,0,0,1,0,0.15,0.15,NORMAL
2026-09-17 04:00:00,R120,22.89,0,0,1,0,0.15,0.15,NORMAL
2026-09-17 05:00:00,R101,26.99,0,0,1,0,0.15,0.15,NORMAL
2026-09-17 05:00:00,R102,26.99,1,0,1,0,0.323,0.323,NORMAL
2026-09-17 05:00:00,R103,26.99,0,0,1,0,0.15,0.15,NORMAL
2026-09-17 05:00:00,R104,26.99,1,0,1,0,0.394,0.394,NORMAL
2026-09-17 05:00:00,R105,26.99,0,0,1,0,0.15,0.15,NORMAL
2026-09-17 05:00:00,R106,26.99,0,0,1,0,0.15,0.15,NORMAL
2026-09-17 05:00:00,R107,26.99,0,0,1,0,0.785,0.785,STANDBY_WASTE
2026-09-17 05:00:00,R108,26.99,1,0,1,0,0.438,0.438,NORMAL
2026-09-17 05:00:00,R109,26.99,0,0,1,0,0.15,0.15,NORMAL
2026-09-17 05:00:00,R110,26.99,1,0,1,0,0.314,0.314,NORMAL
2026-09-17 05:00:00,R111,26.99,0,0,1,0,0.15,0.15,NORMAL
2026-09-17 05:00:00,R112,26.99,0,0,1,0,0.15,0.15,NORMAL
2026-09-17 05:00:00,R113,26.99,0,0,1,0,0.15,0.15,NORMAL
2026-09-17 05:00:00,R114,26.99,0,0,1,0,0.15,0.15,NORMAL
2026-09-17 05:00:00,R115,26.99,0,0,1,0,0.15,0.15,NORMAL
2026-09-17 05:00:00,R116,26.99,0,0,1,0,0.15,0.15,NORMAL
2026-09-17 05:00:00,R117,26.99,0,0,1,0,0.15,0.15,NORMAL
2026-09-17 05:00:00,R118,26.99,1,0,1,0,0.41,0.41,NORMAL
2026-09-17 05:00:00,R119,26.99,0,0,1,0,0.15,0.15,NORMAL
2026-09-17 05:00:00,R120,26.99,0,1,1,0,1.727,1.727,AC_WASTE
2026-09-17 06:00:00,R101,26.47,2,0,0,1,0.291,0.291,NORMAL
2026-09-17 06:00:00,R102,26.47,0,1,0,1,1.397,1.397,AC_WASTE
2026-09-17 06:00:00,R103,26.47,1,0,0,1,0.27,0.27,NORMAL
2026-09-17 06:00:00,R104,26.47,2,0,0,1,0.274,0.274,NORMAL
2026-09-17 06:00:00,R105,26.47,1,0,0,1,0.245,0.245,NORMAL
2026-09-17 06:00:00,R106,26.47,0,0,0,1,0.15,0.15,NORMAL
2026-09-17 06:00:00,R107,26.47,1,0,0,1,0.218,0.218,NORMAL
2026-09-17 06:00:00,R108,26.47,1,0,0,1,0.251,0.251,NORMAL
2026-09-17 06:00:00,R109,26.47,2,0,0,1,0.278,0.278,NORMAL
2026-09-17 06:00:00,R110,26.47,0,0,0,1,0.15,0.15,NORMAL
2026-09-17 06:00:00,R111,26.47,1,0,0,1,0.295,0.295,NORMAL
2026-09-17 06:00:00,R112,26.47,0,0,0,1,0.15,0.15,NORMAL
2026-09-17 06:00:00,R113,26.47,1,0,0,1,0.201,0.201,NORMAL
2026-09-17 06:00:00,R114,26.47,1,0,0,1,0.219,0.219,NORMAL
2026-09-17 06:00:00,R115,26.47,1,0,0,1,0.23,0.23,NORMAL
2026-09-17 06:00:00,R116,26.47,1,0,0,1,0.233,0.233,NORMAL
2026-09-17 06:00:00,R117,26.47,2,0,0,1,0.284,0.284,NORMAL
2026-09-17 06:00:00,R118,26.47,0,0,0,1,0.15,0.15,NORMAL
2026-09-17 06:00:00,R119,26.47,0,0,0,1,0.15,0.15,NORMAL
2026-09-17 06:00:00,R120,26.47,1,0,0,1,0.233,0.233,NORMAL
2026-09-17 07:00:00,R101,29.53,2,1,0,1,1.678,1.678,NORMAL
2026-09-17 07:00:00,R102,29.53,0,0,0,1,0.15,0.15,NORMAL
2026-09-17 07:00:00,R103,29.53,2,1,0,1,1.679,1.679,NORMAL
2026-09-17 07:00:00,R104,29.53,1,1,0,1,1.602,1.602,NORMAL
2026-09-17 07:00:00,R105,29.53,1,1,0,1,1.719,1.719,NORMAL
2026-09-17 07:00:00,R106,29.53,2,1,0,1,1.744,1.744,NORMAL
2026-09-17 07:00:00,R107,29.53,0,0,0,1,0.15,0.15,NORMAL
2026-09-17 07:00:00,R108,29.53,0,0,0,1,0.15,0.15,NORMAL
2026-09-17 07:00:00,R109,29.53,0,0,0,1,0.15,0.15,NORMAL
2026-09-17 07:00:00,R110,29.53,1,1,0,1,1.621,1.621,NORMAL
2026-09-17 07:00:00,R111,29.53,1,1,0,1,1.864,1.864,NORMAL
2026-09-17 07:00:00,R112,29.53,2,1,0,1,2.073,2.073,NORMAL
2026-09-17 07:00:00,R113,29.53,0,0,0,1,0.15,0.15,NORMAL
2026-09-17 07:00:00,R114,29.53,2,1,0,1,2.048,2.048,NORMAL
2026-09-17 07:00:00,R115,29.53,0,0,0,1,0.15,0.15,NORMAL
2026-09-17 07:00:00,R116,29.53,0,0,0,1,0.15,0.15,NORMAL
2026-09-17 07:00:00,R117,29.53,1,1,0,1,1.87,1.87,NORMAL
2026-09-17 07:00:00,R118,29.53,1,1,0,1,2.038,2.038,NORMAL
2026-09-17 07:00:00,R119,29.53,0,0,0,1,0.15,0.15,NORMAL
2026-09-17 07:00:00,R120,29.53,1,1,0,1,1.524,1.524,NORMAL
2026-09-17 08:00:00,R101,29.57,2,1,0,1,1.83,1.83,NORMAL
2026-09-17 08:00:00,R102,29.57,1,1,0,1,1.809,1.809,NORMAL
2026-09-17 08:00:00,R103,29.57,1,1,0,1,1.655,1.655,NORMAL
2026-09-17 08:00:00,R104,29.57,2,1,0,1,1.685,1.685,NORMAL
2026-09-17 08:00:00,R105,29.57,0,0,0,1,0.15,0.15,NORMAL
2026-09-17 08:00:00,R106,29.57,1,1,0,1,1.912,1.912,NORMAL
2026-09-17 08:00:00,R107,29.57,1,1,0,1,1.778,1.778,NORMAL
2026-09-17 08:00:00,R108,29.57,1,1,0,1,1.843,1.843,NORMAL
2026-09-17 08:00:00,R109,29.57,2,1,0,1,1.954,1.954,NORMAL
2026-09-17 08:00:00,R110,29.57,2,1,0,1,1.66,1.66,NORMAL
2026-09-17 08:00:00,R111,29.57,1,1,0,1,1.513,1.513,NORMAL
2026-09-17 08:00:00,R112,29.57,1,1,0,1,1.942,1.942,NORMAL
2026-09-17 08:00:00,R113,29.57,2,1,0,1,1.758,1.758,NORMAL
2026-09-17 08:00:00,R114,29.57,1,1,0,1,1.624,1.624,NORMAL
2026-09-17 08:00:00,R115,29.57,1,1,0,1,1.533,1.533,NORMAL
2026-09-17 08:00:00,R116,29.57,2,1,0,1,1.641,1.641,NORMAL
2026-09-17 08:00:00,R117,29.57,0,0,0,1,0.15,0.15,NORMAL
2026-09-17 08:00:00,R118,29.57,0,0,0,1,0.15,0.15,NORMAL
2026-09-17 08:00:00,R119,29.57,2,1,0,1,2.116,2.116,NORMAL
2026-09-17 08:00:00,R120,29.57,1,1,0,1,1.705,1.705,NORMAL
2026-09-17 09:00:00,R101,32.53,2,1,0,1,2.125,2.125,NORMAL
2026-09-17 09:00:00,R102,32.53,0,0,0,1,0.15,0.15,NORMAL
2026-09-17 09:00:00,R103,32.53,0,0,0,1,0.15,0.15,NORMAL
2026-09-17 09:00:00,R104,32.53,0,0,0,1,0.15,0.15,NORMAL
2026-09-17 09:00:00,R105,32.53,0,0,0,1,0.15,0.15,NORMAL
2026-09-17 09:00:00,R106,32.53,1,1,0,1,1.948,1.948,NORMAL
2026-09-17 09:00:00,R107,32.53,0,0,0,1,0.15,0.15,NORMAL
2026-09-17 09:00:00,R108,32.53,0,0,0,1,0.15,0.15,NORMAL
2026-09-17 09:00:00,R109,32.53,0,0,0,1,0.15,0.15,NORMAL
2026-09-17 09:00:00,R110,32.53,0,0,0,1,0.15,0.15,NORMAL
2026-09-17 09:00:00,R111,32.53,2,1,0,1,1.889,1.889,NORMAL
2026-09-17 09:00:00,R112,32.53,0,0,0,1,0.15,0.15,NORMAL
2026-09-17 09:00:00,R113,32.53,1,1,0,1,1.994,1.994,NORMAL
2026-09-17 09:00:00,R114,32.53,0,0,0,1,0.15,0.15,NORMAL
2026-09-17 09:00:00,R115,32.53,0,0,0,1,0.15,0.15,NORMAL
2026-09-17 09:00:00,R116,32.53,0,0,0,1,0.15,0.15,NORMAL
2026-09-17 09:00:00,R117,32.53,0,0,0,1,0.15,0.15,NORMAL
2026-09-17 09:00:00,R118,32.53,0,0,0,1,0.15,0.15,NORMAL
2026-09-17 09:00:00,R119,32.53,0,0,0,1,0.15,0.15,NORMAL
2026-09-17 09:00:00,R120,32.53,1,1,0,1,1.547,1.547,NORMAL
2026-09-17 10:00:00,R101,36.33,0,0,0,1,0.15,0.15,NORMAL
2026-09-17 10:00:00,R102,36.33,1,1,0,1,1.759,1.759,NORMAL
2026-09-17 10:00:00,R103,36.33,0,0,0,1,0.15,0.15,NORMAL
2026-09-17 10:00:00,R104,36.33,0,0,0,1,0.15,0.15,NORMAL
2026-09-17 10:00:00,R105,36.33,1,1,0,1,1.88,1.88,NORMAL
2026-09-17 10:00:00,R106,36.33,1,1,0,1,1.901,1.901,NORMAL
2026-09-17 10:00:00,R107,36.33,0,0,0,1,0.15,0.15,NORMAL
2026-09-17 10:00:00,R108,36.33,1,1,0,1,1.649,1.649,NORMAL
2026-09-17 10:00:00,R109,36.33,1,1,0,1,1.985,1.985,STANDBY_WASTE
2026-09-17 10:00:00,R110,36.33,1,1,0,1,1.982,1.982,NORMAL
2026-09-17 10:00:00,R111,36.33,2,1,0,1,2.009,2.009,NORMAL
2026-09-17 10:00:00,R112,36.33,1,1,0,1,1.857,1.857,NORMAL
2026-09-17 10:00:00,R113,36.33,2,1,0,1,1.472,1.472,NORMAL
2026-09-17 10:00:00,R114,36.33,1,1,0,1,1.507,1.507,NORMAL
2026-09-17 10:00:00,R115,36.33,1,1,0,1,2.012,2.012,NORMAL
2026-09-17 10:00:00,R116,36.33,0,0,0,1,0.15,0.15,NORMAL
2026-09-17 10:00:00,R117,36.33,0,0,0,1,0.15,0.15,NORMAL
2026-09-17 10:00:00,R118,36.33,0,0,0,1,0.15,0.15,NORMAL
2026-09-17 10:00:00,R119,36.33,1,1,0,1,1.737,1.737,NORMAL
2026-09-17 10:00:00,R120,36.33,2,1,0,1,2.057,2.057,NORMAL
2026-09-17 11:00:00,R101,34.41,1,1,0,1,1.598,1.598,NORMAL
2026-09-17 11:00:00,R102,34.41,0,0,0,1,0.15,0.15,NORMAL
2026-09-17 11:00:00,R103,34.41,0,0,0,1,0.15,0.15,NORMAL
2026-09-17 11:00:00,R104,34.41,0,0,0,1,0.15,0.15,NORMAL
2026-09-17 11:00:00,R105,34.41,1,1,0,1,1.456,1.456,NORMAL
2026-09-17 11:00:00,R106,34.41,0,0,0,1,0.15,0.15,NORMAL
2026-09-17 11:00:00,R107,34.41,0,0,0,1,0.15,0.15,NORMAL
2026-09-17 11:00:00,R108,34.41,1,1,0,1,1.5,1.5,NORMAL
2026-09-17 11:00:00,R109,34.41,1,1,0,1,1.669,1.669,NORMAL
2026-09-17 11:00:00,R110,34.41,1,1,0,1,1.933,1.933,NORMAL
2026-09-17 11:00:00,R111,34.41,2,1,0,1,2.0,2.0,NORMAL
2026-09-17 11:00:00,R112,34.41,0,0,0,1,0.15,0.15,NORMAL
2026-09-17 11:00:00,R113,34.41,0,0,0,1,0.15,0.15,NORMAL
2026-09-17 11:00:00,R114,34.41,0,0,0,1,0.15,0.15,NORMAL
2026-09-17 11:00:00,R115,34.41,0,0,0,1,0.15,0.15,NORMAL
2026-09-17 11:00:00,R116,34.41,0,0,0,1,0.15,0.15,NORMAL
2026-09-17 11:00:00,R117,34.41,1,1,0,1,1.597,1.597,NORMAL
2026-09-17 11:00:00,R118,34.41,0,0,0,1,0.15,0.15,NORMAL
2026-09-17 11:00:00,R119,34.41,1,1,0,1,1.507,1.507,NORMAL
2026-09-17 11:00:00,R120,34.41,1,1,0,1,1.541,1.541,NORMAL
2026-09-17 12:00:00,R101,34.8,0,0,0,1,0.15,0.15,NORMAL
2026-09-17 12:00:00,R102,34.8,0,0,0,1,0.15,0.15,NORMAL
2026-09-17 12:00:00,R103,34.8,2,1,0,1,1.794,1.794,NORMAL
2026-09-17 12:00:00,R104,34.8,1,1,0,1,1.924,1.924,NORMAL
2026-09-17 12:00:00,R105,34.8,0,0,0,1,0.15,0.15,NORMAL
2026-09-17 12:00:00,R106,34.8,1,1,0,1,2.009,2.009,NORMAL
2026-09-17 12:00:00,R107,34.8,0,0,0,1,0.15,0.15,NORMAL
2026-09-17 12:00:00,R108,34.8,1,1,0,1,1.731,1.731,NORMAL
2026-09-17 12:00:00,R109,34.8,2,1,0,1,1.801,1.801,NORMAL
2026-09-17 12:00:00,R110,34.8,1,1,0,1,1.467,1.467,NORMAL
2026-09-17 12:00:00,R111,34.8,1,1,0,1,1.718,1.718,NORMAL
2026-09-17 12:00:00,R112,34.8,1,1,0,1,1.854,1.854,NORMAL
2026-09-17 12:00:00,R113,34.8,1,1,0,1,1.681,1.681,NORMAL
2026-09-17 12:00:00,R114,34.8,1,1,0,1,1.628,1.628,NORMAL
2026-09-17 12:00:00,R115,34.8,0,0,0,1,0.15,0.15,NORMAL
2026-09-17 12:00:00,R116,34.8,0,0,0,1,0.15,0.15,NORMAL
2026-09-17 12:00:00,R117,34.8,2,1,0,1,1.875,1.875,NORMAL
2026-09-17 12:00:00,R118,34.8,1,1,0,1,1.964,1.964,NORMAL
2026-09-17 12:00:00,R119,34.8,0,0,0,1,0.15,0.15,NORMAL
2026-09-17 12:00:00,R120,34.8,0,0,0,1,0.15,0.15,NORMAL
2026-09-17 13:00:00,R101,33.59,0,0,0,1,0.15,0.15,NORMAL
2026-09-17 13:00:00,R102,33.59,0,0,0,1,0.15,0.15,NORMAL
2026-09-17 13:00:00,R103,33.59,0,0,0,1,0.15,0.15,NORMAL
2026-09-17 13:00:00,R104,33.59,0,0,0,1,0.15,0.15,NORMAL
2026-09-17 13:00:00,R105,33.59,1,1,0,1,1.599,1.599,NORMAL
2026-09-17 13:00:00,R106,33.59,0,0,0,1,0.15,0.15,NORMAL
2026-09-17 13:00:00,R107,33.59,0,0,0,1,0.15,0.15,NORMAL
2026-09-17 13:00:00,R108,33.59,1,1,0,1,1.844,1.844,NORMAL
2026-09-17 13:00:00,R109,33.59,0,0,0,1,0.15,0.15,NORMAL
2026-09-17 13:00:00,R110,33.59,1,1,0,1,1.562,1.562,NORMAL
2026-09-17 13:00:00,R111,33.59,1,1,0,1,1.836,1.836,NORMAL
2026-09-17 13:00:00,R112,33.59,0,0,0,1,0.15,0.15,NORMAL
2026-09-17 13:00:00,R113,33.59,0,0,0,1,0.15,0.15,NORMAL
2026-09-17 13:00:00,R114,33.59,1,1,0,1,1.511,1.511,NORMAL
2026-09-17 13:00:00,R115,33.59,1,1,0,1,1.745,1.745,NORMAL
2026-09-17 13:00:00,R116,33.59,0,0,0,1,0.15,0.15,NORMAL
2026-09-17 13:00:00,R117,33.59,1,1,0,1,1.741,1.741,NORMAL
2026-09-17 13:00:00,R118,33.59,0,0,0,1,0.15,0.15,NORMAL
2026-09-17 13:00:00,R119,33.59,0,0,0,1,0.15,0.15,NORMAL
2026-09-17 13:00:00,R120,33.59,1,1,0,1,1.781,1.781,NORMAL
2026-09-17 14:00:00,R101,34.86,0,0,0,1,0.15,0.15,NORMAL
2026-09-17 14:00:00,R102,34.86,0,0,0,1,0.15,0.15,NORMAL
2026-09-17 14:00:00,R103,34.86,0,1,0,1,1.758,1.758,AC_WASTE
2026-09-17 14:00:00,R104,34.86,1,1,0,1,1.871,1.871,NORMAL
2026-09-17 14:00:00,R105,34.86,0,0,0,1,0.15,0.15,NORMAL
2026-09-17 14:00:00,R106,34.86,0,1,0,1,1.449,1.449,AC_WASTE
2026-09-17 14:00:00,R107,34.86,0,0,0,1,0.15,0.15,NORMAL
2026-09-17 14:00:00,R108,34.86,0,0,0,1,0.15,0.15,NORMAL
2026-09-17 14:00:00,R109,34.86,1,1,0,1,1.543,1.543,NORMAL
2026-09-17 14:00:00,R110,34.86,0,0,0,1,0.15,0.15,NORMAL
2026-09-17 14:00:00,R111,34.86,1,1,0,1,1.975,1.975,NORMAL
2026-09-17 14:00:00,R112,34.86,2,1,0,1,2.125,2.125,NORMAL
2026-09-17 14:00:00,R113,34.86,2,1,0,1,1.94,1.94,NORMAL
2026-09-17 14:00:00,R114,34.86,0,0,0,1,0.15,0.15,NORMAL
2026-09-17 14:00:00,R115,34.86,1,1,0,1,1.648,1.648,NORMAL
2026-09-17 14:00:00,R116,34.86,0,0,0,1,0.15,0.15,NORMAL
2026-09-17 14:00:00,R117,34.86,1,1,0,1,1.527,1.527,NORMAL
2026-09-17 14:00:00,R118,34.86,0,0,0,1,0.15,0.15,NORMAL
2026-09-17 14:00:00,R119,34.86,0,0,0,1,0.15,0.15,NORMAL
2026-09-17 14:00:00,R120,34.86,0,0,0,1,0.15,0.15,NORMAL
2026-09-17 15:00:00,R101,34.04,1,1,0,1,1.857,1.857,NORMAL
2026-09-17 15:00:00,R102,34.04,0,0,0,1,0.15,0.15,NORMAL
2026-09-17 15:00:00,R103,34.04,0,0,0,1,0.15,0.15,NORMAL
2026-09-17 15:00:00,R104,34.04,0,0,0,1,0.15,0.15,NORMAL
2026-09-17 15:00:00,R105,34.04,1,1,0,1,1.784,1.784,NORMAL
2026-09-17 15:00:00,R106,34.04,0,0,0,1,0.15,0.15,NORMAL
2026-09-17 15:00:00,R107,34.04,1,1,0,1,1.954,1.954,NORMAL
2026-09-17 15:00:00,R108,34.04,0,0,0,1,0.15,0.15,NORMAL
2026-09-17 15:00:00,R109,34.04,0,0,0,1,0.15,0.15,NORMAL
2026-09-17 15:00:00,R110,34.04,0,0,0,1,0.15,0.15,NORMAL
2026-09-17 15:00:00,R111,34.04,1,1,0,1,1.871,1.871,NORMAL
2026-09-17 15:00:00,R112,34.04,0,0,0,1,0.15,0.15,NORMAL
2026-09-17 15:00:00,R113,34.04,2,1,0,1,1.643,1.643,NORMAL
2026-09-17 15:00:00,R114,34.04,0,0,0,1,0.15,0.15,NORMAL
2026-09-17 15:00:00,R115,34.04,0,0,0,1,0.15,0.15,NORMAL
2026-09-17 15:00:00,R116,34.04,1,1,0,1,1.95,1.95,NORMAL
2026-09-17 15:00:00,R117,34.04,1,1,0,1,1.817,1.817,NORMAL
2026-09-17 15:00:00,R118,34.04,0,0,0,1,0.15,0.15,NORMAL
2026-09-17 15:00:00,R119,34.04,2,1,0,1,1.647,1.647,NORMAL
2026-09-17 15:00:00,R120,34.04,1,1,0,1,1.973,1.973,NORMAL
2026-09-17 16:00:00,R101,32.67,1,1,0,1,1.93,1.93,NORMAL
2026-09-17 16:00:00,R102,32.67,0,0,0,1,0.15,0.15,NORMAL
2026-09-17 16:00:00,R103,32.67,1,1,0,1,1.521,1.521,NORMAL
2026-09-17 16:00:00,R104,32.67,0,0,0,1,0.15,0.15,NORMAL
2026-09-17 16:00:00,R105,32.67,1,1,0,1,1.515,1.515,NORMAL
2026-09-17 16:00:00,R106,32.67,0,0,0,1,0.15,0.15,NORMAL
2026-09-17 16:00:00,R107,32.67,1,1,0,1,1.714,1.714,NORMAL
2026-09-17 16:00:00,R108,32.67,0,1,0,1,1.761,1.761,AC_WASTE
2026-09-17 16:00:00,R109,32.67,0,0,0,1,0.15,0.15,NORMAL
2026-09-17 16:00:00,R110,32.67,1,1,0,1,1.771,1.771,NORMAL
2026-09-17 16:00:00,R111,32.67,1,1,0,1,1.988,1.988,NORMAL
2026-09-17 16:00:00,R112,32.67,1,1,0,1,1.573,1.573,NORMAL
2026-09-17 16:00:00,R113,32.67,0,0,0,1,0.15,0.15,NORMAL
2026-09-17 16:00:00,R114,32.67,0,0,0,1,0.15,0.15,NORMAL
2026-09-17 16:00:00,R115,32.67,0,0,0,1,0.15,0.15,NORMAL
2026-09-17 16:00:00,R116,32.67,0,0,0,1,0.15,0.15,NORMAL
2026-09-17 16:00:00,R117,32.67,1,1,0,1,1.691,1.691,NORMAL
2026-09-17 16:00:00,R118,32.67,1,1,0,1,1.821,1.821,NORMAL
2026-09-17 16:00:00,R119,32.67,1,1,0,1,1.881,1.881,NORMAL
2026-09-17 16:00:00,R120,32.67,0,0,0,1,0.15,0.15,NORMAL
2026-09-17 17:00:00,R101,28.25,2,0,0,1,0.268,0.268,NORMAL
2026-09-17 17:00:00,R102,28.25,2,0,0,1,0.359,0.359,NORMAL
2026-09-17 17:00:00,R103,28.25,2,0,0,1,0.436,0.436,NORMAL
2026-09-17 17:00:00,R104,28.25,1,0,0,1,0.218,0.218,NORMAL
2026-09-17 17:00:00,R105,28.25,2,0,0,1,0.359,0.359,NORMAL
2026-09-17 17:00:00,R106,28.25,1,0,0,1,0.282,0.282,NORMAL
2026-09-17 17:00:00,R107,28.25,0,0,0,1,0.15,0.15,NORMAL
2026-09-17 17:00:00,R108,28.25,1,0,0,1,0.21,0.21,NORMAL
2026-09-17 17:00:00,R109,28.25,2,0,0,1,0.44,0.44,NORMAL
2026-09-17 17:00:00,R110,28.25,1,0,0,1,0.228,0.228,NORMAL
2026-09-17 17:00:00,R111,28.25,2,0,0,1,0.262,0.262,NORMAL
2026-09-17 17:00:00,R112,28.25,0,1,0,1,1.402,1.402,AC_WASTE
2026-09-17 17:00:00,R113,28.25,1,0,0,1,0.246,0.246,NORMAL
2026-09-17 17:00:00,R114,28.25,1,0,0,1,0.216,0.216,NORMAL
2026-09-17 17:00:00,R115,28.25,1,0,0,1,0.276,0.276,NORMAL
2026-09-17 17:00:00,R116,28.25,1,0,0,1,0.25,0.25,NORMAL
2026-09-17 17:00:00,R117,28.25,1,0,0,1,0.22,0.22,NORMAL
2026-09-17 17:00:00,R118,28.25,2,0,0,1,0.274,0.274,NORMAL
2026-09-17 17:00:00,R119,28.25,1,0,0,1,0.213,0.213,NORMAL
2026-09-17 17:00:00,R120,28.25,1,0,0,1,0.271,0.271,NORMAL
2026-09-17 18:00:00,R101,25.56,1,0,1,1,0.458,0.458,NORMAL
2026-09-17 18:00:00,R102,25.56,1,0,1,1,0.418,0.418,NORMAL
2026-09-17 18:00:00,R103,25.56,2,0,1,1,0.448,0.448,NORMAL
2026-09-17 18:00:00,R104,25.56,1,0,1,1,0.393,0.393,NORMAL
2026-09-17 18:00:00,R105,25.56,1,0,1,1,0.34,0.34,NORMAL
2026-09-17 18:00:00,R106,25.56,0,1,1,1,1.615,1.615,AC_WASTE
2026-09-17 18:00:00,R107,25.56,2,0,1,1,0.53,0.53,NORMAL
2026-09-17 18:00:00,R108,25.56,2,0,1,1,0.451,0.451,NORMAL
2026-09-17 18:00:00,R109,25.56,1,0,1,1,0.383,0.383,NORMAL
2026-09-17 18:00:00,R110,25.56,1,0,1,1,0.357,0.357,NORMAL
2026-09-17 18:00:00,R111,25.56,1,0,1,1,0.418,0.418,NORMAL
2026-09-17 18:00:00,R112,25.56,1,0,1,1,0.367,0.367,NORMAL
2026-09-17 18:00:00,R113,25.56,1,0,1,1,0.41,0.41,NORMAL
2026-09-17 18:00:00,R114,25.56,2,0,1,1,0.536,0.536,NORMAL
2026-09-17 18:00:00,R115,25.56,1,0,1,1,0.446,0.446,NORMAL
2026-09-17 18:00:00,R116,25.56,1,0,1,1,0.422,0.422,NORMAL
2026-09-17 18:00:00,R117,25.56,2,0,1,1,0.488,0.488,NORMAL
2026-09-17 18:00:00,R118,25.56,1,0,1,1,0.391,0.391,NORMAL
2026-09-17 18:00:00,R119,25.56,1,0,1,1,0.344,0.344,NORMAL
2026-09-17 18:00:00,R120,25.56,1,0,1,1,0.42,0.42,NORMAL
2026-09-17 19:00:00,R101,25.7,1,0,1,1,0.39,0.39,NORMAL
2026-09-17 19:00:00,R102,25.7,0,0,1,1,0.15,0.15,NORMAL
2026-09-17 19:00:00,R103,25.7,1,0,1,1,0.352,0.352,NORMAL
2026-09-17 19:00:00,R104,25.7,1,0,1,1,0.354,0.354,NORMAL
2026-09-17 19:00:00,R105,25.7,2,0,1,1,0.551,0.551,NORMAL
2026-09-17 19:00:00,R106,25.7,1,0,1,1,0.405,0.405,NORMAL
2026-09-17 19:00:00,R107,25.7,1,0,1,1,0.43,0.43,NORMAL
2026-09-17 19:00:00,R108,25.7,1,0,1,1,0.43,0.43,NORMAL
2026-09-17 19:00:00,R109,25.7,2,0,1,1,0.595,0.595,NORMAL
2026-09-17 19:00:00,R110,25.7,2,0,1,1,0.579,0.579,NORMAL
2026-09-17 19:00:00,R111,25.7,2,0,1,1,0.48,0.48,NORMAL
2026-09-17 19:00:00,R112,25.7,2,0,1,1,0.617,0.617,NORMAL
2026-09-17 19:00:00,R113,25.7,2,0,1,1,0.523,0.523,NORMAL
2026-09-17 19:00:00,R114,25.7,2,0,1,1,0.486,0.486,NORMAL
2026-09-17 19:00:00,R115,25.7,2,0,1,1,0.502,0.502,NORMAL
2026-09-17 19:00:00,R116,25.7,1,0,1,1,0.834,0.834,STANDBY_WASTE
2026-09-17 19:00:00,R117,25.7,1,0,1,1,0.457,0.457,NORMAL
2026-09-17 19:00:00,R118,25.7,1,0,1,1,0.391,0.391,NORMAL
2026-09-17 19:00:00,R119,25.7,1,0,1,1,0.332,0.332,NORMAL
2026-09-17 19:00:00,R120,25.7,2,0,1,1,0.421,0.421,NORMAL
2026-09-17 20:00:00,R101,24.49,2,0,1,1,0.392,0.392,NORMAL
2026-09-17 20:00:00,R102,24.49,2,0,1,1,0.362,0.362,NORMAL
2026-09-17 20:00:00,R103,24.49,2,0,1,1,0.521,0.521,NORMAL
2026-09-17 20:00:00,R104,24.49,1,0,1,1,0.403,0.403,NORMAL
2026-09-17 20:00:00,R105,24.49,1,0,1,1,0.38,0.38,NORMAL
2026-09-17 20:00:00,R106,24.49,2,0,1,1,0.355,0.355,NORMAL
2026-09-17 20:00:00,R107,24.49,2,0,1,1,0.498,0.498,NORMAL
2026-09-17 20:00:00,R108,24.49,0,0,1,1,0.15,0.15,NORMAL
2026-09-17 20:00:00,R109,24.49,1,0,1,1,0.474,0.474,NORMAL
2026-09-17 20:00:00,R110,24.49,1,0,1,1,0.363,0.363,NORMAL
2026-09-17 20:00:00,R111,24.49,1,0,1,1,0.338,0.338,NORMAL
2026-09-17 20:00:00,R112,24.49,0,1,1,1,1.773,1.773,AC_WASTE
2026-09-17 20:00:00,R113,24.49,1,0,1,1,0.383,0.383,NORMAL
2026-09-17 20:00:00,R114,24.49,1,0,1,1,0.326,0.326,NORMAL
2026-09-17 20:00:00,R115,24.49,2,0,1,1,0.489,0.489,NORMAL
2026-09-17 20:00:00,R116,24.49,1,0,1,1,0.388,0.388,NORMAL
2026-09-17 20:00:00,R117,24.49,2,0,1,1,0.446,0.446,NORMAL
2026-09-17 20:00:00,R118,24.49,2,0,1,1,0.511,0.511,NORMAL
2026-09-17 20:00:00,R119,24.49,1,0,1,1,0.372,0.372,NORMAL
2026-09-17 20:00:00,R120,24.49,1,0,1,1,0.431,0.431,NORMAL
2026-09-17 21:00:00,R101,21.8,1,0,1,1,0.312,0.312,NORMAL
2026-09-17 21:00:00,R102,21.8,2,0,1,1,0.393,0.393,NORMAL
2026-09-17 21:00:00,R103,21.8,1,0,1,1,0.325,0.325,NORMAL
2026-09-17 21:00:00,R104,21.8,1,0,1,1,0.444,0.444,NORMAL
2026-09-17 21:00:00,R105,21.8,2,0,1,1,0.547,0.547,NORMAL
2026-09-17 21:00:00,R106,21.8,2,0,1,1,0.544,0.544,NORMAL
2026-09-17 21:00:00,R107,21.8,2,0,1,1,0.434,0.434,NORMAL
2026-09-17 21:00:00,R108,21.8,2,0,1,1,0.424,0.424,NORMAL
2026-09-17 21:00:00,R109,21.8,2,0,1,1,0.473,0.473,NORMAL
2026-09-17 21:00:00,R110,21.8,2,0,1,1,0.477,0.477,NORMAL
2026-09-17 21:00:00,R111,21.8,2,0,1,1,0.58,0.58,NORMAL
2026-09-17 21:00:00,R112,21.8,2,0,1,1,0.602,0.602,NORMAL
2026-09-17 21:00:00,R113,21.8,1,0,1,1,0.361,0.361,NORMAL
2026-09-17 21:00:00,R114,21.8,2,0,1,1,0.502,0.502,NORMAL
2026-09-17 21:00:00,R115,21.8,2,0,1,1,0.497,0.497,NORMAL
2026-09-17 21:00:00,R116,21.8,1,0,1,1,0.33,0.33,NORMAL
2026-09-17 21:00:00,R117,21.8,1,0,1,1,0.313,0.313,NORMAL
2026-09-17 21:00:00,R118,21.8,1,0,1,1,0.382,0.382,NORMAL
2026-09-17 21:00:00,R119,21.8,2,0,1,1,0.441,0.441,NORMAL
2026-09-17 21:00:00,R120,21.8,2,0,1,1,0.39,0.39,NORMAL
2026-09-17 22:00:00,R101,23.29,2,0,1,1,0.503,0.503,NORMAL
2026-09-17 22:00:00,R102,23.29,1,0,1,1,0.419,0.419,NORMAL
2026-09-17 22:00:00,R103,23.29,1,0,1,1,0.434,0.434,NORMAL
2026-09-17 22:00:00,R104,23.29,2,0,1,1,0.49,0.49,NORMAL
2026-09-17 22:00:00,R105,23.29,2,0,1,1,0.478,0.478,NORMAL
2026-09-17 22:00:00,R106,23.29,0,0,1,1,0.15,0.15,NORMAL
2026-09-17 22:00:00,R107,23.29,2,0,1,1,0.586,0.586,NORMAL
2026-09-17 22:00:00,R108,23.29,1,0,1,1,0.404,0.404,NORMAL
2026-09-17 22:00:00,R109,23.29,1,0,1,1,0.417,0.417,NORMAL
2026-09-17 22:00:00,R110,23.29,1,0,1,1,0.365,0.365,NORMAL
2026-09-17 22:00:00,R111,23.29,2,0,1,1,0.571,0.571,NORMAL
2026-09-17 22:00:00,R112,23.29,2,0,1,1,0.446,0.446,NORMAL
2026-09-17 22:00:00,R113,23.29,1,0,1,1,0.344,0.344,NORMAL
2026-09-17 22:00:00,R114,23.29,1,0,1,1,0.36,0.36,NORMAL
2026-09-17 22:00:00,R115,23.29,0,0,1,1,0.15,0.15,NORMAL
2026-09-17 22:00:00,R116,23.29,1,0,1,1,0.395,0.395,NORMAL
2026-09-17 22:00:00,R117,23.29,2,0,1,1,0.358,0.358,NORMAL
2026-09-17 22:00:00,R118,23.29,2,0,1,1,0.477,0.477,NORMAL
2026-09-17 22:00:00,R119,23.29,1,0,1,1,0.38,0.38,NORMAL
2026-09-17 22:00:00,R120,23.29,1,0,1,1,0.368,0.368,NORMAL
2026-09-17 23:00:00,R101,18.06,0,0,1,0,0.15,0.15,NORMAL
2026-09-17 23:00:00,R102,18.06,1,0,1,0,0.344,0.344,NORMAL
2026-09-17 23:00:00,R103,18.06,0,0,1,0,0.15,0.15,NORMAL
2026-09-17 23:00:00,R104,18.06,1,0,1,0,0.349,0.349,NORMAL
2026-09-17 23:00:00,R105,18.06,1,0,1,0,0.432,0.432,NORMAL
2026-09-17 23:00:00,R106,18.06,0,1,1,0,1.498,1.498,AC_WASTE
2026-09-17 23:00:00,R107,18.06,0,0,1,0,0.15,0.15,NORMAL
2026-09-17 23:00:00,R108,18.06,0,0,1,0,0.15,0.15,NORMAL
2026-09-17 23:00:00,R109,18.06,0,0,1,0,0.15,0.15,NORMAL
2026-09-17 23:00:00,R110,18.06,0,0,1,0,0.653,0.653,STANDBY_WASTE
2026-09-17 23:00:00,R111,18.06,1,0,1,0,0.359,0.359,NORMAL
2026-09-17 23:00:00,R112,18.06,0,0,1,0,0.15,0.15,NORMAL
2026-09-17 23:00:00,R113,18.06,0,0,1,0,0.15,0.15,NORMAL
2026-09-17 23:00:00,R114,18.06,0,0,1,0,0.15,0.15,NORMAL
2026-09-17 23:00:00,R115,18.06,0,0,1,0,0.15,0.15,NORMAL
2026-09-17 23:00:00,R116,18.06,0,0,1,0,0.15,0.15,NORMAL
2026-09-17 23:00:00,R117,18.06,1,0,1,0,0.378,0.378,NORMAL
2026-09-17 23:00:00,R118,18.06,0,1,1,0,1.69,1.69,AC_WASTE
2026-09-17 23:00:00,R119,18.06,0,0,1,0,0.15,0.15,NORMAL
2026-09-17 23:00:00,R120,18.06,0,0,1,0,0.15,0.15,NORMAL
2026-09-18 00:00:00,R101,17.92,0,0,1,0,0.15,0.15,NORMAL
2026-09-18 00:00:00,R102,17.92,0,0,1,0,0.15,0.15,NORMAL
2026-09-18 00:00:00,R103,17.92,0,0,1,0,0.15,0.15,NORMAL
2026-09-18 00:00:00,R104,17.92,0,0,1,0,0.15,0.15,NORMAL
2026-09-18 00:00:00,R105,17.92,1,0,1,0,0.301,0.301,NORMAL
2026-09-18 00:00:00,R106,17.92,0,0,1,0,0.15,0.15,NORMAL
2026-09-18 00:00:00,R107,17.92,1,0,1,0,0.297,0.297,NORMAL
2026-09-18 00:00:00,R108,17.92,0,0,1,0,0.15,0.15,NORMAL
2026-09-18 00:00:00,R109,17.92,0,0,1,0,0.15,0.15,NORMAL
2026-09-18 00:00:00,R110,17.92,0,0,1,0,0.15,0.15,NORMAL
2026-09-18 00:00:00,R111,17.92,0,0,1,0,0.15,0.15,NORMAL
2026-09-18 00:00:00,R112,17.92,0,0,1,0,0.15,0.15,NORMAL
2026-09-18 00:00:00,R113,17.92,0,0,1,0,0.15,0.15,NORMAL
2026-09-18 00:00:00,R114,17.92,0,0,1,0,0.15,0.15,NORMAL
2026-09-18 00:00:00,R115,17.92,0,0,1,0,0.15,0.15,NORMAL
2026-09-18 00:00:00,R116,17.92,0,0,1,0,0.15,0.15,NORMAL
2026-09-18 00:00:00,R117,17.92,0,0,1,0,0.15,0.15,NORMAL
2026-09-18 00:00:00,R118,17.92,0,0,1,0,0.15,0.15,NORMAL
2026-09-18 00:00:00,R119,17.92,0,0,1,0,0.15,0.15,NORMAL
2026-09-18 00:00:00,R120,17.92,0,0,1,0,0.15,0.15,NORMAL
2026-09-18 01:00:00,R101,18.54,0,0,1,0,0.15,0.15,NORMAL
2026-09-18 01:00:00,R102,18.54,0,0,1,0,0.15,0.15,NORMAL
2026-09-18 01:00:00,R103,18.54,0,0,1,0,0.15,0.15,NORMAL
2026-09-18 01:00:00,R104,18.54,1,0,1,0,0.392,0.392,NORMAL
2026-09-18 01:00:00,R105,18.54,1,0,1,0,0.378,0.378,NORMAL
2026-09-18 01:00:00,R106,18.54,0,0,1,0,0.15,0.15,NORMAL
2026-09-18 01:00:00,R107,18.54,0,0,1,0,0.15,0.15,NORMAL
2026-09-18 01:00:00,R108,18.54,0,0,1,0,0.15,0.15,NORMAL
2026-09-18 01:00:00,R109,18.54,0,0,1,0,0.15,0.15,NORMAL
2026-09-18 01:00:00,R110,18.54,1,0,1,0,0.353,0.353,NORMAL
2026-09-18 01:00:00,R111,18.54,1,0,1,0,0.371,0.371,NORMAL
2026-09-18 01:00:00,R112,18.54,0,0,1,0,0.15,0.15,NORMAL
2026-09-18 01:00:00,R113,18.54,0,0,1,0,0.15,0.15,NORMAL
2026-09-18 01:00:00,R114,18.54,1,0,1,0,0.356,0.356,NORMAL
2026-09-18 01:00:00,R115,18.54,0,0,1,0,0.664,0.664,STANDBY_WASTE
2026-09-18 01:00:00,R116,18.54,1,0,1,0,0.407,0.407,NORMAL
2026-09-18 01:00:00,R117,18.54,1,0,1,0,0.417,0.417,NORMAL
2026-09-18 01:00:00,R118,18.54,0,0,1,0,0.15,0.15,NORMAL
2026-09-18 01:00:00,R119,18.54,0,0,1,0,0.15,0.15,NORMAL
2026-09-18 01:00:00,R120,18.54,1,0,1,0,0.402,0.402,NORMAL
2026-09-18 02:00:00,R101,20.59,1,0,1,0,0.375,0.375,NORMAL
2026-09-18 02:00:00,R102,20.59,0,0,1,0,0.15,0.15,NORMAL
2026-09-18 02:00:00,R103,20.59,1,0,1,0,0.336,0.336,NORMAL
2026-09-18 02:00:00,R104,20.59,0,0,1,0,0.15,0.15,NORMAL
2026-09-18 02:00:00,R105,20.59,0,0,1,0,0.15,0.15,NORMAL
2026-09-18 02:00:00,R106,20.59,1,0,1,0,0.361,0.361,NORMAL
2026-09-18 02:00:00,R107,20.59,0,0,1,0,0.15,0.15,NORMAL
2026-09-18 02:00:00,R108,20.59,0,0,1,0,0.15,0.15,NORMAL
2026-09-18 02:00:00,R109,20.59,0,0,1,0,0.15,0.15,NORMAL
2026-09-18 02:00:00,R110,20.59,0,0,1,0,0.15,0.15,NORMAL
2026-09-18 02:00:00,R111,20.59,0,0,1,0,0.15,0.15,NORMAL
2026-09-18 02:00:00,R112,20.59,0,0,1,0,0.15,0.15,NORMAL
2026-09-18 02:00:00,R113,20.59,0,0,1,0,0.15,0.15,NORMAL
2026-09-18 02:00:00,R114,20.59,1,0,1,0,0.395,0.395,NORMAL
2026-09-18 02:00:00,R115,20.59,1,0,1,0,0.401,0.401,NORMAL
2026-09-18 02:00:00,R116,20.59,0,0,1,0,0.15,0.15,NORMAL
2026-09-18 02:00:00,R117,20.59,0,0,1,0,0.15,0.15,NORMAL
2026-09-18 02:00:00,R118,20.59,1,0,1,0,0.357,0.357,NORMAL
2026-09-18 02:00:00,R119,20.59,0,0,1,0,0.15,0.15,NORMAL
2026-09-18 02:00:00,R120,20.59,1,0,1,0,0.416,0.416,NORMAL
2026-09-18 03:00:00,R101,21.36,0,0,1,0,0.15,0.15,NORMAL
2026-09-18 03:00:00,R102,21.36,0,0,1,0,0.15,0.15,NORMAL
2026-09-18 03:00:00,R103,21.36,0,0,1,0,0.15,0.15,NORMAL
2026-09-18 03:00:00,R104,21.36,1,0,1,0,0.452,0.452,NORMAL
2026-09-18 03:00:00,R105,21.36,0,0,1,0,0.15,0.15,NORMAL
2026-09-18 03:00:00,R106,21.36,1,0,1,0,0.385,0.385,NORMAL
2026-09-18 03:00:00,R107,21.36,1,0,1,0,0.371,0.371,NORMAL
2026-09-18 03:00:00,R108,21.36,0,0,1,0,0.15,0.15,NORMAL
2026-09-18 03:00:00,R109,21.36,0,0,1,0,0.15,0.15,NORMAL
2026-09-18 03:00:00,R110,21.36,0,0,1,0,0.15,0.15,NORMAL
2026-09-18 03:00:00,R111,21.36,0,0,1,0,0.15,0.15,NORMAL
2026-09-18 03:00:00,R112,21.36,0,0,1,0,0.15,0.15,NORMAL
2026-09-18 03:00:00,R113,21.36,0,0,1,0,0.15,0.15,NORMAL
2026-09-18 03:00:00,R114,21.36,0,0,1,0,0.15,0.15,NORMAL
2026-09-18 03:00:00,R115,21.36,0,0,1,0,0.15,0.15,NORMAL
2026-09-18 03:00:00,R116,21.36,1,0,1,0,0.393,0.393,NORMAL
2026-09-18 03:00:00,R117,21.36,0,0,1,0,0.15,0.15,NORMAL
2026-09-18 03:00:00,R118,21.36,0,0,1,0,0.15,0.15,NORMAL
2026-09-18 03:00:00,R119,21.36,1,0,1,0,0.385,0.385,NORMAL
2026-09-18 03:00:00,R120,21.36,0,0,1,0,0.15,0.15,NORMAL
2026-09-18 04:00:00,R101,24.15,1,0,1,0,0.296,0.296,NORMAL
2026-09-18 04:00:00,R102,24.15,0,0,1,0,0.15,0.15,NORMAL
2026-09-18 04:00:00,R103,24.15,0,0,1,0,0.15,0.15,NORMAL
2026-09-18 04:00:00,R104,24.15,0,0,1,0,0.15,0.15,NORMAL
2026-09-18 04:00:00,R105,24.15,1,0,1,0,1.138,1.138,STANDBY_WASTE
2026-09-18 04:00:00,R106,24.15,0,0,1,0,0.15,0.15,NORMAL
2026-09-18 04:00:00,R107,24.15,0,0,1,0,0.15,0.15,NORMAL
2026-09-18 04:00:00,R108,24.15,0,0,1,0,0.15,0.15,NORMAL
2026-09-18 04:00:00,R109,24.15,0,0,1,0,0.15,0.15,NORMAL
2026-09-18 04:00:00,R110,24.15,1,0,1,0,0.381,0.381,NORMAL
2026-09-18 04:00:00,R111,24.15,0,0,1,0,0.15,0.15,NORMAL
2026-09-18 04:00:00,R112,24.15,0,0,1,0,0.15,0.15,NORMAL
2026-09-18 04:00:00,R113,24.15,0,0,1,0,0.15,0.15,NORMAL
2026-09-18 04:00:00,R114,24.15,0,0,1,0,0.15,0.15,NORMAL
2026-09-18 04:00:00,R115,24.15,0,0,1,0,0.15,0.15,NORMAL
2026-09-18 04:00:00,R116,24.15,0,0,1,0,0.15,0.15,NORMAL
2026-09-18 04:00:00,R117,24.15,0,0,1,0,0.15,0.15,NORMAL
2026-09-18 04:00:00,R118,24.15,1,0,1,0,0.406,0.406,NORMAL
2026-09-18 04:00:00,R119,24.15,1,0,1,0,0.305,0.305,NORMAL
2026-09-18 04:00:00,R120,24.15,0,0,1,0,0.15,0.15,NORMAL
2026-09-18 05:00:00,R101,24.21,0,0,1,0,0.15,0.15,NORMAL
2026-09-18 05:00:00,R102,24.21,0,0,1,0,0.15,0.15,NORMAL
2026-09-18 05:00:00,R103,24.21,0,0,1,0,0.15,0.15,NORMAL
2026-09-18 05:00:00,R104,24.21,0,0,1,0,0.15,0.15,NORMAL
2026-09-18 05:00:00,R105,24.21,0,0,1,0,0.15,0.15,NORMAL
2026-09-18 05:00:00,R106,24.21,1,0,1,0,0.386,0.386,NORMAL
2026-09-18 05:00:00,R107,24.21,0,0,1,0,0.15,0.15,NORMAL
2026-09-18 05:00:00,R108,24.21,1,0,1,0,0.375,0.375,NORMAL
2026-09-18 05:00:00,R109,24.21,0,0,1,0,0.15,0.15,NORMAL
2026-09-18 05:00:00,R110,24.21,0,0,1,0,0.15,0.15,NORMAL
2026-09-18 05:00:00,R111,24.21,0,0,1,0,0.15,0.15,NORMAL
2026-09-18 05:00:00,R112,24.21,0,0,1,0,0.15,0.15,NORMAL
2026-09-18 05:00:00,R113,24.21,0,0,1,0,0.15,0.15,NORMAL
2026-09-18 05:00:00,R114,24.21,0,0,1,0,0.15,0.15,NORMAL
2026-09-18 05:00:00,R115,24.21,0,0,1,0,0.15,0.15,NORMAL
2026-09-18 05:00:00,R116,24.21,0,0,1,0,0.15,0.15,NORMAL
2026-09-18 05:00:00,R117,24.21,0,0,1,0,0.15,0.15,NORMAL
2026-09-18 05:00:00,R118,24.21,0,0,1,0,0.15,0.15,NORMAL
2026-09-18 05:00:00,R119,24.21,1,0,1,0,0.398,0.398,NORMAL
2026-09-18 05:00:00,R120,24.21,0,0,1,0,0.15,0.15,NORMAL
2026-09-18 06:00:00,R101,30.27,1,1,0,1,1.695,1.695,NORMAL
2026-09-18 06:00:00,R102,30.27,1,1,0,1,1.583,1.583,NORMAL
2026-09-18 06:00:00,R103,30.27,1,1,0,1,1.459,1.459,NORMAL
2026-09-18 06:00:00,R104,30.27,0,0,0,1,0.15,0.15,NORMAL
2026-09-18 06:00:00,R105,30.27,0,1,0,1,1.389,1.389,AC_WASTE
2026-09-18 06:00:00,R106,30.27,2,1,0,1,2.0,2.0,NORMAL
2026-09-18 06:00:00,R107,30.27,2,1,0,1,1.646,1.646,NORMAL
2026-09-18 06:00:00,R108,30.27,0,0,0,1,0.15,0.15,NORMAL
2026-09-18 06:00:00,R109,30.27,1,1,0,1,1.883,1.883,NORMAL
2026-09-18 06:00:00,R110,30.27,1,1,0,1,1.534,1.534,NORMAL
2026-09-18 06:00:00,R111,30.27,2,1,0,1,1.768,1.768,NORMAL
2026-09-18 06:00:00,R112,30.27,1,1,0,1,1.837,1.837,NORMAL
2026-09-18 06:00:00,R113,30.27,1,1,0,1,1.69,1.69,NORMAL
2026-09-18 06:00:00,R114,30.27,0,0,0,1,0.15,0.15,NORMAL
2026-09-18 06:00:00,R115,30.27,0,0,0,1,0.15,0.15,NORMAL
2026-09-18 06:00:00,R116,30.27,2,1,0,1,1.764,1.764,NORMAL
2026-09-18 06:00:00,R117,30.27,0,0,0,1,0.15,0.15,NORMAL
2026-09-18 06:00:00,R118,30.27,2,1,0,1,1.977,1.977,NORMAL
2026-09-18 06:00:00,R119,30.27,2,1,0,1,2.132,2.132,NORMAL
2026-09-18 06:00:00,R120,30.27,1,1,0,1,1.806,1.806,NORMAL
2026-09-18 07:00:00,R101,28.62,0,0,0,1,0.15,0.15,NORMAL
2026-09-18 07:00:00,R102,28.62,1,0,0,1,0.286,0.286,NORMAL
2026-09-18 07:00:00,R103,28.62,0,0,0,1,0.15,0.15,NORMAL
2026-09-18 07:00:00,R104,28.62,2,0,0,1,0.425,0.425,NORMAL
2026-09-18 07:00:00,R105,28.62,1,0,0,1,0.25,0.25,NORMAL
2026-09-18 07:00:00,R106,28.62,1,0,0,1,0.213,0.213,NORMAL
2026-09-18 07:00:00,R107,28.62,1,0,0,1,0.258,0.258,NORMAL
2026-09-18 07:00:00,R108,28.62,2,0,0,1,0.25,0.25,NORMAL
2026-09-18 07:00:00,R109,28.62,0,0,0,1,0.15,0.15,NORMAL
2026-09-18 07:00:00,R110,28.62,1,0,0,1,0.29,0.29,NORMAL
2026-09-18 07:00:00,R111,28.62,1,0,0,1,0.202,0.202,NORMAL
2026-09-18 07:00:00,R112,28.62,0,0,0,1,0.15,0.15,NORMAL
2026-09-18 07:00:00,R113,28.62,1,0,0,1,0.295,0.295,NORMAL
2026-09-18 07:00:00,R114,28.62,1,0,0,1,0.23,0.23,NORMAL
2026-09-18 07:00:00,R115,28.62,1,0,0,1,0.228,0.228,NORMAL
2026-09-18 07:00:00,R116,28.62,1,0,0,1,0.299,0.299,NORMAL
2026-09-18 07:00:00,R117,28.62,2,0,0,1,0.312,0.312,NORMAL
2026-09-18 07:00:00,R118,28.62,2,0,0,1,0.259,0.259,NORMAL
2026-09-18 07:00:00,R119,28.62,1,0,0,1,0.265,0.265,NORMAL
2026-09-18 07:00:00,R120,28.62,1,0,0,1,0.222,0.222,NORMAL
2026-09-18 08:00:00,R101,31.23,1,1,0,1,1.561,1.561,NORMAL
2026-09-18 08:00:00,R102,31.23,1,1,0,1,1.844,1.844,NORMAL
2026-09-18 08:00:00,R103,31.23,0,0,0,1,0.15,0.15,NORMAL
2026-09-18 08:00:00,R104,31.23,0,0,0,1,0.15,0.15,NORMAL
2026-09-18 08:00:00,R105,31.23,1,1,0,1,1.484,1.484,NORMAL
2026-09-18 08:00:00,R106,31.23,0,0,0,1,0.15,0.15,NORMAL
2026-09-18 08:00:00,R107,31.23,2,1,0,1,1.693,1.693,NORMAL
2026-09-18 08:00:00,R108,31.23,1,1,0,1,1.721,1.721,NORMAL
2026-09-18 08:00:00,R109,31.23,2,1,0,1,1.95,1.95,NORMAL
2026-09-18 08:00:00,R110,31.23,0,0,0,1,0.15,0.15,NORMAL
2026-09-18 08:00:00,R111,31.23,1,1,0,1,1.853,1.853,NORMAL
2026-09-18 08:00:00,R112,31.23,0,0,0,1,0.15,0.15,NORMAL
2026-09-18 08:00:00,R113,31.23,1,1,0,1,1.87,1.87,NORMAL
2026-09-18 08:00:00,R114,31.23,1,1,0,1,1.601,1.601,NORMAL
2026-09-18 08:00:00,R115,31.23,0,0,0,1,0.15,0.15,NORMAL
2026-09-18 08:00:00,R116,31.23,1,1,0,1,1.491,1.491,NORMAL
2026-09-18 08:00:00,R117,31.23,1,1,0,1,1.506,1.506,NORMAL
2026-09-18 08:00:00,R118,31.23,1,1,0,1,2.034,2.034,NORMAL
2026-09-18 08:00:00,R119,31.23,0,0,0,1,0.15,0.15,NORMAL
2026-09-18 08:00:00,R120,31.23,1,1,0,1,1.836,1.836,NORMAL
2026-09-18 09:00:00,R101,31.81,1,1,0,1,1.641,1.641,NORMAL
2026-09-18 09:00:00,R102,31.81,1,1,0,1,1.537,1.537,NORMAL
2026-09-18 09:00:00,R103,31.81,0,0,0,1,0.15,0.15,NORMAL
2026-09-18 09:00:00,R104,31.81,1,1,0,1,1.468,1.468,NORMAL
2026-09-18 09:00:00,R105,31.81,0,0,0,1,0.15,0.15,NORMAL
2026-09-18 09:00:00,R106,31.81,0,0,0,1,0.15,0.15,NORMAL
2026-09-18 09:00:00,R107,31.81,0,0,0,1,0.15,0.15,NORMAL
2026-09-18 09:00:00,R108,31.81,0,0,0,1,0.15,0.15,NORMAL
2026-09-18 09:00:00,R109,31.81,1,1,0,1,1.83,1.83,NORMAL
2026-09-18 09:00:00,R110,31.81,1,1,0,1,1.445,1.445,NORMAL
2026-09-18 09:00:00,R111,31.81,1,1,0,1,1.953,1.953,NORMAL
2026-09-18 09:00:00,R112,31.81,1,1,0,1,1.9,1.9,NORMAL
2026-09-18 09:00:00,R113,31.81,2,1,0,1,1.686,1.686,NORMAL
2026-09-18 09:00:00,R114,31.81,1,1,0,1,1.679,1.679,NORMAL
2026-09-18 09:00:00,R115,31.81,1,1,0,1,1.764,1.764,NORMAL
2026-09-18 09:00:00,R116,31.81,2,1,0,1,1.825,1.825,NORMAL
2026-09-18 09:00:00,R117,31.81,0,0,0,1,0.15,0.15,NORMAL
2026-09-18 09:00:00,R118,31.81,0,0,0,1,0.15,0.15,NORMAL
2026-09-18 09:00:00,R119,31.81,2,1,0,1,1.875,1.875,NORMAL
2026-09-18 09:00:00,R120,31.81,0,0,0,1,0.15,0.15,NORMAL
2026-09-18 10:00:00,R101,32.61,0,0,0,1,0.15,0.15,NORMAL
2026-09-18 10:00:00,R102,32.61,1,1,0,1,2.03,2.03,NORMAL
2026-09-18 10:00:00,R103,32.61,0,0,0,1,0.15,0.15,NORMAL
2026-09-18 10:00:00,R104,32.61,0,0,0,1,0.15,0.15,NORMAL
2026-09-18 10:00:00,R105,32.61,1,1,0,1,2.065,2.065,NORMAL
2026-09-18 10:00:00,R106,32.61,0,0,0,1,0.15,0.15,NORMAL
2026-09-18 10:00:00,R107,32.61,0,0,0,1,0.15,0.15,NORMAL
2026-09-18 10:00:00,R108,32.61,1,1,0,1,1.98,1.98,NORMAL
2026-09-18 10:00:00,R109,32.61,1,1,0,1,2.001,2.001,NORMAL
2026-09-18 10:00:00,R110,32.61,0,0,0,1,0.15,0.15,NORMAL
2026-09-18 10:00:00,R111,32.61,2,1,0,1,1.67,1.67,NORMAL
2026-09-18 10:00:00,R112,32.61,1,1,0,1,2.029,2.029,NORMAL
2026-09-18 10:00:00,R113,32.61,0,0,0,1,0.15,0.15,NORMAL
2026-09-18 10:00:00,R114,32.61,0,0,0,1,0.15,0.15,NORMAL
2026-09-18 10:00:00,R115,32.61,1,1,0,1,1.682,1.682,NORMAL
2026-09-18 10:00:00,R116,32.61,1,1,0,1,1.521,1.521,NORMAL
2026-09-18 10:00:00,R117,32.61,0,0,0,1,0.15,0.15,NORMAL
2026-09-18 10:00:00,R118,32.61,1,1,0,1,1.994,1.994,NORMAL
2026-09-18 10:00:00,R119,32.61,0,0,0,1,0.15,0.15,NORMAL
2026-09-18 10:00:00,R120,32.61,1,1,0,1,1.51,1.51,NORMAL
2026-09-18 11:00:00,R101,33.84,1,1,0,1,2.037,2.037,STANDBY_WASTE
2026-09-18 11:00:00,R102,33.84,0,0,0,1,0.15,0.15,NORMAL
2026-09-18 11:00:00,R103,33.84,0,0,0,1,0.15,0.15,NORMAL
2026-09-18 11:00:00,R104,33.84,1,1,0,1,1.949,1.949,NORMAL
2026-09-18 11:00:00,R105,33.84,0,0,0,1,0.834,0.834,STANDBY_WASTE
2026-09-18 11:00:00,R106,33.84,0,0,0,1,0.15,0.15,NORMAL
2026-09-18 11:00:00,R107,33.84,2,1,0,1,2.153,2.153,NORMAL
2026-09-18 11:00:00,R108,33.84,1,1,0,1,1.893,1.893,NORMAL
2026-09-18 11:00:00,R109,33.84,0,0,0,1,0.15,0.15,NORMAL
2026-09-18 11:00:00,R110,33.84,0,0,0,1,0.15,0.15,NORMAL
2026-09-18 11:00:00,R111,33.84,1,1,0,1,2.018,2.018,NORMAL
2026-09-18 11:00:00,R112,33.84,2,1,0,1,1.637,1.637,NORMAL
2026-09-18 11:00:00,R113,33.84,0,0,0,1,0.15,0.15,NORMAL
2026-09-18 11:00:00,R114,33.84,0,0,0,1,0.15,0.15,NORMAL
2026-09-18 11:00:00,R115,33.84,1,1,0,1,1.887,1.887,NORMAL
2026-09-18 11:00:00,R116,33.84,0,0,0,1,0.15,0.15,NORMAL
2026-09-18 11:00:00,R117,33.84,0,0,0,1,0.15,0.15,NORMAL
2026-09-18 11:00:00,R118,33.84,2,1,0,1,2.088,2.088,NORMAL
2026-09-18 11:00:00,R119,33.84,0,0,0,1,0.15,0.15,NORMAL
2026-09-18 11:00:00,R120,33.84,0,0,0,1,0.15,0.15,NORMAL
2026-09-18 12:00:00,R101,33.12,1,1,0,1,1.811,1.811,NORMAL
2026-09-18 12:00:00,R102,33.12,1,1,0,1,1.784,1.784,NORMAL
2026-09-18 12:00:00,R103,33.12,1,1,0,1,1.558,1.558,NORMAL
2026-09-18 12:00:00,R104,33.12,1,1,0,1,1.748,1.748,NORMAL
2026-09-18 12:00:00,R105,33.12,0,0,0,1,0.15,0.15,NORMAL
2026-09-18 12:00:00,R106,33.12,0,0,0,1,0.15,0.15,NORMAL
2026-09-18 12:00:00,R107,33.12,0,0,0,1,0.15,0.15,NORMAL
2026-09-18 12:00:00,R108,33.12,0,0,0,1,0.15,0.15,NORMAL
2026-09-18 12:00:00,R109,33.12,0,0,0,1,0.15,0.15,NORMAL
2026-09-18 12:00:00,R110,33.12,1,1,0,1,1.492,1.492,NORMAL
2026-09-18 12:00:00,R111,33.12,0,0,0,1,0.15,0.15,NORMAL
2026-09-18 12:00:00,R112,33.12,1,1,0,1,1.529,1.529,NORMAL
2026-09-18 12:00:00,R113,33.12,0,0,0,1,0.15,0.15,NORMAL
2026-09-18 12:00:00,R114,33.12,2,1,0,1,2.092,2.092,NORMAL
2026-09-18 12:00:00,R115,33.12,0,0,0,1,0.15,0.15,NORMAL
2026-09-18 12:00:00,R116,33.12,1,1,0,1,1.689,1.689,NORMAL
2026-09-18 12:00:00,R117,33.12,1,1,0,1,1.548,1.548,NORMAL
2026-09-18 12:00:00,R118,33.12,0,0,0,1,0.15,0.15,NORMAL
2026-09-18 12:00:00,R119,33.12,0,0,0,1,0.15,0.15,NORMAL
2026-09-18 12:00:00,R120,33.12,0,0,0,1,0.15,0.15,NORMAL
2026-09-18 13:00:00,R101,35.28,2,1,0,1,1.686,1.686,NORMAL
2026-09-18 13:00:00,R102,35.28,0,0,0,1,0.15,0.15,NORMAL
2026-09-18 13:00:00,R103,35.28,2,1,0,1,1.888,1.888,NORMAL
2026-09-18 13:00:00,R104,35.28,0,0,0,1,0.15,0.15,NORMAL
2026-09-18 13:00:00,R105,35.28,0,0,0,1,0.15,0.15,NORMAL
2026-09-18 13:00:00,R106,35.28,1,1,0,1,1.869,1.869,NORMAL
2026-09-18 13:00:00,R107,35.28,0,0,0,1,0.15,0.15,NORMAL
2026-09-18 13:00:00,R108,35.28,1,1,0,1,1.86,1.86,NORMAL
2026-09-18 13:00:00,R109,35.28,0,0,0,1,0.15,0.15,NORMAL
2026-09-18 13:00:00,R110,35.28,0,0,0,1,0.15,0.15,NORMAL
2026-09-18 13:00:00,R111,35.28,0,0,0,1,0.15,0.15,NORMAL
2026-09-18 13:00:00,R112,35.28,0,0,0,1,0.15,0.15,NORMAL
2026-09-18 13:00:00,R113,35.28,0,0,0,1,0.15,0.15,NORMAL
2026-09-18 13:00:00,R114,35.28,0,0,0,1,0.15,0.15,NORMAL
2026-09-18 13:00:00,R115,35.28,0,0,0,1,0.15,0.15,NORMAL
2026-09-18 13:00:00,R116,35.28,0,0,0,1,0.15,0.15,NORMAL
2026-09-18 13:00:00,R117,35.28,0,0,0,1,0.15,0.15,NORMAL
2026-09-18 13:00:00,R118,35.28,1,1,0,1,1.589,1.589,NORMAL
2026-09-18 13:00:00,R119,35.28,1,1,0,1,1.564,1.564,NORMAL
2026-09-18 13:00:00,R120,35.28,0,0,0,1,0.15,0.15,NORMAL
2026-09-18 14:00:00,R101,32.44,0,0,0,1,0.15,0.15,NORMAL
2026-09-18 14:00:00,R102,32.44,0,0,0,1,0.15,0.15,NORMAL
2026-09-18 14:00:00,R103,32.44,0,0,0,1,0.15,0.15,NORMAL
2026-09-18 14:00:00,R104,32.44,0,0,0,1,0.15,0.15,NORMAL
2026-09-18 14:00:00,R105,32.44,1,1,0,1,1.614,1.614,NORMAL
2026-09-18 14:00:00,R106,32.44,1,1,0,1,1.776,1.776,NORMAL
2026-09-18 14:00:00,R107,32.44,0,0,0,1,0.15,0.15,NORMAL
2026-09-18 14:00:00,R108,32.44,1,1,0,1,1.5,1.5,NORMAL
2026-09-18 14:00:00,R109,32.44,0,0,0,1,0.15,0.15,NORMAL
2026-09-18 14:00:00,R110,32.44,0,0,0,1,0.15,0.15,NORMAL
2026-09-18 14:00:00,R111,32.44,1,1,0,1,1.743,1.743,NORMAL
2026-09-18 14:00:00,R112,32.44,0,0,0,1,0.15,0.15,NORMAL
2026-09-18 14:00:00,R113,32.44,0,0,0,1,0.15,0.15,NORMAL
2026-09-18 14:00:00,R114,32.44,0,0,0,1,0.15,0.15,NORMAL
2026-09-18 14:00:00,R115,32.44,0,0,0,1,0.15,0.15,NORMAL
2026-09-18 14:00:00,R116,32.44,1,1,0,1,1.71,1.71,NORMAL
2026-09-18 14:00:00,R117,32.44,0,0,0,1,0.834,0.834,STANDBY_WASTE
2026-09-18 14:00:00,R118,32.44,1,1,0,1,1.701,1.701,NORMAL
2026-09-18 14:00:00,R119,32.44,2,1,0,1,1.855,1.855,NORMAL
2026-09-18 14:00:00,R120,32.44,0,0,0,1,0.15,0.15,NORMAL
2026-09-18 15:00:00,R101,33.89,0,0,0,1,0.15,0.15,NORMAL
2026-09-18 15:00:00,R102,33.89,2,1,0,1,1.578,1.578,NORMAL
2026-09-18 15:00:00,R103,33.89,1,1,0,1,1.557,1.557,NORMAL
2026-09-18 15:00:00,R104,33.89,0,0,0,1,0.15,0.15,NORMAL
2026-09-18 15:00:00,R105,33.89,1,1,0,1,1.46,1.46,NORMAL
2026-09-18 15:00:00,R106,33.89,1,1,0,1,1.698,1.698,NORMAL
2026-09-18 15:00:00,R107,33.89,0,0,0,1,0.15,0.15,NORMAL
2026-09-18 15:00:00,R108,33.89,0,0,0,1,0.15,0.15,NORMAL
2026-09-18 15:00:00,R109,33.89,1,1,0,1,1.953,1.953,NORMAL
2026-09-18 15:00:00,R110,33.89,0,0,0,1,0.15,0.15,NORMAL
2026-09-18 15:00:00,R111,33.89,0,1,0,1,1.352,1.352,AC_WASTE
2026-09-18 15:00:00,R112,33.89,0,0,0,1,0.15,0.15,NORMAL
2026-09-18 15:00:00,R113,33.89,1,1,0,1,1.606,1.606,NORMAL
2026-09-18 15:00:00,R114,33.89,0,0,0,1,0.15,0.15,NORMAL
2026-09-18 15:00:00,R115,33.89,1,1,0,1,1.936,1.936,NORMAL
2026-09-18 15:00:00,R116,33.89,1,1,0,1,2.064,2.064,NORMAL
2026-09-18 15:00:00,R117,33.89,0,0,0,1,0.15,0.15,NORMAL
2026-09-18 15:00:00,R118,33.89,0,0,0,1,0.15,0.15,NORMAL
2026-09-18 15:00:00,R119,33.89,0,0,0,1,0.15,0.15,NORMAL
2026-09-18 15:00:00,R120,33.89,0,0,0,1,0.15,0.15,NORMAL
2026-09-18 16:00:00,R101,31.24,0,0,0,1,0.15,0.15,NORMAL
2026-09-18 16:00:00,R102,31.24,0,0,0,1,0.15,0.15,NORMAL
2026-09-18 16:00:00,R103,31.24,0,0,0,1,0.15,0.15,NORMAL
2026-09-18 16:00:00,R104,31.24,1,1,0,1,1.652,1.652,NORMAL
2026-09-18 16:00:00,R105,31.24,1,1,0,1,1.419,1.419,NORMAL
2026-09-18 16:00:00,R106,31.24,0,0,0,1,0.15,0.15,NORMAL
2026-09-18 16:00:00,R107,31.24,0,0,0,1,0.15,0.15,NORMAL
2026-09-18 16:00:00,R108,31.24,1,1,0,1,1.477,1.477,NORMAL
2026-09-18 16:00:00,R109,31.24,1,1,0,1,2.017,2.017,NORMAL
2026-09-18 16:00:00,R110,31.24,1,1,0,1,1.932,1.932,NORMAL
2026-09-18 16:00:00,R111,31.24,0,0,0,1,0.15,0.15,NORMAL
2026-09-18 16:00:00,R112,31.24,1,1,0,1,1.924,1.924,NORMAL
2026-09-18 16:00:00,R113,31.24,0,0,0,1,0.15,0.15,NORMAL
2026-09-18 16:00:00,R114,31.24,1,1,0,1,1.893,1.893,NORMAL
2026-09-18 16:00:00,R115,31.24,1,1,0,1,1.792,1.792,NORMAL
2026-09-18 16:00:00,R116,31.24,0,0,0,1,0.15,0.15,NORMAL
2026-09-18 16:00:00,R117,31.24,0,0,0,1,0.15,0.15,NORMAL
2026-09-18 16:00:00,R118,31.24,0,0,0,1,0.15,0.15,NORMAL
2026-09-18 16:00:00,R119,31.24,0,0,0,1,0.15,0.15,NORMAL
2026-09-18 16:00:00,R120,31.24,0,0,0,1,0.15,0.15,NORMAL
2026-09-18 17:00:00,R101,28.84,1,0,0,1,0.248,0.248,NORMAL
2026-09-18 17:00:00,R102,28.84,2,0,0,1,0.446,0.446,NORMAL
2026-09-18 17:00:00,R103,28.84,2,0,0,1,0.273,0.273,NORMAL
2026-09-18 17:00:00,R104,28.84,1,0,0,1,0.258,0.258,NORMAL
2026-09-18 17:00:00,R105,28.84,2,0,0,1,0.428,0.428,NORMAL
2026-09-18 17:00:00,R106,28.84,1,0,0,1,0.257,0.257,NORMAL
2026-09-18 17:00:00,R107,28.84,2,0,0,1,0.442,0.442,NORMAL
2026-09-18 17:00:00,R108,28.84,2,0,0,1,0.255,0.255,NORMAL
2026-09-18 17:00:00,R109,28.84,2,0,0,1,0.333,0.333,NORMAL
2026-09-18 17:00:00,R110,28.84,2,0,0,1,0.377,0.377,NORMAL
2026-09-18 17:00:00,R111,28.84,2,0,0,1,0.287,0.287,NORMAL
2026-09-18 17:00:00,R112,28.84,0,0,0,1,0.15,0.15,NORMAL
2026-09-18 17:00:00,R113,28.84,2,0,0,1,0.318,0.318,NORMAL
2026-09-18 17:00:00,R114,28.84,1,0,0,1,0.298,0.298,NORMAL
2026-09-18 17:00:00,R115,28.84,2,0,0,1,0.388,0.388,NORMAL
2026-09-18 17:00:00,R116,28.84,0,0,0,1,0.15,0.15,NORMAL
2026-09-18 17:00:00,R117,28.84,2,0,0,1,0.317,0.317,NORMAL
2026-09-18 17:00:00,R118,28.84,1,0,0,1,0.237,0.237,NORMAL
2026-09-18 17:00:00,R119,28.84,2,0,0,1,0.379,0.379,NORMAL
2026-09-18 17:00:00,R120,28.84,1,0,0,1,0.234,0.234,NORMAL
2026-09-18 18:00:00,R101,27.14,2,0,1,1,0.491,0.491,NORMAL
2026-09-18 18:00:00,R102,27.14,2,0,1,1,0.449,0.449,NORMAL
2026-09-18 18:00:00,R103,27.14,2,0,1,1,0.46,0.46,NORMAL
2026-09-18 18:00:00,R104,27.14,1,0,1,1,0.351,0.351,NORMAL
2026-09-18 18:00:00,R105,27.14,1,0,1,1,0.422,0.422,NORMAL
2026-09-18 18:00:00,R106,27.14,2,0,1,1,0.627,0.627,NORMAL
2026-09-18 18:00:00,R107,27.14,2,0,1,1,0.392,0.392,NORMAL
2026-09-18 18:00:00,R108,27.14,1,0,1,1,0.408,0.408,NORMAL
2026-09-18 18:00:00,R109,27.14,2,0,1,1,0.505,0.505,NORMAL
2026-09-18 18:00:00,R110,27.14,1,0,1,1,0.379,0.379,NORMAL
2026-09-18 18:00:00,R111,27.14,1,0,1,1,0.408,0.408,NORMAL
2026-09-18 18:00:00,R112,27.14,1,0,1,1,0.379,0.379,NORMAL
2026-09-18 18:00:00,R113,27.14,0,0,1,1,0.15,0.15,NORMAL
2026-09-18 18:00:00,R114,27.14,2,0,1,1,0.58,0.58,NORMAL
2026-09-18 18:00:00,R115,27.14,0,0,1,1,0.15,0.15,NORMAL
2026-09-18 18:00:00,R116,27.14,2,0,1,1,0.552,0.552,NORMAL
2026-09-18 18:00:00,R117,27.14,2,0,1,1,0.538,0.538,NORMAL
2026-09-18 18:00:00,R118,27.14,2,0,1,1,0.383,0.383,NORMAL
2026-09-18 18:00:00,R119,27.14,1,0,1,1,0.462,0.462,NORMAL
2026-09-18 18:00:00,R120,27.14,0,0,1,1,0.15,0.15,NORMAL
2026-09-18 19:00:00,R101,25.71,1,0,1,1,0.362,0.362,NORMAL
2026-09-18 19:00:00,R102,25.71,2,0,1,1,1.074,1.074,STANDBY_WASTE
2026-09-18 19:00:00,R103,25.71,1,0,1,1,0.375,0.375,NORMAL
2026-09-18 19:00:00,R104,25.71,0,0,1,1,0.15,0.15,NORMAL
2026-09-18 19:00:00,R105,25.71,1,0,1,1,0.401,0.401,NORMAL
2026-09-18 19:00:00,R106,25.71,1,0,1,1,0.298,0.298,NORMAL
2026-09-18 19:00:00,R107,25.71,2,0,1,1,0.47,0.47,NORMAL
2026-09-18 19:00:00,R108,25.71,2,0,1,1,0.447,0.447,NORMAL
2026-09-18 19:00:00,R109,25.71,2,0,1,1,0.474,0.474,NORMAL
2026-09-18 19:00:00,R110,25.71,1,0,1,1,0.373,0.373,NORMAL
2026-09-18 19:00:00,R111,25.71,1,0,1,1,0.308,0.308,NORMAL
2026-09-18 19:00:00,R112,25.71,1,0,1,1,0.397,0.397,NORMAL
2026-09-18 19:00:00,R113,25.71,1,0,1,1,0.446,0.446,NORMAL
2026-09-18 19:00:00,R114,25.71,2,0,1,1,0.499,0.499,NORMAL
2026-09-18 19:00:00,R115,25.71,0,1,1,1,1.367,1.367,AC_WASTE
2026-09-18 19:00:00,R116,25.71,1,0,1,1,0.376,0.376,NORMAL
2026-09-18 19:00:00,R117,25.71,1,0,1,1,0.401,0.401,NORMAL
2026-09-18 19:00:00,R118,25.71,2,0,1,1,0.49,0.49,NORMAL
2026-09-18 19:00:00,R119,25.71,2,0,1,1,0.523,0.523,NORMAL
2026-09-18 19:00:00,R120,25.71,1,0,1,1,0.403,0.403,NORMAL
2026-09-18 20:00:00,R101,20.82,2,0,1,1,0.379,0.379,NORMAL
2026-09-18 20:00:00,R102,20.82,1,0,1,1,0.428,0.428,NORMAL
2026-09-18 20:00:00,R103,20.82,2,0,1,1,1.164,1.164,STANDBY_WASTE
2026-09-18 20:00:00,R104,20.82,1,0,1,1,0.318,0.318,NORMAL
2026-09-18 20:00:00,R105,20.82,1,0,1,1,0.413,0.413,NORMAL
2026-09-18 20:00:00,R106,20.82,0,0,1,1,0.15,0.15,NORMAL
2026-09-18 20:00:00,R107,20.82,2,0,1,1,0.379,0.379,NORMAL
2026-09-18 20:00:00,R108,20.82,2,0,1,1,0.647,0.647,NORMAL
2026-09-18 20:00:00,R109,20.82,2,0,1,1,0.432,0.432,NORMAL
2026-09-18 20:00:00,R110,20.82,2,0,1,1,0.496,0.496,NORMAL
2026-09-18 20:00:00,R111,20.82,2,0,1,1,0.407,0.407,NORMAL
2026-09-18 20:00:00,R112,20.82,1,0,1,1,0.397,0.397,NORMAL
2026-09-18 20:00:00,R113,20.82,2,0,1,1,0.577,0.577,NORMAL
2026-09-18 20:00:00,R114,20.82,1,0,1,1,0.332,0.332,NORMAL
2026-09-18 20:00:00,R115,20.82,2,0,1,1,0.587,0.587,NORMAL
2026-09-18 20:00:00,R116,20.82,1,0,1,1,0.41,0.41,NORMAL
2026-09-18 20:00:00,R117,20.82,1,0,1,1,0.39,0.39,NORMAL
2026-09-18 20:00:00,R118,20.82,1,0,1,1,0.332,0.332,NORMAL
2026-09-18 20:00:00,R119,20.82,1,0,1,1,0.436,0.436,NORMAL
2026-09-18 20:00:00,R120,20.82,1,0,1,1,0.356,0.356,NORMAL
2026-09-18 21:00:00,R101,22.9,1,0,1,1,0.395,0.395,NORMAL
2026-09-18 21:00:00,R102,22.9,2,0,1,1,0.512,0.512,NORMAL
2026-09-18 21:00:00,R103,22.9,1,0,1,1,0.394,0.394,NORMAL
2026-09-18 21:00:00,R104,22.9,2,0,1,1,0.555,0.555,NORMAL
2026-09-18 21:00:00,R105,22.9,1,0,1,1,0.358,0.358,NORMAL
2026-09-18 21:00:00,R106,22.9,2,0,1,1,0.412,0.412,NORMAL
2026-09-18 21:00:00,R107,22.9,2,0,1,1,0.571,0.571,NORMAL
2026-09-18 21:00:00,R108,22.9,2,0,1,1,0.489,0.489,NORMAL
2026-09-18 21:00:00,R109,22.9,1,0,1,1,0.354,0.354,NORMAL
2026-09-18 21:00:00,R110,22.9,2,0,1,1,0.463,0.463,NORMAL
2026-09-18 21:00:00,R111,22.9,1,0,1,1,0.427,0.427,NORMAL
2026-09-18 21:00:00,R112,22.9,1,0,1,1,0.403,0.403,NORMAL
2026-09-18 21:00:00,R113,22.9,2,0,1,1,0.556,0.556,NORMAL
2026-09-18 21:00:00,R114,22.9,2,0,1,1,0.478,0.478,NORMAL
2026-09-18 21:00:00,R115,22.9,1,0,1,1,0.433,0.433,NORMAL
2026-09-18 21:00:00,R116,22.9,2,0,1,1,0.453,0.453,NORMAL
2026-09-18 21:00:00,R117,22.9,2,0,1,1,0.421,0.421,NORMAL
2026-09-18 21:00:00,R118,22.9,2,0,1,1,0.517,0.517,NORMAL
2026-09-18 21:00:00,R119,22.9,1,0,1,1,0.392,0.392,NORMAL
2026-09-18 21:00:00,R120,22.9,2,0,1,1,0.64,0.64,NORMAL
2026-09-18 22:00:00,R101,20.9,2,0,1,1,0.467,0.467,NORMAL
2026-09-18 22:00:00,R102,20.9,2,0,1,1,0.526,0.526,NORMAL
2026-09-18 22:00:00,R103,20.9,1,0,1,1,0.378,0.378,NORMAL
2026-09-18 22:00:00,R104,20.9,1,0,1,1,0.358,0.358,NORMAL
2026-09-18 22:00:00,R105,20.9,1,0,1,1,0.404,0.404,NORMAL
2026-09-18 22:00:00,R106,20.9,1,0,1,1,0.389,0.389,NORMAL
2026-09-18 22:00:00,R107,20.9,2,0,1,1,0.457,0.457,NORMAL
2026-09-18 22:00:00,R108,20.9,1,0,1,1,0.475,0.475,NORMAL
2026-09-18 22:00:00,R109,20.9,1,0,1,1,0.396,0.396,NORMAL
2026-09-18 22:00:00,R110,20.9,2,0,1,1,0.385,0.385,NORMAL
2026-09-18 22:00:00,R111,20.9,1,0,1,1,0.37,0.37,NORMAL
2026-09-18 22:00:00,R112,20.9,2,0,1,1,0.396,0.396,NORMAL
2026-09-18 22:00:00,R113,20.9,2,0,1,1,0.451,0.451,NORMAL
2026-09-18 22:00:00,R114,20.9,0,0,1,1,0.15,0.15,NORMAL
2026-09-18 22:00:00,R115,20.9,1,0,1,1,0.445,0.445,NORMAL
2026-09-18 22:00:00,R116,20.9,2,0,1,1,0.399,0.399,NORMAL
2026-09-18 22:00:00,R117,20.9,0,0,1,1,0.15,0.15,NORMAL
2026-09-18 22:00:00,R118,20.9,2,0,1,1,0.414,0.414,NORMAL
2026-09-18 22:00:00,R119,20.9,1,0,1,1,0.357,0.357,NORMAL
2026-09-18 22:00:00,R120,20.9,2,0,1,1,0.521,0.521,NORMAL
2026-09-18 23:00:00,R101,19.86,0,0,1,0,0.15,0.15,NORMAL
2026-09-18 23:00:00,R102,19.86,0,0,1,0,0.15,0.15,NORMAL
2026-09-18 23:00:00,R103,19.86,0,0,1,0,0.15,0.15,NORMAL
2026-09-18 23:00:00,R104,19.86,0,0,1,0,0.15,0.15,NORMAL
2026-09-18 23:00:00,R105,19.86,0,0,1,0,0.15,0.15,NORMAL
2026-09-18 23:00:00,R106,19.86,0,0,1,0,0.15,0.15,NORMAL
2026-09-18 23:00:00,R107,19.86,0,0,1,0,0.15,0.15,NORMAL
2026-09-18 23:00:00,R108,19.86,0,0,1,0,0.15,0.15,NORMAL
2026-09-18 23:00:00,R109,19.86,0,0,1,0,0.15,0.15,NORMAL
2026-09-18 23:00:00,R110,19.86,0,0,1,0,0.15,0.15,NORMAL
2026-09-18 23:00:00,R111,19.86,0,0,1,0,0.15,0.15,NORMAL
2026-09-18 23:00:00,R112,19.86,0,0,1,0,0.15,0.15,NORMAL
2026-09-18 23:00:00,R113,19.86,0,0,1,0,0.15,0.15,NORMAL
2026-09-18 23:00:00,R114,19.86,0,0,1,0,0.15,0.15,NORMAL
2026-09-18 23:00:00,R115,19.86,1,0,1,0,0.317,0.317,NORMAL
2026-09-18 23:00:00,R116,19.86,0,0,1,0,0.15,0.15,NORMAL
2026-09-18 23:00:00,R117,19.86,0,0,1,0,0.15,0.15,NORMAL
2026-09-18 23:00:00,R118,19.86,0,0,1,0,0.15,0.15,NORMAL
2026-09-18 23:00:00,R119,19.86,0,0,1,0,0.15,0.15,NORMAL
2026-09-18 23:00:00,R120,19.86,1,0,1,0,0.424,0.424,NORMAL
2026-09-19 00:00:00,R101,19.61,0,0,1,0,0.15,0.15,NORMAL
2026-09-19 00:00:00,R102,19.61,0,0,1,0,0.15,0.15,NORMAL
2026-09-19 00:00:00,R103,19.61,0,0,1,0,0.899,0.899,STANDBY_WASTE
2026-09-19 00:00:00,R104,19.61,0,0,1,0,0.15,0.15,NORMAL
2026-09-19 00:00:00,R105,19.61,0,0,1,0,0.15,0.15,NORMAL
2026-09-19 00:00:00,R106,19.61,0,0,1,0,0.15,0.15,NORMAL
2026-09-19 00:00:00,R107,19.61,1,0,1,0,0.43,0.43,NORMAL
2026-09-19 00:00:00,R108,19.61,0,0,1,0,0.15,0.15,NORMAL
2026-09-19 00:00:00,R109,19.61,0,0,1,0,0.15,0.15,NORMAL
2026-09-19 00:00:00,R110,19.61,1,0,1,0,0.403,0.403,NORMAL
2026-09-19 00:00:00,R111,19.61,0,0,1,0,0.15,0.15,NORMAL
2026-09-19 00:00:00,R112,19.61,0,0,1,0,0.15,0.15,NORMAL
2026-09-19 00:00:00,R113,19.61,0,0,1,0,0.15,0.15,NORMAL
2026-09-19 00:00:00,R114,19.61,1,0,1,0,0.381,0.381,NORMAL
2026-09-19 00:00:00,R115,19.61,0,0,1,0,0.15,0.15,NORMAL
2026-09-19 00:00:00,R116,19.61,0,0,1,0,0.15,0.15,NORMAL
2026-09-19 00:00:00,R117,19.61,1,0,1,0,0.394,0.394,NORMAL
2026-09-19 00:00:00,R118,19.61,0,0,1,0,0.15,0.15,NORMAL
2026-09-19 00:00:00,R119,19.61,0,0,1,0,0.15,0.15,NORMAL
2026-09-19 00:00:00,R120,19.61,0,0,1,0,0.15,0.15,NORMAL
2026-09-19 01:00:00,R101,20.07,1,0,1,0,0.366,0.366,NORMAL
2026-09-19 01:00:00,R102,20.07,0,0,1,0,0.15,0.15,NORMAL
2026-09-19 01:00:00,R103,20.07,0,0,1,0,0.15,0.15,NORMAL
2026-09-19 01:00:00,R104,20.07,0,0,1,0,0.15,0.15,NORMAL
2026-09-19 01:00:00,R105,20.07,1,0,1,0,0.38,0.38,NORMAL
2026-09-19 01:00:00,R106,20.07,1,0,1,0,0.436,0.436,NORMAL
2026-09-19 01:00:00,R107,20.07,0,0,1,0,0.15,0.15,NORMAL
2026-09-19 01:00:00,R108,20.07,0,0,1,0,0.15,0.15,NORMAL
2026-09-19 01:00:00,R109,20.07,0,0,1,0,0.15,0.15,NORMAL
2026-09-19 01:00:00,R110,20.07,0,0,1,0,0.15,0.15,NORMAL
2026-09-19 01:00:00,R111,20.07,0,0,1,0,0.15,0.15,NORMAL
2026-09-19 01:00:00,R112,20.07,0,0,1,0,0.15,0.15,NORMAL
2026-09-19 01:00:00,R113,20.07,0,0,1,0,0.15,0.15,NORMAL
2026-09-19 01:00:00,R114,20.07,0,0,1,0,0.15,0.15,NORMAL
2026-09-19 01:00:00,R115,20.07,0,0,1,0,0.15,0.15,NORMAL
2026-09-19 01:00:00,R116,20.07,0,0,1,0,0.15,0.15,NORMAL
2026-09-19 01:00:00,R117,20.07,0,0,1,0,0.15,0.15,NORMAL
2026-09-19 01:00:00,R118,20.07,0,0,1,0,0.15,0.15,NORMAL
2026-09-19 01:00:00,R119,20.07,0,0,1,0,0.15,0.15,NORMAL
2026-09-19 01:00:00,R120,20.07,0,0,1,0,0.15,0.15,NORMAL
2026-09-19 02:00:00,R101,21.05,0,0,1,0,0.15,0.15,NORMAL
2026-09-19 02:00:00,R102,21.05,0,0,1,0,0.15,0.15,NORMAL
2026-09-19 02:00:00,R103,21.05,0,0,1,0,0.15,0.15,NORMAL
2026-09-19 02:00:00,R104,21.05,1,0,1,0,0.292,0.292,NORMAL
2026-09-19 02:00:00,R105,21.05,1,0,1,0,0.451,0.451,NORMAL
2026-09-19 02:00:00,R106,21.05,0,0,1,0,0.15,0.15,NORMAL
2026-09-19 02:00:00,R107,21.05,0,0,1,0,0.15,0.15,NORMAL
2026-09-19 02:00:00,R108,21.05,1,0,1,0,0.433,0.433,NORMAL
2026-09-19 02:00:00,R109,21.05,0,0,1,0,0.15,0.15,NORMAL
2026-09-19 02:00:00,R110,21.05,0,0,1,0,0.15,0.15,NORMAL
2026-09-19 02:00:00,R111,21.05,0,0,1,0,0.15,0.15,NORMAL
2026-09-19 02:00:00,R112,21.05,0,0,1,0,0.15,0.15,NORMAL
2026-09-19 02:00:00,R113,21.05,0,0,1,0,0.15,0.15,NORMAL
2026-09-19 02:00:00,R114,21.05,0,0,1,0,0.15,0.15,NORMAL
2026-09-19 02:00:00,R115,21.05,0,1,1,0,1.315,1.315,AC_WASTE
2026-09-19 02:00:00,R116,21.05,0,0,1,0,0.15,0.15,NORMAL
2026-09-19 02:00:00,R117,21.05,1,0,1,0,0.328,0.328,NORMAL
2026-09-19 02:00:00,R118,21.05,0,0,1,0,0.15,0.15,NORMAL
2026-09-19 02:00:00,R119,21.05,0,0,1,0,0.15,0.15,NORMAL
2026-09-19 02:00:00,R120,21.05,0,0,1,0,0.15,0.15,NORMAL
2026-09-19 03:00:00,R101,23.39,0,0,1,0,0.15,0.15,NORMAL
2026-09-19 03:00:00,R102,23.39,0,0,1,0,0.15,0.15,NORMAL
2026-09-19 03:00:00,R103,23.39,0,0,1,0,0.15,0.15,NORMAL
2026-09-19 03:00:00,R104,23.39,0,0,1,0,0.15,0.15,NORMAL
2026-09-19 03:00:00,R105,23.39,0,0,1,0,0.15,0.15,NORMAL
2026-09-19 03:00:00,R106,23.39,0,0,1,0,0.15,0.15,NORMAL
2026-09-19 03:00:00,R107,23.39,0,0,1,0,0.15,0.15,NORMAL
2026-09-19 03:00:00,R108,23.39,0,0,1,0,0.15,0.15,NORMAL
2026-09-19 03:00:00,R109,23.39,1,0,1,0,0.417,0.417,NORMAL
2026-09-19 03:00:00,R110,23.39,0,0,1,0,0.15,0.15,NORMAL
2026-09-19 03:00:00,R111,23.39,1,0,1,0,0.432,0.432,NORMAL
2026-09-19 03:00:00,R112,23.39,0,0,1,0,0.15,0.15,NORMAL
2026-09-19 03:00:00,R113,23.39,0,0,1,0,0.15,0.15,NORMAL
2026-09-19 03:00:00,R114,23.39,1,0,1,0,0.407,0.407,NORMAL
2026-09-19 03:00:00,R115,23.39,0,1,1,0,1.55,1.55,AC_WASTE
2026-09-19 03:00:00,R116,23.39,0,0,1,0,0.15,0.15,NORMAL
2026-09-19 03:00:00,R117,23.39,1,0,1,0,0.396,0.396,NORMAL
2026-09-19 03:00:00,R118,23.39,0,0,1,0,0.15,0.15,NORMAL
2026-09-19 03:00:00,R119,23.39,1,0,1,0,0.365,0.365,NORMAL
2026-09-19 03:00:00,R120,23.39,0,0,1,0,0.15,0.15,NORMAL
2026-09-19 04:00:00,R101,23.26,0,0,1,0,0.15,0.15,NORMAL
2026-09-19 04:00:00,R102,23.26,0,0,1,0,0.15,0.15,NORMAL
2026-09-19 04:00:00,R103,23.26,0,0,1,0,0.15,0.15,NORMAL
2026-09-19 04:00:00,R104,23.26,0,0,1,0,0.15,0.15,NORMAL
2026-09-19 04:00:00,R105,23.26,0,0,1,0,0.15,0.15,NORMAL
2026-09-19 04:00:00,R106,23.26,1,0,1,0,0.401,0.401,NORMAL
2026-09-19 04:00:00,R107,23.26,0,0,1,0,0.15,0.15,NORMAL
2026-09-19 04:00:00,R108,23.26,1,0,1,0,0.343,0.343,NORMAL
2026-09-19 04:00:00,R109,23.26,0,0,1,0,0.15,0.15,NORMAL
2026-09-19 04:00:00,R110,23.26,1,0,1,0,0.448,0.448,NORMAL
2026-09-19 04:00:00,R111,23.26,1,0,1,0,0.369,0.369,NORMAL
2026-09-19 04:00:00,R112,23.26,0,0,1,0,0.15,0.15,NORMAL
2026-09-19 04:00:00,R113,23.26,0,0,1,0,0.15,0.15,NORMAL
2026-09-19 04:00:00,R114,23.26,0,0,1,0,0.15,0.15,NORMAL
2026-09-19 04:00:00,R115,23.26,0,0,1,0,0.15,0.15,NORMAL
2026-09-19 04:00:00,R116,23.26,1,0,1,0,0.457,0.457,NORMAL
2026-09-19 04:00:00,R117,23.26,0,0,1,0,0.15,0.15,NORMAL
2026-09-19 04:00:00,R118,23.26,0,0,1,0,0.15,0.15,NORMAL
2026-09-19 04:00:00,R119,23.26,0,0,1,0,0.15,0.15,NORMAL
2026-09-19 04:00:00,R120,23.26,0,0,1,0,0.15,0.15,NORMAL
2026-09-19 05:00:00,R101,25.66,0,0,1,0,0.15,0.15,NORMAL
2026-09-19 05:00:00,R102,25.66,0,0,1,0,0.15,0.15,NORMAL
2026-09-19 05:00:00,R103,25.66,1,0,1,0,0.314,0.314,NORMAL
2026-09-19 05:00:00,R104,25.66,1,0,1,0,0.372,0.372,NORMAL
2026-09-19 05:00:00,R105,25.66,1,0,1,0,0.375,0.375,NORMAL
2026-09-19 05:00:00,R106,25.66,0,0,1,0,0.15,0.15,NORMAL
2026-09-19 05:00:00,R107,25.66,0,0,1,0,0.15,0.15,NORMAL
2026-09-19 05:00:00,R108,25.66,1,0,1,0,0.298,0.298,NORMAL
2026-09-19 05:00:00,R109,25.66,0,0,1,0,0.15,0.15,NORMAL
2026-09-19 05:00:00,R110,25.66,0,0,1,0,0.15,0.15,NORMAL
2026-09-19 05:00:00,R111,25.66,1,0,1,0,0.417,0.417,NORMAL
2026-09-19 05:00:00,R112,25.66,1,0,1,0,0.349,0.349,NORMAL
2026-09-19 05:00:00,R113,25.66,0,0,1,0,0.15,0.15,NORMAL
2026-09-19 05:00:00,R114,25.66,1,0,1,0,0.404,0.404,NORMAL
2026-09-19 05:00:00,R115,25.66,0,0,1,0,0.15,0.15,NORMAL
2026-09-19 05:00:00,R116,25.66,0,0,1,0,0.15,0.15,NORMAL
2026-09-19 05:00:00,R117,25.66,0,0,1,0,0.15,0.15,NORMAL
2026-09-19 05:00:00,R118,25.66,0,0,1,0,0.15,0.15,NORMAL
2026-09-19 05:00:00,R119,25.66,0,0,1,0,0.15,0.15,NORMAL
2026-09-19 05:00:00,R120,25.66,0,0,1,0,0.15,0.15,NORMAL
2026-09-19 06:00:00,R101,24.74,0,1,0,1,1.596,1.596,AC_WASTE
2026-09-19 06:00:00,R102,24.74,2,0,0,1,0.3,0.3,NORMAL
2026-09-19 06:00:00,R103,24.74,2,0,0,1,0.265,0.265,NORMAL
2026-09-19 06:00:00,R104,24.74,2,0,0,1,0.38,0.38,NORMAL
2026-09-19 06:00:00,R105,24.74,0,0,0,1,0.15,0.15,NORMAL
2026-09-19 06:00:00,R106,24.74,0,0,0,1,0.15,0.15,NORMAL
2026-09-19 06:00:00,R107,24.74,1,0,0,1,0.249,0.249,NORMAL
2026-09-19 06:00:00,R108,24.74,0,0,0,1,0.15,0.15,NORMAL
2026-09-19 06:00:00,R109,24.74,2,0,0,1,0.408,0.408,NORMAL
2026-09-19 06:00:00,R110,24.74,2,0,0,1,0.327,0.327,NORMAL
2026-09-19 06:00:00,R111,24.74,0,0,0,1,0.15,0.15,NORMAL
2026-09-19 06:00:00,R112,24.74,1,0,0,1,0.236,0.236,NORMAL
2026-09-19 06:00:00,R113,24.74,2,0,0,1,0.268,0.268,NORMAL
2026-09-19 06:00:00,R114,24.74,2,0,0,1,0.324,0.324,NORMAL
2026-09-19 06:00:00,R115,24.74,1,0,0,1,0.25,0.25,NORMAL
2026-09-19 06:00:00,R116,24.74,0,0,0,1,0.15,0.15,NORMAL
2026-09-19 06:00:00,R117,24.74,2,0,0,1,0.425,0.425,NORMAL
2026-09-19 06:00:00,R118,24.74,2,0,0,1,0.25,0.25,NORMAL
2026-09-19 06:00:00,R119,24.74,1,0,0,1,0.2,0.2,NORMAL
2026-09-19 06:00:00,R120,24.74,0,0,0,1,0.15,0.15,NORMAL
2026-09-19 07:00:00,R101,29.83,2,1,0,1,1.783,1.783,NORMAL
2026-09-19 07:00:00,R102,29.83,0,1,0,1,1.468,1.468,AC_WASTE
2026-09-19 07:00:00,R103,29.83,1,1,0,1,1.901,1.901,NORMAL
2026-09-19 07:00:00,R104,29.83,1,1,0,1,1.601,1.601,NORMAL
2026-09-19 07:00:00,R105,29.83,1,1,0,1,1.697,1.697,NORMAL
2026-09-19 07:00:00,R106,29.83,1,1,0,1,2.505,2.505,STANDBY_WASTE
2026-09-19 07:00:00,R107,29.83,2,1,0,1,1.701,1.701,NORMAL
2026-09-19 07:00:00,R108,29.83,1,1,0,1,1.621,1.621,NORMAL
2026-09-19 07:00:00,R109,29.83,1,1,0,1,1.823,1.823,NORMAL
2026-09-19 07:00:00,R110,29.83,0,1,0,1,1.387,1.387,AC_WASTE
2026-09-19 07:00:00,R111,29.83,2,1,0,1,1.846,1.846,NORMAL
2026-09-19 07:00:00,R112,29.83,1,1,0,1,1.686,1.686,NORMAL
2026-09-19 07:00:00,R113,29.83,1,1,0,1,1.717,1.717,NORMAL
2026-09-19 07:00:00,R114,29.83,0,0,0,1,0.15,0.15,NORMAL
2026-09-19 07:00:00,R115,29.83,2,1,0,1,2.067,2.067,NORMAL
2026-09-19 07:00:00,R116,29.83,1,1,0,1,1.461,1.461,NORMAL
2026-09-19 07:00:00,R117,29.83,2,1,0,1,1.619,1.619,NORMAL
2026-09-19 07:00:00,R118,29.83,2,1,0,1,1.572,1.572,NORMAL
2026-09-19 07:00:00,R119,29.83,2,1,0,1,1.813,1.813,NORMAL
2026-09-19 07:00:00,R120,29.83,1,1,0,1,1.673,1.673,NORMAL
2026-09-19 08:00:00,R101,29.18,1,1,0,1,1.904,1.904,NORMAL
2026-09-19 08:00:00,R102,29.18,1,1,0,1,1.545,1.545,NORMAL
2026-09-19 08:00:00,R103,29.18,2,1,0,1,1.787,1.787,NORMAL
2026-09-19 08:00:00,R104,29.18,1,1,0,1,1.553,1.553,NORMAL
2026-09-19 08:00:00,R105,29.18,1,1,0,1,1.928,1.928,NORMAL
2026-09-19 08:00:00,R106,29.18,2,1,0,1,1.851,1.851,NORMAL
2026-09-19 08:00:00,R107,29.18,1,1,0,1,1.832,1.832,NORMAL
2026-09-19 08:00:00,R108,29.18,1,1,0,1,1.497,1.497,NORMAL
2026-09-19 08:00:00,R109,29.18,1,1,0,1,1.541,1.541,NORMAL
2026-09-19 08:00:00,R110,29.18,0,0,0,1,0.15,0.15,NORMAL
2026-09-19 08:00:00,R111,29.18,1,1,0,1,1.815,1.815,NORMAL
2026-09-19 08:00:00,R112,29.18,0,0,0,1,0.15,0.15,NORMAL
2026-09-19 08:00:00,R113,29.18,1,1,0,1,1.528,1.528,NORMAL
2026-09-19 08:00:00,R114,29.18,2,1,0,1,1.616,1.616,NORMAL
2026-09-19 08:00:00,R115,29.18,2,1,0,1,1.74,1.74,NORMAL
2026-09-19 08:00:00,R116,29.18,1,1,0,1,1.917,1.917,NORMAL
2026-09-19 08:00:00,R117,29.18,1,1,0,1,1.789,1.789,NORMAL
2026-09-19 08:00:00,R118,29.18,2,1,0,1,2.025,2.025,NORMAL
2026-09-19 08:00:00,R119,29.18,1,1,0,1,1.959,1.959,NORMAL
2026-09-19 08:00:00,R120,29.18,1,1,0,1,1.54,1.54,NORMAL
2026-09-19 09:00:00,R101,31.5,0,1,0,1,1.646,1.646,AC_WASTE
2026-09-19 09:00:00,R102,31.5,0,0,0,1,0.15,0.15,NORMAL
2026-09-19 09:00:00,R103,31.5,2,1,0,1,1.831,1.831,NORMAL
2026-09-19 09:00:00,R104,31.5,0,0,0,1,0.15,0.15,NORMAL
2026-09-19 09:00:00,R105,31.5,1,1,0,1,1.466,1.466,NORMAL
2026-09-19 09:00:00,R106,31.5,2,1,0,1,1.671,1.671,NORMAL
2026-09-19 09:00:00,R107,31.5,2,1,0,1,2.224,2.224,NORMAL
2026-09-19 09:00:00,R108,31.5,0,0,0,1,0.15,0.15,NORMAL
2026-09-19 09:00:00,R109,31.5,0,0,0,1,0.15,0.15,NORMAL
2026-09-19 09:00:00,R110,31.5,1,1,0,1,1.801,1.801,NORMAL
2026-09-19 09:00:00,R111,31.5,1,1,0,1,1.974,1.974,NORMAL
2026-09-19 09:00:00,R112,31.5,0,0,0,1,0.15,0.15,NORMAL
2026-09-19 09:00:00,R113,31.5,1,1,0,1,2.057,2.057,NORMAL
2026-09-19 09:00:00,R114,31.5,0,0,0,1,0.15,0.15,NORMAL
2026-09-19 09:00:00,R115,31.5,2,1,0,1,1.981,1.981,NORMAL
2026-09-19 09:00:00,R116,31.5,0,0,0,1,0.15,0.15,NORMAL
2026-09-19 09:00:00,R117,31.5,2,1,0,1,1.577,1.577,NORMAL
2026-09-19 09:00:00,R118,31.5,1,1,0,1,1.614,1.614,NORMAL
2026-09-19 09:00:00,R119,31.5,0,1,0,1,1.731,1.731,AC_WASTE
2026-09-19 09:00:00,R120,31.5,0,1,0,1,1.606,1.606,AC_WASTE
2026-09-19 10:00:00,R101,32.78,1,1,0,1,1.93,1.93,NORMAL
2026-09-19 10:00:00,R102,32.78,0,0,0,1,0.15,0.15,NORMAL
2026-09-19 10:00:00,R103,32.78,0,0,0,1,0.15,0.15,NORMAL
2026-09-19 10:00:00,R104,32.78,0,0,0,1,0.15,0.15,NORMAL
2026-09-19 10:00:00,R105,32.78,0,0,0,1,0.15,0.15,NORMAL
2026-09-19 10:00:00,R106,32.78,0,0,0,1,0.15,0.15,NORMAL
2026-09-19 10:00:00,R107,32.78,1,1,0,1,1.754,1.754,NORMAL
2026-09-19 10:00:00,R108,32.78,0,0,0,1,0.15,0.15,NORMAL
2026-09-19 10:00:00,R109,32.78,1,1,0,1,1.54,1.54,NORMAL
2026-09-19 10:00:00,R110,32.78,0,0,0,1,0.15,0.15,NORMAL
2026-09-19 10:00:00,R111,32.78,0,0,0,1,0.15,0.15,NORMAL
2026-09-19 10:00:00,R112,32.78,1,1,0,1,2.514,2.514,STANDBY_WASTE
2026-09-19 10:00:00,R113,32.78,0,0,0,1,0.15,0.15,NORMAL
2026-09-19 10:00:00,R114,32.78,0,0,0,1,0.15,0.15,NORMAL
2026-09-19 10:00:00,R115,32.78,0,0,0,1,0.15,0.15,NORMAL
2026-09-19 10:00:00,R116,32.78,1,1,0,1,2.054,2.054,NORMAL
2026-09-19 10:00:00,R117,32.78,2,1,0,1,1.844,1.844,NORMAL
2026-09-19 10:00:00,R118,32.78,0,0,0,1,0.15,0.15,NORMAL
2026-09-19 10:00:00,R119,32.78,1,1,0,1,1.77,1.77,NORMAL
2026-09-19 10:00:00,R120,32.78,1,1,0,1,1.755,1.755,NORMAL
2026-09-19 11:00:00,R101,33.79,0,0,0,1,0.15,0.15,NORMAL
2026-09-19 11:00:00,R102,33.79,2,1,0,1,1.849,1.849,NORMAL
2026-09-19 11:00:00,R103,33.79,1,1,0,1,1.601,1.601,NORMAL
2026-09-19 11:00:00,R104,33.79,0,0,0,1,0.15,0.15,NORMAL
2026-09-19 11:00:00,R105,33.79,0,0,0,1,0.15,0.15,NORMAL
2026-09-19 11:00:00,R106,33.79,0,0,0,1,0.15,0.15,NORMAL
2026-09-19 11:00:00,R107,33.79,1,1,0,1,1.698,1.698,NORMAL
2026-09-19 11:00:00,R108,33.79,2,1,0,1,1.999,1.999,NORMAL
2026-09-19 11:00:00,R109,33.79,0,0,0,1,0.15,0.15,NORMAL
2026-09-19 11:00:00,R110,33.79,1,1,0,1,1.747,1.747,NORMAL
2026-09-19 11:00:00,R111,33.79,0,0,0,1,0.15,0.15,NORMAL
2026-09-19 11:00:00,R112,33.79,0,0,0,1,0.15,0.15,NORMAL
2026-09-19 11:00:00,R113,33.79,1,1,0,1,1.742,1.742,NORMAL
2026-09-19 11:00:00,R114,33.79,2,1,0,1,1.81,1.81,NORMAL
2026-09-19 11:00:00,R115,33.79,0,0,0,1,0.15,0.15,NORMAL
2026-09-19 11:00:00,R116,33.79,0,0,0,1,0.15,0.15,NORMAL
2026-09-19 11:00:00,R117,33.79,0,0,0,1,0.15,0.15,NORMAL
2026-09-19 11:00:00,R118,33.79,0,0,0,1,0.15,0.15,NORMAL
2026-09-19 11:00:00,R119,33.79,0,0,0,1,0.15,0.15,NORMAL
2026-09-19 11:00:00,R120,33.79,1,1,0,1,1.864,1.864,NORMAL
2026-09-19 12:00:00,R101,34.82,0,0,0,1,0.15,0.15,NORMAL
2026-09-19 12:00:00,R102,34.82,0,0,0,1,0.15,0.15,NORMAL
2026-09-19 12:00:00,R103,34.82,1,1,0,1,1.689,1.689,NORMAL
2026-09-19 12:00:00,R104,34.82,0,0,0,1,0.15,0.15,NORMAL
2026-09-19 12:00:00,R105,34.82,0,1,0,1,1.598,1.598,AC_WASTE
2026-09-19 12:00:00,R106,34.82,0,1,0,1,1.48,1.48,AC_WASTE
2026-09-19 12:00:00,R107,34.82,2,1,0,1,2.036,2.036,NORMAL
2026-09-19 12:00:00,R108,34.82,0,0,0,1,0.15,0.15,NORMAL
2026-09-19 12:00:00,R109,34.82,0,0,0,1,0.15,0.15,NORMAL
2026-09-19 12:00:00,R110,34.82,0,0,0,1,0.15,0.15,NORMAL
2026-09-19 12:00:00,R111,34.82,0,0,0,1,0.15,0.15,NORMAL
2026-09-19 12:00:00,R112,34.82,1,1,0,1,1.577,1.577,NORMAL
2026-09-19 12:00:00,R113,34.82,2,1,0,1,1.949,1.949,NORMAL
2026-09-19 12:00:00,R114,34.82,1,1,0,1,1.811,1.811,NORMAL
2026-09-19 12:00:00,R115,34.82,0,0,0,1,0.15,0.15,NORMAL
2026-09-19 12:00:00,R116,34.82,0,0,0,1,0.15,0.15,NORMAL
2026-09-19 12:00:00,R117,34.82,0,0,0,1,0.15,0.15,NORMAL
2026-09-19 12:00:00,R118,34.82,2,1,0,1,2.015,2.015,NORMAL
2026-09-19 12:00:00,R119,34.82,0,0,0,1,0.15,0.15,NORMAL
2026-09-19 12:00:00,R120,34.82,0,0,0,1,0.15,0.15,NORMAL
2026-09-19 13:00:00,R101,35.31,0,0,0,1,0.15,0.15,NORMAL
2026-09-19 13:00:00,R102,35.31,0,0,0,1,0.15,0.15,NORMAL
2026-09-19 13:00:00,R103,35.31,0,0,0,1,0.15,0.15,NORMAL
2026-09-19 13:00:00,R104,35.31,1,1,0,1,1.559,1.559,NORMAL
2026-09-19 13:00:00,R105,35.31,0,0,0,1,0.15,0.15,NORMAL
2026-09-19 13:00:00,R106,35.31,0,0,0,1,0.15,0.15,NORMAL
2026-09-19 13:00:00,R107,35.31,1,1,0,1,2.001,2.001,NORMAL
2026-09-19 13:00:00,R108,35.31,1,1,0,1,1.473,1.473,NORMAL
2026-09-19 13:00:00,R109,35.31,0,0,0,1,0.15,0.15,NORMAL
2026-09-19 13:00:00,R110,35.31,0,0,0,1,0.15,0.15,NORMAL
2026-09-19 13:00:00,R111,35.31,1,1,0,1,1.993,1.993,NORMAL
2026-09-19 13:00:00,R112,35.31,0,0,0,1,0.15,0.15,NORMAL
2026-09-19 13:00:00,R113,35.31,1,1,0,1,2.068,2.068,NORMAL
2026-09-19 13:00:00,R114,35.31,0,0,0,1,0.15,0.15,NORMAL
2026-09-19 13:00:00,R115,35.31,0,0,0,1,0.15,0.15,NORMAL
2026-09-19 13:00:00,R116,35.31,0,0,0,1,0.15,0.15,NORMAL
2026-09-19 13:00:00,R117,35.31,0,0,0,1,0.15,0.15,NORMAL
2026-09-19 13:00:00,R118,35.31,0,0,0,1,0.15,0.15,NORMAL
2026-09-19 13:00:00,R119,35.31,1,1,0,1,1.594,1.594,NORMAL
2026-09-19 13:00:00,R120,35.31,0,0,0,1,0.15,0.15,NORMAL
2026-09-19 14:00:00,R101,33.45,2,1,0,1,2.029,2.029,NORMAL
2026-09-19 14:00:00,R102,33.45,1,1,0,1,1.994,1.994,NORMAL
2026-09-19 14:00:00,R103,33.45,1,1,0,1,1.915,1.915,NORMAL
2026-09-19 14:00:00,R104,33.45,2,1,0,1,2.026,2.026,NORMAL
2026-09-19 14:00:00,R105,33.45,1,1,0,1,1.643,1.643,NORMAL
2026-09-19 14:00:00,R106,33.45,0,0,0,1,0.15,0.15,NORMAL
2026-09-19 14:00:00,R107,33.45,0,0,0,1,0.15,0.15,NORMAL
2026-09-19 14:00:00,R108,33.45,0,0,0,1,0.15,0.15,NORMAL
2026-09-19 14:00:00,R109,33.45,0,0,0,1,0.15,0.15,NORMAL
2026-09-19 14:00:00,R110,33.45,0,0,0,1,0.15,0.15,NORMAL
2026-09-19 14:00:00,R111,33.45,2,1,0,1,1.727,1.727,NORMAL
2026-09-19 14:00:00,R112,33.45,0,0,0,1,0.15,0.15,NORMAL
2026-09-19 14:00:00,R113,33.45,1,1,0,1,1.898,1.898,NORMAL
2026-09-19 14:00:00,R114,33.45,0,0,0,1,0.15,0.15,NORMAL
2026-09-19 14:00:00,R115,33.45,1,1,0,1,1.599,1.599,NORMAL
2026-09-19 14:00:00,R116,33.45,0,0,0,1,0.15,0.15,NORMAL
2026-09-19 14:00:00,R117,33.45,0,1,0,1,1.326,1.326,AC_WASTE
2026-09-19 14:00:00,R118,33.45,1,1,0,1,1.811,1.811,NORMAL
2026-09-19 14:00:00,R119,33.45,1,1,0,1,1.593,1.593,NORMAL
2026-09-19 14:00:00,R120,33.45,0,0,0,1,0.15,0.15,NORMAL
2026-09-19 15:00:00,R101,34.17,1,1,0,1,1.768,1.768,NORMAL
2026-09-19 15:00:00,R102,34.17,0,0,0,1,0.15,0.15,NORMAL
2026-09-19 15:00:00,R103,34.17,0,0,0,1,0.15,0.15,NORMAL
2026-09-19 15:00:00,R104,34.17,0,0,0,1,0.15,0.15,NORMAL
2026-09-19 15:00:00,R105,34.17,1,1,0,1,1.899,1.899,NORMAL
2026-09-19 15:00:00,R106,34.17,0,0,0,1,0.15,0.15,NORMAL
2026-09-19 15:00:00,R107,34.17,0,0,0,1,0.15,0.15,NORMAL
2026-09-19 15:00:00,R108,34.17,0,0,0,1,0.15,0.15,NORMAL
2026-09-19 15:00:00,R109,34.17,0,0,0,1,0.15,0.15,NORMAL
2026-09-19 15:00:00,R110,34.17,1,1,0,1,2.038,2.038,NORMAL
2026-09-19 15:00:00,R111,34.17,2,1,0,1,1.607,1.607,NORMAL
2026-09-19 15:00:00,R112,34.17,0,0,0,1,0.15,0.15,NORMAL
2026-09-19 15:00:00,R113,34.17,0,0,0,1,0.15,0.15,NORMAL
2026-09-19 15:00:00,R114,34.17,0,0,0,1,0.15,0.15,NORMAL
2026-09-19 15:00:00,R115,34.17,0,0,0,1,0.15,0.15,NORMAL
2026-09-19 15:00:00,R116,34.17,0,0,0,1,0.15,0.15,NORMAL
2026-09-19 15:00:00,R117,34.17,1,1,0,1,1.892,1.892,NORMAL
2026-09-19 15:00:00,R118,34.17,0,0,0,1,0.15,0.15,NORMAL
2026-09-19 15:00:00,R119,34.17,0,0,0,1,0.15,0.15,NORMAL
2026-09-19 15:00:00,R120,34.17,0,0,0,1,0.15,0.15,NORMAL
2026-09-19 16:00:00,R101,29.65,0,0,0,1,0.15,0.15,NORMAL
2026-09-19 16:00:00,R102,29.65,2,1,0,1,2.101,2.101,NORMAL
2026-09-19 16:00:00,R103,29.65,0,0,0,1,0.15,0.15,NORMAL
2026-09-19 16:00:00,R104,29.65,0,0,0,1,0.15,0.15,NORMAL
2026-09-19 16:00:00,R105,29.65,0,0,0,1,0.15,0.15,NORMAL
2026-09-19 16:00:00,R106,29.65,0,0,0,1,0.15,0.15,NORMAL
2026-09-19 16:00:00,R107,29.65,0,0,0,1,0.15,0.15,NORMAL
2026-09-19 16:00:00,R108,29.65,2,1,0,1,1.894,1.894,NORMAL
2026-09-19 16:00:00,R109,29.65,0,0,0,1,0.15,0.15,NORMAL
2026-09-19 16:00:00,R110,29.65,0,0,0,1,0.15,0.15,NORMAL
2026-09-19 16:00:00,R111,29.65,0,0,0,1,0.15,0.15,NORMAL
2026-09-19 16:00:00,R112,29.65,0,0,0,1,0.15,0.15,NORMAL
2026-09-19 16:00:00,R113,29.65,1,1,0,1,1.705,1.705,NORMAL
2026-09-19 16:00:00,R114,29.65,0,0,0,1,0.15,0.15,NORMAL
2026-09-19 16:00:00,R115,29.65,2,1,0,1,1.556,1.556,NORMAL
2026-09-19 16:00:00,R116,29.65,0,0,0,1,0.15,0.15,NORMAL
2026-09-19 16:00:00,R117,29.65,0,0,0,1,0.15,0.15,NORMAL
2026-09-19 16:00:00,R118,29.65,0,0,0,1,0.15,0.15,NORMAL
2026-09-19 16:00:00,R119,29.65,1,1,0,1,1.736,1.736,NORMAL
2026-09-19 16:00:00,R120,29.65,0,0,0,1,0.15,0.15,NORMAL
2026-09-19 17:00:00,R101,29.38,0,0,0,1,0.15,0.15,NORMAL
2026-09-19 17:00:00,R102,29.38,1,1,0,1,1.593,1.593,NORMAL
2026-09-19 17:00:00,R103,29.38,1,1,0,1,1.601,1.601,NORMAL
2026-09-19 17:00:00,R104,29.38,0,0,0,1,0.15,0.15,NORMAL
2026-09-19 17:00:00,R105,29.38,1,1,0,1,1.583,1.583,NORMAL
2026-09-19 17:00:00,R106,29.38,1,1,0,1,1.485,1.485,NORMAL
2026-09-19 17:00:00,R107,29.38,1,1,0,1,1.568,1.568,NORMAL
2026-09-19 17:00:00,R108,29.38,1,1,0,1,1.667,1.667,NORMAL
2026-09-19 17:00:00,R109,29.38,2,1,0,1,1.774,1.774,NORMAL
2026-09-19 17:00:00,R110,29.38,2,1,0,1,1.75,1.75,NORMAL
2026-09-19 17:00:00,R111,29.38,0,0,0,1,0.15,0.15,NORMAL
2026-09-19 17:00:00,R112,29.38,1,1,0,1,1.488,1.488,NORMAL
2026-09-19 17:00:00,R113,29.38,1,1,0,1,1.759,1.759,NORMAL
2026-09-19 17:00:00,R114,29.38,2,1,0,1,2.203,2.203,NORMAL
2026-09-19 17:00:00,R115,29.38,0,0,0,1,0.15,0.15,NORMAL
2026-09-19 17:00:00,R116,29.38,1,1,0,1,1.857,1.857,NORMAL
2026-09-19 17:00:00,R117,29.38,1,1,0,1,1.622,1.622,NORMAL
2026-09-19 17:00:00,R118,29.38,2,1,0,1,1.725,1.725,NORMAL
2026-09-19 17:00:00,R119,29.38,0,0,0,1,0.15,0.15,NORMAL
2026-09-19 17:00:00,R120,29.38,1,1,0,1,1.784,1.784,NORMAL
2026-09-19 18:00:00,R101,27.96,1,0,1,1,0.324,0.324,NORMAL
2026-09-19 18:00:00,R102,27.96,1,0,1,1,0.385,0.385,NORMAL
2026-09-19 18:00:00,R103,27.96,2,0,1,1,0.449,0.449,NORMAL
2026-09-19 18:00:00,R104,27.96,2,0,1,1,0.461,0.461,NORMAL
2026-09-19 18:00:00,R105,27.96,1,0,1,1,0.375,0.375,NORMAL
2026-09-19 18:00:00,R106,27.96,2,0,1,1,0.411,0.411,NORMAL
2026-09-19 18:00:00,R107,27.96,1,0,1,1,0.379,0.379,NORMAL
2026-09-19 18:00:00,R108,27.96,0,0,1,1,0.15,0.15,NORMAL
2026-09-19 18:00:00,R109,27.96,2,0,1,1,0.437,0.437,NORMAL
2026-09-19 18:00:00,R110,27.96,1,0,1,1,0.367,0.367,NORMAL
2026-09-19 18:00:00,R111,27.96,2,0,1,1,0.46,0.46,NORMAL
2026-09-19 18:00:00,R112,27.96,2,0,1,1,0.528,0.528,NORMAL
2026-09-19 18:00:00,R113,27.96,1,0,1,1,0.364,0.364,NORMAL
2026-09-19 18:00:00,R114,27.96,2,0,1,1,0.497,0.497,NORMAL
2026-09-19 18:00:00,R115,27.96,1,0,1,1,0.44,0.44,NORMAL
2026-09-19 18:00:00,R116,27.96,2,0,1,1,0.565,0.565,NORMAL
2026-09-19 18:00:00,R117,27.96,2,0,1,1,0.362,0.362,NORMAL
2026-09-19 18:00:00,R118,27.96,2,0,1,1,0.593,0.593,NORMAL
2026-09-19 18:00:00,R119,27.96,1,0,1,1,0.4,0.4,NORMAL
2026-09-19 18:00:00,R120,27.96,1,0,1,1,0.326,0.326,NORMAL
2026-09-19 19:00:00,R101,20.95,2,0,1,1,0.465,0.465,NORMAL
2026-09-19 19:00:00,R102,20.95,1,0,1,1,0.406,0.406,NORMAL
2026-09-19 19:00:00,R103,20.95,2,0,1,1,0.626,0.626,NORMAL
2026-09-19 19:00:00,R104,20.95,1,0,1,1,0.303,0.303,NORMAL
2026-09-19 19:00:00,R105,20.95,0,0,1,1,0.15,0.15,NORMAL
2026-09-19 19:00:00,R106,20.95,2,0,1,1,0.489,0.489,NORMAL
2026-09-19 19:00:00,R107,20.95,1,0,1,1,0.35,0.35,NORMAL
2026-09-19 19:00:00,R108,20.95,2,0,1,1,0.452,0.452,NORMAL
2026-09-19 19:00:00,R109,20.95,2,0,1,1,0.447,0.447,NORMAL
2026-09-19 19:00:00,R110,20.95,1,0,1,1,1.187,1.187,STANDBY_WASTE
2026-09-19 19:00:00,R111,20.95,1,0,1,1,0.386,0.386,NORMAL
2026-09-19 19:00:00,R112,20.95,1,0,1,1,0.322,0.322,NORMAL
2026-09-19 19:00:00,R113,20.95,1,0,1,1,0.387,0.387,NORMAL
2026-09-19 19:00:00,R114,20.95,2,0,1,1,0.387,0.387,NORMAL
2026-09-19 19:00:00,R115,20.95,0,0,1,1,0.15,0.15,NORMAL
2026-09-19 19:00:00,R116,20.95,1,0,1,1,0.4,0.4,NORMAL
2026-09-19 19:00:00,R117,20.95,1,0,1,1,0.322,0.322,NORMAL
2026-09-19 19:00:00,R118,20.95,2,0,1,1,0.404,0.404,NORMAL
2026-09-19 19:00:00,R119,20.95,2,0,1,1,0.574,0.574,NORMAL
2026-09-19 19:00:00,R120,20.95,1,0,1,1,0.379,0.379,NORMAL
2026-09-19 20:00:00,R101,25.78,2,0,1,1,0.626,0.626,NORMAL
2026-09-19 20:00:00,R102,25.78,1,0,1,1,0.403,0.403,NORMAL
2026-09-19 20:00:00,R103,25.78,2,0,1,1,0.517,0.517,NORMAL
2026-09-19 20:00:00,R104,25.78,1,0,1,1,0.389,0.389,NORMAL
2026-09-19 20:00:00,R105,25.78,2,0,1,1,0.476,0.476,NORMAL
2026-09-19 20:00:00,R106,25.78,2,0,1,1,0.431,0.431,NORMAL
2026-09-19 20:00:00,R107,25.78,1,0,1,1,0.332,0.332,NORMAL
2026-09-19 20:00:00,R108,25.78,1,0,1,1,0.394,0.394,NORMAL
2026-09-19 20:00:00,R109,25.78,2,0,1,1,0.503,0.503,NORMAL
2026-09-19 20:00:00,R110,25.78,1,0,1,1,0.432,0.432,NORMAL
2026-09-19 20:00:00,R111,25.78,1,0,1,1,0.376,0.376,NORMAL
2026-09-19 20:00:00,R112,25.78,1,0,1,1,0.309,0.309,NORMAL
2026-09-19 20:00:00,R113,25.78,1,0,1,1,0.387,0.387,NORMAL
2026-09-19 20:00:00,R114,25.78,1,0,1,1,0.434,0.434,NORMAL
2026-09-19 20:00:00,R115,25.78,0,0,1,1,0.15,0.15,NORMAL
2026-09-19 20:00:00,R116,25.78,2,0,1,1,0.427,0.427,NORMAL
2026-09-19 20:00:00,R117,25.78,0,0,1,1,0.15,0.15,NORMAL
2026-09-19 20:00:00,R118,25.78,1,0,1,1,0.382,0.382,NORMAL
2026-09-19 20:00:00,R119,25.78,1,0,1,1,1.009,1.009,STANDBY_WASTE
2026-09-19 20:00:00,R120,25.78,0,0,1,1,0.15,0.15,NORMAL
2026-09-19 21:00:00,R101,19.46,2,0,1,1,0.471,0.471,NORMAL
2026-09-19 21:00:00,R102,19.46,1,0,1,1,0.434,0.434,NORMAL
2026-09-19 21:00:00,R103,19.46,2,0,1,1,0.598,0.598,NORMAL
2026-09-19 21:00:00,R104,19.46,2,0,1,1,0.595,0.595,NORMAL
2026-09-19 21:00:00,R105,19.46,1,0,1,1,0.335,0.335,NORMAL
2026-09-19 21:00:00,R106,19.46,2,0,1,1,0.59,0.59,NORMAL
2026-09-19 21:00:00,R107,19.46,1,0,1,1,0.354,0.354,NORMAL
2026-09-19 21:00:00,R108,19.46,1,0,1,1,0.344,0.344,NORMAL
2026-09-19 21:00:00,R109,19.46,0,0,1,1,0.15,0.15,NORMAL
2026-09-19 21:00:00,R110,19.46,2,0,1,1,0.39,0.39,NORMAL
2026-09-19 21:00:00,R111,19.46,2,0,1,1,0.504,0.504,NORMAL
2026-09-19 21:00:00,R112,19.46,1,0,1,1,0.88,0.88,STANDBY_WASTE
2026-09-19 21:00:00,R113,19.46,1,0,1,1,0.439,0.439,NORMAL
2026-09-19 21:00:00,R114,19.46,1,0,1,1,1.022,1.022,STANDBY_WASTE
2026-09-19 21:00:00,R115,19.46,0,0,1,1,0.15,0.15,NORMAL
2026-09-19 21:00:00,R116,19.46,2,0,1,1,0.543,0.543,NORMAL
2026-09-19 21:00:00,R117,19.46,2,0,1,1,0.515,0.515,NORMAL
2026-09-19 21:00:00,R118,19.46,1,0,1,1,0.387,0.387,NORMAL
2026-09-19 21:00:00,R119,19.46,2,0,1,1,0.447,0.447,NORMAL
2026-09-19 21:00:00,R120,19.46,1,0,1,1,0.328,0.328,NORMAL
2026-09-19 22:00:00,R101,18.96,2,0,1,1,0.483,0.483,NORMAL
2026-09-19 22:00:00,R102,18.96,2,0,1,1,0.392,0.392,NORMAL
2026-09-19 22:00:00,R103,18.96,1,0,1,1,0.437,0.437,NORMAL
2026-09-19 22:00:00,R104,18.96,2,0,1,1,0.445,0.445,NORMAL
2026-09-19 22:00:00,R105,18.96,1,0,1,1,0.317,0.317,NORMAL
2026-09-19 22:00:00,R106,18.96,1,0,1,1,0.425,0.425,NORMAL
2026-09-19 22:00:00,R107,18.96,1,0,1,1,0.368,0.368,NORMAL
2026-09-19 22:00:00,R108,18.96,1,0,1,1,0.427,0.427,NORMAL
2026-09-19 22:00:00,R109,18.96,2,0,1,1,0.6,0.6,NORMAL
2026-09-19 22:00:00,R110,18.96,2,0,1,1,0.434,0.434,NORMAL
2026-09-19 22:00:00,R111,18.96,1,0,1,1,0.497,0.497,NORMAL
2026-09-19 22:00:00,R112,18.96,1,0,1,1,0.421,0.421,NORMAL
2026-09-19 22:00:00,R113,18.96,1,0,1,1,0.367,0.367,NORMAL
2026-09-19 22:00:00,R114,18.96,1,0,1,1,0.398,0.398,NORMAL
2026-09-19 22:00:00,R115,18.96,1,0,1,1,0.326,0.326,NORMAL
2026-09-19 22:00:00,R116,18.96,2,0,1,1,0.384,0.384,NORMAL
2026-09-19 22:00:00,R117,18.96,2,0,1,1,0.422,0.422,NORMAL
2026-09-19 22:00:00,R118,18.96,1,0,1,1,0.405,0.405,NORMAL
2026-09-19 22:00:00,R119,18.96,1,0,1,1,0.354,0.354,NORMAL
2026-09-19 22:00:00,R120,18.96,1,0,1,1,0.413,0.413,NORMAL
2026-09-19 23:00:00,R101,20.53,0,0,1,0,0.15,0.15,NORMAL
2026-09-19 23:00:00,R102,20.53,0,0,1,0,0.15,0.15,NORMAL
2026-09-19 23:00:00,R103,20.53,0,0,1,0,0.15,0.15,NORMAL
2026-09-19 23:00:00,R104,20.53,1,0,1,0,0.4,0.4,NORMAL
2026-09-19 23:00:00,R105,20.53,1,0,1,0,0.375,0.375,NORMAL
2026-09-19 23:00:00,R106,20.53,0,0,1,0,0.15,0.15,NORMAL
2026-09-19 23:00:00,R107,20.53,0,0,1,0,0.15,0.15,NORMAL
2026-09-19 23:00:00,R108,20.53,0,0,1,0,0.15,0.15,NORMAL
2026-09-19 23:00:00,R109,20.53,0,0,1,0,0.15,0.15,NORMAL
2026-09-19 23:00:00,R110,20.53,1,0,1,0,0.44,0.44,NORMAL
2026-09-19 23:00:00,R111,20.53,0,0,1,0,0.15,0.15,NORMAL
2026-09-19 23:00:00,R112,20.53,0,0,1,0,0.15,0.15,NORMAL
2026-09-19 23:00:00,R113,20.53,1,0,1,0,0.321,0.321,NORMAL
2026-09-19 23:00:00,R114,20.53,0,0,1,0,0.15,0.15,NORMAL
2026-09-19 23:00:00,R115,20.53,0,0,1,0,0.15,0.15,NORMAL
2026-09-19 23:00:00,R116,20.53,0,0,1,0,0.15,0.15,NORMAL
2026-09-19 23:00:00,R117,20.53,0,0,1,0,0.15,0.15,NORMAL
2026-09-19 23:00:00,R118,20.53,1,0,1,0,0.431,0.431,NORMAL
2026-09-19 23:00:00,R119,20.53,0,0,1,0,0.15,0.15,NORMAL
2026-09-19 23:00:00,R120,20.53,0,0,1,0,0.15,0.15,NORMAL
2026-09-20 00:00:00,R101,22.2,0,0,1,0,0.15,0.15,NORMAL
2026-09-20 00:00:00,R102,22.2,1,0,1,0,0.422,0.422,NORMAL
2026-09-20 00:00:00,R103,22.2,1,0,1,0,0.287,0.287,NORMAL
2026-09-20 00:00:00,R104,22.2,1,0,1,0,0.392,0.392,NORMAL
2026-09-20 00:00:00,R105,22.2,1,0,1,0,0.321,0.321,NORMAL
2026-09-20 00:00:00,R106,22.2,0,0,1,0,0.15,0.15,NORMAL
2026-09-20 00:00:00,R107,22.2,0,0,1,0,0.15,0.15,NORMAL
2026-09-20 00:00:00,R108,22.2,0,0,1,0,0.15,0.15,NORMAL
2026-09-20 00:00:00,R109,22.2,0,0,1,0,0.15,0.15,NORMAL
2026-09-20 00:00:00,R110,22.2,0,0,1,0,0.15,0.15,NORMAL
2026-09-20 00:00:00,R111,22.2,0,0,1,0,0.15,0.15,NORMAL
2026-09-20 00:00:00,R112,22.2,0,0,1,0,0.15,0.15,NORMAL
2026-09-20 00:00:00,R113,22.2,0,0,1,0,0.15,0.15,NORMAL
2026-09-20 00:00:00,R114,22.2,0,0,1,0,0.15,0.15,NORMAL
2026-09-20 00:00:00,R115,22.2,1,0,1,0,0.419,0.419,NORMAL
2026-09-20 00:00:00,R116,22.2,0,0,1,0,0.15,0.15,NORMAL
2026-09-20 00:00:00,R117,22.2,0,0,1,0,0.15,0.15,NORMAL
2026-09-20 00:00:00,R118,22.2,0,0,1,0,0.15,0.15,NORMAL
2026-09-20 00:00:00,R119,22.2,0,0,1,0,0.15,0.15,NORMAL
2026-09-20 00:00:00,R120,22.2,1,0,1,0,0.324,0.324,NORMAL
2026-09-20 01:00:00,R101,17.4,0,0,1,0,0.15,0.15,NORMAL
2026-09-20 01:00:00,R102,17.4,0,0,1,0,0.15,0.15,NORMAL
2026-09-20 01:00:00,R103,17.4,0,0,1,0,0.15,0.15,NORMAL
2026-09-20 01:00:00,R104,17.4,0,0,1,0,0.15,0.15,NORMAL
2026-09-20 01:00:00,R105,17.4,0,0,1,0,0.15,0.15,NORMAL
2026-09-20 01:00:00,R106,17.4,1,0,1,0,0.306,0.306,NORMAL
2026-09-20 01:00:00,R107,17.4,0,0,1,0,0.15,0.15,NORMAL
2026-09-20 01:00:00,R108,17.4,0,0,1,0,0.15,0.15,NORMAL
2026-09-20 01:00:00,R109,17.4,0,0,1,0,0.15,0.15,NORMAL
2026-09-20 01:00:00,R110,17.4,0,0,1,0,0.15,0.15,NORMAL
2026-09-20 01:00:00,R111,17.4,0,0,1,0,0.15,0.15,NORMAL
2026-09-20 01:00:00,R112,17.4,1,0,1,0,0.355,0.355,NORMAL
2026-09-20 01:00:00,R113,17.4,0,0,1,0,0.15,0.15,NORMAL
2026-09-20 01:00:00,R114,17.4,1,0,1,0,0.413,0.413,NORMAL
2026-09-20 01:00:00,R115,17.4,0,0,1,0,0.15,0.15,NORMAL
2026-09-20 01:00:00,R116,17.4,0,0,1,0,0.15,0.15,NORMAL
2026-09-20 01:00:00,R117,17.4,0,0,1,0,0.15,0.15,NORMAL
2026-09-20 01:00:00,R118,17.4,0,0,1,0,0.15,0.15,NORMAL
2026-09-20 01:00:00,R119,17.4,1,0,1,0,0.428,0.428,NORMAL
2026-09-20 01:00:00,R120,17.4,0,0,1,0,0.15,0.15,NORMAL
2026-09-20 02:00:00,R101,18.41,0,0,1,0,0.15,0.15,NORMAL
2026-09-20 02:00:00,R102,18.41,1,0,1,0,0.39,0.39,NORMAL
2026-09-20 02:00:00,R103,18.41,0,0,1,0,0.15,0.15,NORMAL
2026-09-20 02:00:00,R104,18.41,1,0,1,0,0.426,0.426,NORMAL
2026-09-20 02:00:00,R105,18.41,1,0,1,0,0.473,0.473,NORMAL
2026-09-20 02:00:00,R106,18.41,0,0,1,0,0.15,0.15,NORMAL
2026-09-20 02:00:00,R107,18.41,1,0,1,0,0.364,0.364,NORMAL
2026-09-20 02:00:00,R108,18.41,0,0,1,0,0.15,0.15,NORMAL
2026-09-20 02:00:00,R109,18.41,0,0,1,0,0.15,0.15,NORMAL
2026-09-20 02:00:00,R110,18.41,1,0,1,0,0.416,0.416,NORMAL
2026-09-20 02:00:00,R111,18.41,0,0,1,0,0.15,0.15,NORMAL
2026-09-20 02:00:00,R112,18.41,0,0,1,0,0.15,0.15,NORMAL
2026-09-20 02:00:00,R113,18.41,0,0,1,0,0.15,0.15,NORMAL
2026-09-20 02:00:00,R114,18.41,1,0,1,0,0.446,0.446,NORMAL
2026-09-20 02:00:00,R115,18.41,0,0,1,0,0.15,0.15,NORMAL
2026-09-20 02:00:00,R116,18.41,1,0,1,0,0.422,0.422,NORMAL
2026-09-20 02:00:00,R117,18.41,0,0,1,0,0.15,0.15,NORMAL
2026-09-20 02:00:00,R118,18.41,0,0,1,0,0.15,0.15,NORMAL
2026-09-20 02:00:00,R119,18.41,0,0,1,0,0.15,0.15,NORMAL
2026-09-20 02:00:00,R120,18.41,0,0,1,0,0.15,0.15,NORMAL
2026-09-20 03:00:00,R101,20.75,0,0,1,0,0.15,0.15,NORMAL
2026-09-20 03:00:00,R102,20.75,0,0,1,0,0.15,0.15,NORMAL
2026-09-20 03:00:00,R103,20.75,0,0,1,0,0.15,0.15,NORMAL
2026-09-20 03:00:00,R104,20.75,0,0,1,0,0.15,0.15,NORMAL
2026-09-20 03:00:00,R105,20.75,1,0,1,0,0.45,0.45,NORMAL
2026-09-20 03:00:00,R106,20.75,0,0,1,0,0.15,0.15,NORMAL
2026-09-20 03:00:00,R107,20.75,0,0,1,0,0.15,0.15,NORMAL
2026-09-20 03:00:00,R108,20.75,0,0,1,0,0.15,0.15,NORMAL
2026-09-20 03:00:00,R109,20.75,0,0,1,0,0.15,0.15,NORMAL
2026-09-20 03:00:00,R110,20.75,0,0,1,0,0.15,0.15,NORMAL
2026-09-20 03:00:00,R111,20.75,0,0,1,0,0.15,0.15,NORMAL
2026-09-20 03:00:00,R112,20.75,0,0,1,0,0.15,0.15,NORMAL
2026-09-20 03:00:00,R113,20.75,0,0,1,0,0.15,0.15,NORMAL
2026-09-20 03:00:00,R114,20.75,1,0,1,0,0.467,0.467,NORMAL
2026-09-20 03:00:00,R115,20.75,0,1,1,0,1.682,1.682,AC_WASTE
2026-09-20 03:00:00,R116,20.75,0,0,1,0,0.15,0.15,NORMAL
2026-09-20 03:00:00,R117,20.75,0,0,1,0,0.926,0.926,STANDBY_WASTE
2026-09-20 03:00:00,R118,20.75,0,0,1,0,0.15,0.15,NORMAL
2026-09-20 03:00:00,R119,20.75,1,0,1,0,0.402,0.402,NORMAL
2026-09-20 03:00:00,R120,20.75,1,0,1,0,0.358,0.358,NORMAL
2026-09-20 04:00:00,R101,26.1,0,0,1,0,0.15,0.15,NORMAL
2026-09-20 04:00:00,R102,26.1,1,0,1,0,0.349,0.349,NORMAL
2026-09-20 04:00:00,R103,26.1,0,0,1,0,0.15,0.15,NORMAL
2026-09-20 04:00:00,R104,26.1,0,0,1,0,0.15,0.15,NORMAL
2026-09-20 04:00:00,R105,26.1,0,0,1,0,0.15,0.15,NORMAL
2026-09-20 04:00:00,R106,26.1,0,0,1,0,0.15,0.15,NORMAL
2026-09-20 04:00:00,R107,26.1,0,0,1,0,0.15,0.15,NORMAL
2026-09-20 04:00:00,R108,26.1,0,0,1,0,0.15,0.15,NORMAL
2026-09-20 04:00:00,R109,26.1,0,0,1,0,0.15,0.15,NORMAL
2026-09-20 04:00:00,R110,26.1,1,0,1,0,0.344,0.344,NORMAL
2026-09-20 04:00:00,R111,26.1,0,0,1,0,0.15,0.15,NORMAL
2026-09-20 04:00:00,R112,26.1,1,0,1,0,0.383,0.383,NORMAL
2026-09-20 04:00:00,R113,26.1,0,0,1,0,0.774,0.774,STANDBY_WASTE
2026-09-20 04:00:00,R114,26.1,0,0,1,0,0.15,0.15,NORMAL
2026-09-20 04:00:00,R115,26.1,0,0,1,0,0.15,0.15,NORMAL
2026-09-20 04:00:00,R116,26.1,0,0,1,0,0.15,0.15,NORMAL
2026-09-20 04:00:00,R117,26.1,0,0,1,0,0.15,0.15,NORMAL
2026-09-20 04:00:00,R118,26.1,0,0,1,0,0.15,0.15,NORMAL
2026-09-20 04:00:00,R119,26.1,0,0,1,0,0.15,0.15,NORMAL
2026-09-20 04:00:00,R120,26.1,0,0,1,0,0.15,0.15,NORMAL
2026-09-20 05:00:00,R101,23.65,0,0,1,0,0.15,0.15,NORMAL
2026-09-20 05:00:00,R102,23.65,0,0,1,0,0.15,0.15,NORMAL
2026-09-20 05:00:00,R103,23.65,0,0,1,0,0.15,0.15,NORMAL
2026-09-20 05:00:00,R104,23.65,0,0,1,0,0.15,0.15,NORMAL
2026-09-20 05:00:00,R105,23.65,0,0,1,0,0.15,0.15,NORMAL
2026-09-20 05:00:00,R106,23.65,0,0,1,0,0.15,0.15,NORMAL
2026-09-20 05:00:00,R107,23.65,0,0,1,0,0.15,0.15,NORMAL
2026-09-20 05:00:00,R108,23.65,1,0,1,0,0.452,0.452,NORMAL
2026-09-20 05:00:00,R109,23.65,0,0,1,0,0.15,0.15,NORMAL
2026-09-20 05:00:00,R110,23.65,0,0,1,0,0.15,0.15,NORMAL
2026-09-20 05:00:00,R111,23.65,0,0,1,0,0.15,0.15,NORMAL
2026-09-20 05:00:00,R112,23.65,0,0,1,0,0.15,0.15,NORMAL
2026-09-20 05:00:00,R113,23.65,1,0,1,0,0.447,0.447,NORMAL
2026-09-20 05:00:00,R114,23.65,0,0,1,0,0.15,0.15,NORMAL
2026-09-20 05:00:00,R115,23.65,0,0,1,0,0.15,0.15,NORMAL
2026-09-20 05:00:00,R116,23.65,0,0,1,0,0.15,0.15,NORMAL
2026-09-20 05:00:00,R117,23.65,0,0,1,0,0.15,0.15,NORMAL
2026-09-20 05:00:00,R118,23.65,0,0,1,0,0.15,0.15,NORMAL
2026-09-20 05:00:00,R119,23.65,0,0,1,0,0.15,0.15,NORMAL
2026-09-20 05:00:00,R120,23.65,1,0,1,0,0.412,0.412,NORMAL
2026-09-20 06:00:00,R101,27.27,1,0,0,1,0.224,0.224,NORMAL
2026-09-20 06:00:00,R102,27.27,2,0,0,1,0.284,0.284,NORMAL
2026-09-20 06:00:00,R103,27.27,1,0,0,1,0.206,0.206,NORMAL
2026-09-20 06:00:00,R104,27.27,1,0,0,1,0.234,0.234,NORMAL
2026-09-20 06:00:00,R105,27.27,0,0,0,1,0.15,0.15,NORMAL
2026-09-20 06:00:00,R106,27.27,1,0,0,1,0.26,0.26,NORMAL
2026-09-20 06:00:00,R107,27.27,1,0,0,1,0.215,0.215,NORMAL
2026-09-20 06:00:00,R108,27.27,1,0,0,1,0.228,0.228,NORMAL
2026-09-20 06:00:00,R109,27.27,1,0,0,1,0.27,0.27,NORMAL
2026-09-20 06:00:00,R110,27.27,0,0,0,1,0.15,0.15,NORMAL
2026-09-20 06:00:00,R111,27.27,0,0,0,1,0.15,0.15,NORMAL
2026-09-20 06:00:00,R112,27.27,0,0,0,1,0.15,0.15,NORMAL
2026-09-20 06:00:00,R113,27.27,1,0,0,1,0.287,0.287,NORMAL
2026-09-20 06:00:00,R114,27.27,1,0,0,1,0.27,0.27,NORMAL
2026-09-20 06:00:00,R115,27.27,2,0,0,1,0.35,0.35,NORMAL
2026-09-20 06:00:00,R116,27.27,2,0,0,1,0.418,0.418,NORMAL
2026-09-20 06:00:00,R117,27.27,1,0,0,1,0.284,0.284,NORMAL
2026-09-20 06:00:00,R118,27.27,1,0,0,1,0.208,0.208,NORMAL
2026-09-20 06:00:00,R119,27.27,2,0,0,1,0.428,0.428,NORMAL
2026-09-20 06:00:00,R120,27.27,1,0,0,1,0.233,0.233,NORMAL
2026-09-20 07:00:00,R101,32.56,1,1,0,1,1.728,1.728,NORMAL
2026-09-20 07:00:00,R102,32.56,0,0,0,1,0.15,0.15,NORMAL
2026-09-20 07:00:00,R103,32.56,2,1,0,1,1.632,1.632,NORMAL
2026-09-20 07:00:00,R104,32.56,1,1,0,1,1.983,1.983,NORMAL
2026-09-20 07:00:00,R105,32.56,0,0,0,1,0.15,0.15,NORMAL
2026-09-20 07:00:00,R106,32.56,1,1,0,1,1.615,1.615,NORMAL
2026-09-20 07:00:00,R107,32.56,1,1,0,1,1.637,1.637,NORMAL
2026-09-20 07:00:00,R108,32.56,0,0,0,1,0.15,0.15,NORMAL
2026-09-20 07:00:00,R109,32.56,1,1,0,1,1.62,1.62,NORMAL
2026-09-20 07:00:00,R110,32.56,0,0,0,1,0.15,0.15,NORMAL
2026-09-20 07:00:00,R111,32.56,1,1,0,1,1.575,1.575,NORMAL
2026-09-20 07:00:00,R112,32.56,1,1,0,1,1.904,1.904,NORMAL
2026-09-20 07:00:00,R113,32.56,2,1,0,1,1.798,1.798,NORMAL
2026-09-20 07:00:00,R114,32.56,0,0,0,1,0.15,0.15,NORMAL
2026-09-20 07:00:00,R115,32.56,2,1,0,1,1.712,1.712,NORMAL
2026-09-20 07:00:00,R116,32.56,2,1,0,1,2.058,2.058,NORMAL
2026-09-20 07:00:00,R117,32.56,1,1,0,1,1.468,1.468,NORMAL
2026-09-20 07:00:00,R118,32.56,2,1,0,1,1.704,1.704,NORMAL
2026-09-20 07:00:00,R119,32.56,0,0,0,1,0.15,0.15,NORMAL
2026-09-20 07:00:00,R120,32.56,1,1,0,1,2.059,2.059,NORMAL
2026-09-20 08:00:00,R101,30.26,1,1,0,1,1.842,1.842,NORMAL
2026-09-20 08:00:00,R102,30.26,1,1,0,1,2.034,2.034,NORMAL
2026-09-20 08:00:00,R103,30.26,2,1,0,1,1.728,1.728,NORMAL
2026-09-20 08:00:00,R104,30.26,2,1,0,1,2.071,2.071,NORMAL
2026-09-20 08:00:00,R105,30.26,1,1,0,1,1.756,1.756,NORMAL
2026-09-20 08:00:00,R106,30.26,1,1,0,1,1.474,1.474,NORMAL
2026-09-20 08:00:00,R107,30.26,1,1,0,1,1.462,1.462,NORMAL
2026-09-20 08:00:00,R108,30.26,1,1,0,1,1.969,1.969,NORMAL
2026-09-20 08:00:00,R109,30.26,0,0,0,1,0.15,0.15,NORMAL
2026-09-20 08:00:00,R110,30.26,1,1,0,1,1.522,1.522,NORMAL
2026-09-20 08:00:00,R111,30.26,2,1,0,1,1.562,1.562,NORMAL
2026-09-20 08:00:00,R112,30.26,1,1,0,1,1.971,1.971,NORMAL
2026-09-20 08:00:00,R113,30.26,2,1,0,1,1.884,1.884,NORMAL
2026-09-20 08:00:00,R114,30.26,1,1,0,1,1.46,1.46,NORMAL
2026-09-20 08:00:00,R115,30.26,0,0,0,1,0.15,0.15,NORMAL
2026-09-20 08:00:00,R116,30.26,1,1,0,1,1.691,1.691,NORMAL
2026-09-20 08:00:00,R117,30.26,0,0,0,1,0.15,0.15,NORMAL
2026-09-20 08:00:00,R118,30.26,2,1,0,1,2.161,2.161,STANDBY_WASTE
2026-09-20 08:00:00,R119,30.26,1,1,0,1,1.625,1.625,NORMAL
2026-09-20 08:00:00,R120,30.26,1,1,0,1,1.936,1.936,NORMAL
2026-09-20 09:00:00,R101,30.45,0,0,0,1,0.15,0.15,NORMAL
2026-09-20 09:00:00,R102,30.45,0,0,0,1,0.15,0.15,NORMAL
2026-09-20 09:00:00,R103,30.45,0,0,0,1,0.15,0.15,NORMAL
2026-09-20 09:00:00,R104,30.45,1,1,0,1,1.894,1.894,NORMAL
2026-09-20 09:00:00,R105,30.45,0,0,0,1,0.15,0.15,NORMAL
2026-09-20 09:00:00,R106,30.45,0,0,0,1,0.15,0.15,NORMAL
2026-09-20 09:00:00,R107,30.45,0,1,0,1,1.66,1.66,AC_WASTE
2026-09-20 09:00:00,R108,30.45,0,0,0,1,0.15,0.15,NORMAL
2026-09-20 09:00:00,R109,30.45,1,1,0,1,1.931,1.931,NORMAL
2026-09-20 09:00:00,R110,30.45,0,0,0,1,0.15,0.15,NORMAL
2026-09-20 09:00:00,R111,30.45,0,0,0,1,0.15,0.15,NORMAL
2026-09-20 09:00:00,R112,30.45,0,0,0,1,0.15,0.15,NORMAL
2026-09-20 09:00:00,R113,30.45,0,0,0,1,0.15,0.15,NORMAL
2026-09-20 09:00:00,R114,30.45,1,1,0,1,1.47,1.47,NORMAL
2026-09-20 09:00:00,R115,30.45,0,0,0,1,0.15,0.15,NORMAL
2026-09-20 09:00:00,R116,30.45,0,0,0,1,0.15,0.15,NORMAL
2026-09-20 09:00:00,R117,30.45,0,0,0,1,0.15,0.15,NORMAL
2026-09-20 09:00:00,R118,30.45,2,1,0,1,2.072,2.072,NORMAL
2026-09-20 09:00:00,R119,30.45,0,0,0,1,0.15,0.15,NORMAL
2026-09-20 09:00:00,R120,30.45,0,0,0,1,0.15,0.15,NORMAL
2026-09-20 10:00:00,R101,36.07,0,0,0,1,0.15,0.15,NORMAL
2026-09-20 10:00:00,R102,36.07,1,1,0,1,1.999,1.999,NORMAL
2026-09-20 10:00:00,R103,36.07,1,1,0,1,1.736,1.736,NORMAL
2026-09-20 10:00:00,R104,36.07,2,1,0,1,1.868,1.868,NORMAL
2026-09-20 10:00:00,R105,36.07,1,1,0,1,1.806,1.806,NORMAL
2026-09-20 10:00:00,R106,36.07,0,0,0,1,0.15,0.15,NORMAL
2026-09-20 10:00:00,R107,36.07,0,0,0,1,0.15,0.15,NORMAL
2026-09-20 10:00:00,R108,36.07,0,0,0,1,0.15,0.15,NORMAL
2026-09-20 10:00:00,R109,36.07,0,1,0,1,1.41,1.41,AC_WASTE
2026-09-20 10:00:00,R110,36.07,1,1,0,1,1.552,1.552,NORMAL
2026-09-20 10:00:00,R111,36.07,0,0,0,1,0.15,0.15,NORMAL
2026-09-20 10:00:00,R112,36.07,0,0,0,1,0.15,0.15,NORMAL
2026-09-20 10:00:00,R113,36.07,2,1,0,1,1.881,1.881,NORMAL
2026-09-20 10:00:00,R114,36.07,0,0,0,1,0.15,0.15,NORMAL
2026-09-20 10:00:00,R115,36.07,2,1,0,1,1.656,1.656,NORMAL
2026-09-20 10:00:00,R116,36.07,0,0,0,1,0.15,0.15,NORMAL
2026-09-20 10:00:00,R117,36.07,0,0,0,1,0.15,0.15,NORMAL
2026-09-20 10:00:00,R118,36.07,0,0,0,1,0.15,0.15,NORMAL
2026-09-20 10:00:00,R119,36.07,1,1,0,1,1.579,1.579,NORMAL
2026-09-20 10:00:00,R120,36.07,0,0,0,1,0.15,0.15,NORMAL
2026-09-20 11:00:00,R101,35.33,0,0,0,1,0.15,0.15,NORMAL
2026-09-20 11:00:00,R102,35.33,0,0,0,1,0.15,0.15,NORMAL
2026-09-20 11:00:00,R103,35.33,0,0,0,1,0.15,0.15,NORMAL
2026-09-20 11:00:00,R104,35.33,1,1,0,1,1.459,1.459,NORMAL
2026-09-20 11:00:00,R105,35.33,0,0,0,1,0.15,0.15,NORMAL
2026-09-20 11:00:00,R106,35.33,1,1,0,1,1.678,1.678,NORMAL
2026-09-20 11:00:00,R107,35.33,0,0,0,1,0.15,0.15,NORMAL
2026-09-20 11:00:00,R108,35.33,0,0,0,1,0.15,0.15,NORMAL
2026-09-20 11:00:00,R109,35.33,0,0,0,1,0.15,0.15,NORMAL
2026-09-20 11:00:00,R110,35.33,0,0,0,1,0.15,0.15,NORMAL
2026-09-20 11:00:00,R111,35.33,0,0,0,1,0.15,0.15,NORMAL
2026-09-20 11:00:00,R112,35.33,2,1,0,1,1.947,1.947,NORMAL
2026-09-20 11:00:00,R113,35.33,1,1,0,1,1.943,1.943,NORMAL
2026-09-20 11:00:00,R114,35.33,1,1,0,1,1.722,1.722,NORMAL
2026-09-20 11:00:00,R115,35.33,0,0,0,1,0.15,0.15,NORMAL
2026-09-20 11:00:00,R116,35.33,2,1,0,1,1.486,1.486,NORMAL
2026-09-20 11:00:00,R117,35.33,0,0,0,1,0.15,0.15,NORMAL
2026-09-20 11:00:00,R118,35.33,1,1,0,1,1.866,1.866,NORMAL
2026-09-20 11:00:00,R119,35.33,1,1,0,1,1.712,1.712,NORMAL
2026-09-20 11:00:00,R120,35.33,0,0,0,1,0.15,0.15,NORMAL
2026-09-20 12:00:00,R101,32.16,1,1,0,1,1.972,1.972,NORMAL
2026-09-20 12:00:00,R102,32.16,0,0,0,1,0.15,0.15,NORMAL
2026-09-20 12:00:00,R103,32.16,0,0,0,1,0.15,0.15,NORMAL
2026-09-20 12:00:00,R104,32.16,1,1,0,1,1.608,1.608,NORMAL
2026-09-20 12:00:00,R105,32.16,0,0,0,1,0.15,0.15,NORMAL
2026-09-20 12:00:00,R106,32.16,0,0,0,1,0.15,0.15,NORMAL
2026-09-20 12:00:00,R107,32.16,1,1,0,1,1.876,1.876,NORMAL
2026-09-20 12:00:00,R108,32.16,1,1,0,1,2.018,2.018,NORMAL
2026-09-20 12:00:00,R109,32.16,1,1,0,1,1.476,1.476,NORMAL
2026-09-20 12:00:00,R110,32.16,0,0,0,1,0.15,0.15,NORMAL
2026-09-20 12:00:00,R111,32.16,2,1,0,1,1.823,1.823,NORMAL
2026-09-20 12:00:00,R112,32.16,0,0,0,1,0.15,0.15,NORMAL
2026-09-20 12:00:00,R113,32.16,0,0,0,1,0.15,0.15,NORMAL
2026-09-20 12:00:00,R114,32.16,0,0,0,1,0.15,0.15,NORMAL
2026-09-20 12:00:00,R115,32.16,0,0,0,1,0.15,0.15,NORMAL
2026-09-20 12:00:00,R116,32.16,0,0,0,1,0.15,0.15,NORMAL
2026-09-20 12:00:00,R117,32.16,0,0,0,1,0.15,0.15,NORMAL
2026-09-20 12:00:00,R118,32.16,0,0,0,1,0.15,0.15,NORMAL
2026-09-20 12:00:00,R119,32.16,0,0,0,1,0.15,0.15,NORMAL
2026-09-20 12:00:00,R120,32.16,1,1,0,1,1.48,1.48,NORMAL
2026-09-20 13:00:00,R101,34.38,1,1,0,1,1.875,1.875,NORMAL
2026-09-20 13:00:00,R102,34.38,1,1,0,1,1.937,1.937,NORMAL
2026-09-20 13:00:00,R103,34.38,0,0,0,1,0.15,0.15,NORMAL
2026-09-20 13:00:00,R104,34.38,0,0,0,1,0.15,0.15,NORMAL
2026-09-20 13:00:00,R105,34.38,1,1,0,1,1.913,1.913,NORMAL
2026-09-20 13:00:00,R106,34.38,0,1,0,1,1.637,1.637,AC_WASTE
2026-09-20 13:00:00,R107,34.38,1,1,0,1,1.571,1.571,NORMAL
2026-09-20 13:00:00,R108,34.38,0,0,0,1,0.15,0.15,NORMAL
2026-09-20 13:00:00,R109,34.38,2,1,0,1,1.808,1.808,NORMAL
2026-09-20 13:00:00,R110,34.38,1,1,0,1,1.758,1.758,NORMAL
2026-09-20 13:00:00,R111,34.38,0,0,0,1,0.15,0.15,NORMAL
2026-09-20 13:00:00,R112,34.38,0,0,0,1,0.15,0.15,NORMAL
2026-09-20 13:00:00,R113,34.38,0,0,0,1,0.15,0.15,NORMAL
2026-09-20 13:00:00,R114,34.38,1,1,0,1,1.878,1.878,NORMAL
2026-09-20 13:00:00,R115,34.38,0,0,0,1,0.15,0.15,NORMAL
2026-09-20 13:00:00,R116,34.38,0,0,0,1,0.15,0.15,NORMAL
2026-09-20 13:00:00,R117,34.38,1,1,0,1,2.09,2.09,NORMAL
2026-09-20 13:00:00,R118,34.38,1,1,0,1,1.838,1.838,NORMAL
2026-09-20 13:00:00,R119,34.38,0,0,0,1,0.15,0.15,NORMAL
2026-09-20 13:00:00,R120,34.38,0,0,0,1,0.15,0.15,NORMAL
2026-09-20 14:00:00,R101,34.53,0,0,0,1,0.15,0.15,NORMAL
2026-09-20 14:00:00,R102,34.53,0,0,0,1,0.15,0.15,NORMAL
2026-09-20 14:00:00,R103,34.53,0,0,0,1,0.15,0.15,NORMAL
2026-09-20 14:00:00,R104,34.53,0,0,0,1,0.15,0.15,NORMAL
2026-09-20 14:00:00,R105,34.53,2,1,0,1,2.023,2.023,NORMAL
2026-09-20 14:00:00,R106,34.53,0,0,0,1,0.15,0.15,NORMAL
2026-09-20 14:00:00,R107,34.53,1,1,0,1,1.602,1.602,NORMAL
2026-09-20 14:00:00,R108,34.53,0,0,0,1,0.15,0.15,NORMAL
2026-09-20 14:00:00,R109,34.53,1,1,0,1,1.99,1.99,NORMAL
2026-09-20 14:00:00,R110,34.53,0,0,0,1,0.15,0.15,NORMAL
2026-09-20 14:00:00,R111,34.53,2,1,0,1,1.67,1.67,NORMAL
2026-09-20 14:00:00,R112,34.53,0,0,0,1,0.15,0.15,NORMAL
2026-09-20 14:00:00,R113,34.53,1,1,0,1,1.701,1.701,NORMAL
2026-09-20 14:00:00,R114,34.53,1,1,0,1,1.626,1.626,NORMAL
2026-09-20 14:00:00,R115,34.53,1,1,0,1,1.801,1.801,NORMAL
2026-09-20 14:00:00,R116,34.53,1,1,0,1,1.909,1.909,NORMAL
2026-09-20 14:00:00,R117,34.53,1,1,0,1,1.535,1.535,NORMAL
2026-09-20 14:00:00,R118,34.53,2,1,0,1,1.522,1.522,NORMAL
2026-09-20 14:00:00,R119,34.53,0,0,0,1,0.15,0.15,NORMAL
2026-09-20 14:00:00,R120,34.53,0,0,0,1,0.15,0.15,NORMAL
2026-09-20 15:00:00,R101,34.8,1,1,0,1,1.946,1.946,NORMAL
2026-09-20 15:00:00,R102,34.8,0,0,0,1,0.15,0.15,NORMAL
2026-09-20 15:00:00,R103,34.8,1,1,0,1,1.633,1.633,NORMAL
2026-09-20 15:00:00,R104,34.8,0,0,0,1,0.15,0.15,NORMAL
2026-09-20 15:00:00,R105,34.8,0,0,0,1,0.15,0.15,NORMAL
2026-09-20 15:00:00,R106,34.8,0,0,0,1,0.15,0.15,NORMAL
2026-09-20 15:00:00,R107,34.8,1,1,0,1,1.998,1.998,NORMAL
2026-09-20 15:00:00,R108,34.8,2,1,0,1,1.672,1.672,NORMAL
2026-09-20 15:00:00,R109,34.8,1,1,0,1,1.939,1.939,NORMAL
2026-09-20 15:00:00,R110,34.8,2,1,0,1,1.515,1.515,NORMAL
2026-09-20 15:00:00,R111,34.8,0,0,0,1,0.15,0.15,NORMAL
2026-09-20 15:00:00,R112,34.8,2,1,0,1,1.591,1.591,NORMAL
2026-09-20 15:00:00,R113,34.8,0,0,0,1,0.15,0.15,NORMAL
2026-09-20 15:00:00,R114,34.8,0,0,0,1,0.15,0.15,NORMAL
2026-09-20 15:00:00,R115,34.8,1,1,0,1,1.636,1.636,NORMAL
2026-09-20 15:00:00,R116,34.8,0,0,0,1,0.15,0.15,NORMAL
2026-09-20 15:00:00,R117,34.8,1,1,0,1,1.731,1.731,NORMAL
2026-09-20 15:00:00,R118,34.8,0,0,0,1,0.15,0.15,NORMAL
2026-09-20 15:00:00,R119,34.8,0,0,0,1,0.15,0.15,NORMAL
2026-09-20 15:00:00,R120,34.8,0,0,0,1,0.15,0.15,NORMAL
2026-09-20 16:00:00,R101,31.77,0,0,0,1,0.15,0.15,NORMAL
2026-09-20 16:00:00,R102,31.77,0,0,0,1,0.15,0.15,NORMAL
2026-09-20 16:00:00,R103,31.77,2,1,0,1,2.189,2.189,NORMAL
2026-09-20 16:00:00,R104,31.77,0,0,0,1,0.15,0.15,NORMAL
2026-09-20 16:00:00,R105,31.77,0,0,0,1,0.15,0.15,NORMAL
2026-09-20 16:00:00,R106,31.77,2,1,0,1,1.843,1.843,NORMAL
2026-09-20 16:00:00,R107,31.77,1,1,0,1,1.702,1.702,NORMAL
2026-09-20 16:00:00,R108,31.77,0,0,0,1,0.15,0.15,NORMAL
2026-09-20 16:00:00,R109,31.77,0,0,0,1,0.15,0.15,NORMAL
2026-09-20 16:00:00,R110,31.77,0,0,0,1,0.15,0.15,NORMAL
2026-09-20 16:00:00,R111,31.77,0,0,0,1,0.15,0.15,NORMAL
2026-09-20 16:00:00,R112,31.77,1,1,0,1,1.607,1.607,NORMAL
2026-09-20 16:00:00,R113,31.77,1,1,0,1,1.513,1.513,NORMAL
2026-09-20 16:00:00,R114,31.77,2,1,0,1,1.6,1.6,NORMAL
2026-09-20 16:00:00,R115,31.77,1,1,0,1,1.754,1.754,NORMAL
2026-09-20 16:00:00,R116,31.77,0,0,0,1,0.15,0.15,NORMAL
2026-09-20 16:00:00,R117,31.77,0,0,0,1,0.15,0.15,NORMAL
2026-09-20 16:00:00,R118,31.77,0,1,0,1,1.444,1.444,AC_WASTE
2026-09-20 16:00:00,R119,31.77,0,0,0,1,0.15,0.15,NORMAL
2026-09-20 16:00:00,R120,31.77,0,0,0,1,0.15,0.15,NORMAL
2026-09-20 17:00:00,R101,30.45,1,1,0,1,1.905,1.905,NORMAL
2026-09-20 17:00:00,R102,30.45,2,1,0,1,2.137,2.137,NORMAL
2026-09-20 17:00:00,R103,30.45,0,1,0,1,1.538,1.538,AC_WASTE
2026-09-20 17:00:00,R104,30.45,2,1,0,1,1.583,1.583,NORMAL
2026-09-20 17:00:00,R105,30.45,1,1,0,1,2.067,2.067,NORMAL
2026-09-20 17:00:00,R106,30.45,1,1,0,1,1.451,1.451,NORMAL
2026-09-20 17:00:00,R107,30.45,2,1,0,1,1.689,1.689,NORMAL
2026-09-20 17:00:00,R108,30.45,1,1,0,1,1.89,1.89,NORMAL
2026-09-20 17:00:00,R109,30.45,2,1,0,1,1.601,1.601,NORMAL
2026-09-20 17:00:00,R110,30.45,0,0,0,1,0.15,0.15,NORMAL
2026-09-20 17:00:00,R111,30.45,1,1,0,1,1.973,1.973,NORMAL
2026-09-20 17:00:00,R112,30.45,1,1,0,1,1.829,1.829,NORMAL
2026-09-20 17:00:00,R113,30.45,1,1,0,1,1.663,1.663,NORMAL
2026-09-20 17:00:00,R114,30.45,1,1,0,1,1.863,1.863,NORMAL
2026-09-20 17:00:00,R115,30.45,1,1,0,1,1.812,1.812,NORMAL
2026-09-20 17:00:00,R116,30.45,1,1,0,1,1.619,1.619,NORMAL
2026-09-20 17:00:00,R117,30.45,1,1,0,1,1.642,1.642,NORMAL
2026-09-20 17:00:00,R118,30.45,1,1,0,1,1.928,1.928,NORMAL
2026-09-20 17:00:00,R119,30.45,1,1,0,1,1.982,1.982,NORMAL
2026-09-20 17:00:00,R120,30.45,1,1,0,1,1.915,1.915,NORMAL
2026-09-20 18:00:00,R101,29.25,2,1,1,1,2.073,2.073,NORMAL
2026-09-20 18:00:00,R102,29.25,2,1,1,1,2.166,2.166,NORMAL
2026-09-20 18:00:00,R103,29.25,2,1,1,1,1.939,1.939,NORMAL
2026-09-20 18:00:00,R104,29.25,1,1,1,1,1.61,1.61,NORMAL
2026-09-20 18:00:00,R105,29.25,0,0,1,1,0.15,0.15,NORMAL
2026-09-20 18:00:00,R106,29.25,1,1,1,1,1.932,1.932,NORMAL
2026-09-20 18:00:00,R107,29.25,1,1,1,1,1.643,1.643,NORMAL
2026-09-20 18:00:00,R108,29.25,1,1,1,1,1.662,1.662,NORMAL
2026-09-20 18:00:00,R109,29.25,1,1,1,1,1.721,1.721,NORMAL
2026-09-20 18:00:00,R110,29.25,1,1,1,1,1.596,1.596,NORMAL
2026-09-20 18:00:00,R111,29.25,0,0,1,1,0.15,0.15,NORMAL
2026-09-20 18:00:00,R112,29.25,1,1,1,1,1.961,1.961,NORMAL
2026-09-20 18:00:00,R113,29.25,1,1,1,1,1.905,1.905,NORMAL
2026-09-20 18:00:00,R114,29.25,1,1,1,1,1.562,1.562,NORMAL
2026-09-20 18:00:00,R115,29.25,1,1,1,1,1.976,1.976,NORMAL
2026-09-20 18:00:00,R116,29.25,2,1,1,1,1.901,1.901,NORMAL
2026-09-20 18:00:00,R117,29.25,1,1,1,1,1.529,1.529,NORMAL
2026-09-20 18:00:00,R118,29.25,0,0,1,1,0.15,0.15,NORMAL
2026-09-20 18:00:00,R119,29.25,1,1,1,1,2.227,2.227,NORMAL
2026-09-20 18:00:00,R120,29.25,2,1,1,1,1.904,1.904,NORMAL
2026-09-20 19:00:00,R101,23.77,0,0,1,1,0.15,0.15,NORMAL
2026-09-20 19:00:00,R102,23.77,1,0,1,1,0.447,0.447,NORMAL
2026-09-20 19:00:00,R103,23.77,0,0,1,1,0.15,0.15,NORMAL
2026-09-20 19:00:00,R104,23.77,2,0,1,1,0.429,0.429,NORMAL
2026-09-20 19:00:00,R105,23.77,2,0,1,1,0.458,0.458,NORMAL
2026-09-20 19:00:00,R106,23.77,0,0,1,1,0.15,0.15,NORMAL
2026-09-20 19:00:00,R107,23.77,2,0,1,1,0.46,0.46,NORMAL
2026-09-20 19:00:00,R108,23.77,1,0,1,1,0.391,0.391,NORMAL
2026-09-20 19:00:00,R109,23.77,1,0,1,1,0.437,0.437,NORMAL
2026-09-20 19:00:00,R110,23.77,1,0,1,1,0.384,0.384,NORMAL
2026-09-20 19:00:00,R111,23.77,2,0,1,1,0.566,0.566,NORMAL
2026-09-20 19:00:00,R112,23.77,1,0,1,1,0.406,0.406,NORMAL
2026-09-20 19:00:00,R113,23.77,1,0,1,1,0.357,0.357,NORMAL
2026-09-20 19:00:00,R114,23.77,2,0,1,1,0.468,0.468,NORMAL
2026-09-20 19:00:00,R115,23.77,1,0,1,1,0.331,0.331,NORMAL
2026-09-20 19:00:00,R116,23.77,2,0,1,1,0.58,0.58,NORMAL
2026-09-20 19:00:00,R117,23.77,1,0,1,1,0.357,0.357,NORMAL
2026-09-20 19:00:00,R118,23.77,2,0,1,1,0.445,0.445,NORMAL
2026-09-20 19:00:00,R119,23.77,1,0,1,1,0.4,0.4,NORMAL
2026-09-20 19:00:00,R120,23.77,2,0,1,1,0.47,0.47,NORMAL
2026-09-20 20:00:00,R101,23.11,1,0,1,1,0.441,0.441,NORMAL
2026-09-20 20:00:00,R102,23.11,1,0,1,1,0.392,0.392,NORMAL
2026-09-20 20:00:00,R103,23.11,2,0,1,1,0.416,0.416,NORMAL
2026-09-20 20:00:00,R104,23.11,2,0,1,1,0.431,0.431,NORMAL
2026-09-20 20:00:00,R105,23.11,2,0,1,1,0.344,0.344,NORMAL
2026-09-20 20:00:00,R106,23.11,1,0,1,1,0.443,0.443,NORMAL
2026-09-20 20:00:00,R107,23.11,2,0,1,1,0.438,0.438,NORMAL
2026-09-20 20:00:00,R108,23.11,2,0,1,1,0.376,0.376,NORMAL
2026-09-20 20:00:00,R109,23.11,1,0,1,1,0.441,0.441,NORMAL
2026-09-20 20:00:00,R110,23.11,1,0,1,1,0.478,0.478,NORMAL
2026-09-20 20:00:00,R111,23.11,2,0,1,1,0.544,0.544,NORMAL
2026-09-20 20:00:00,R112,23.11,2,0,1,1,0.396,0.396,NORMAL
2026-09-20 20:00:00,R113,23.11,2,0,1,1,0.549,0.549,NORMAL
2026-09-20 20:00:00,R114,23.11,0,0,1,1,0.15,0.15,NORMAL
2026-09-20 20:00:00,R115,23.11,1,0,1,1,0.361,0.361,NORMAL
2026-09-20 20:00:00,R116,23.11,1,0,1,1,0.355,0.355,NORMAL
2026-09-20 20:00:00,R117,23.11,1,0,1,1,0.341,0.341,NORMAL
2026-09-20 20:00:00,R118,23.11,1,0,1,1,0.33,0.33,NORMAL
2026-09-20 20:00:00,R119,23.11,1,0,1,1,0.442,0.442,NORMAL
2026-09-20 20:00:00,R120,23.11,2,0,1,1,0.587,0.587,NORMAL
2026-09-20 21:00:00,R101,18.98,2,0,1,1,0.506,0.506,NORMAL
2026-09-20 21:00:00,R102,18.98,1,0,1,1,0.391,0.391,NORMAL
2026-09-20 21:00:00,R103,18.98,1,0,1,1,0.397,0.397,NORMAL
2026-09-20 21:00:00,R104,18.98,1,0,1,1,0.428,0.428,NORMAL
2026-09-20 21:00:00,R105,18.98,0,0,1,1,0.15,0.15,NORMAL
2026-09-20 21:00:00,R106,18.98,1,0,1,1,0.372,0.372,NORMAL
2026-09-20 21:00:00,R107,18.98,1,0,1,1,0.367,0.367,NORMAL
2026-09-20 21:00:00,R108,18.98,1,0,1,1,0.368,0.368,NORMAL
2026-09-20 21:00:00,R109,18.98,1,0,1,1,0.377,0.377,NORMAL
2026-09-20 21:00:00,R110,18.98,1,0,1,1,0.344,0.344,NORMAL
2026-09-20 21:00:00,R111,18.98,1,0,1,1,0.441,0.441,NORMAL
2026-09-20 21:00:00,R112,18.98,2,0,1,1,0.358,0.358,NORMAL
2026-09-20 21:00:00,R113,18.98,1,0,1,1,0.355,0.355,NORMAL
2026-09-20 21:00:00,R114,18.98,2,0,1,1,0.505,0.505,NORMAL
2026-09-20 21:00:00,R115,18.98,1,0,1,1,0.38,0.38,NORMAL
2026-09-20 21:00:00,R116,18.98,2,0,1,1,0.357,0.357,NORMAL
2026-09-20 21:00:00,R117,18.98,2,0,1,1,0.433,0.433,NORMAL
2026-09-20 21:00:00,R118,18.98,2,0,1,1,0.497,0.497,NORMAL
2026-09-20 21:00:00,R119,18.98,2,0,1,1,0.4,0.4,NORMAL
2026-09-20 21:00:00,R120,18.98,0,0,1,1,0.15,0.15,NORMAL
2026-09-20 22:00:00,R101,23.15,1,0,1,1,0.445,0.445,NORMAL
2026-09-20 22:00:00,R102,23.15,2,0,1,1,0.428,0.428,NORMAL
2026-09-20 22:00:00,R103,23.15,0,1,1,1,1.639,1.639,AC_WASTE
2026-09-20 22:00:00,R104,23.15,1,0,1,1,0.359,0.359,NORMAL
2026-09-20 22:00:00,R105,23.15,1,0,1,1,0.4,0.4,NORMAL
2026-09-20 22:00:00,R106,23.15,2,0,1,1,0.408,0.408,NORMAL
2026-09-20 22:00:00,R107,23.15,2,0,1,1,0.455,0.455,NORMAL
2026-09-20 22:00:00,R108,23.15,1,0,1,1,0.337,0.337,NORMAL
2026-09-20 22:00:00,R109,23.15,1,0,1,1,0.388,0.388,NORMAL
2026-09-20 22:00:00,R110,23.15,0,0,1,1,0.15,0.15,NORMAL
2026-09-20 22:00:00,R111,23.15,1,0,1,1,0.386,0.386,NORMAL
2026-09-20 22:00:00,R112,23.15,2,0,1,1,0.477,0.477,NORMAL
2026-09-20 22:00:00,R113,23.15,2,0,1,1,0.486,0.486,NORMAL
2026-09-20 22:00:00,R114,23.15,1,0,1,1,1.194,1.194,STANDBY_WASTE
2026-09-20 22:00:00,R115,23.15,1,0,1,1,0.398,0.398,NORMAL
2026-09-20 22:00:00,R116,23.15,1,0,1,1,0.403,0.403,NORMAL
2026-09-20 22:00:00,R117,23.15,1,0,1,1,0.383,0.383,NORMAL
2026-09-20 22:00:00,R118,23.15,2,0,1,1,0.392,0.392,NORMAL
2026-09-20 22:00:00,R119,23.15,1,0,1,1,0.442,0.442,NORMAL
2026-09-20 22:00:00,R120,23.15,1,0,1,1,0.465,0.465,NORMAL
2026-09-20 23:00:00,R101,19.08,0,0,1,0,0.15,0.15,NORMAL
2026-09-20 23:00:00,R102,19.08,0,1,1,0,1.495,1.495,AC_WASTE
2026-09-20 23:00:00,R103,19.08,0,0,1,0,0.15,0.15,NORMAL
2026-09-20 23:00:00,R104,19.08,0,0,1,0,0.15,0.15,NORMAL
2026-09-20 23:00:00,R105,19.08,0,0,1,0,0.15,0.15,NORMAL
2026-09-20 23:00:00,R106,19.08,0,0,1,0,0.15,0.15,NORMAL
2026-09-20 23:00:00,R107,19.08,0,0,1,0,0.15,0.15,NORMAL
2026-09-20 23:00:00,R108,19.08,1,0,1,0,0.487,0.487,NORMAL
2026-09-20 23:00:00,R109,19.08,0,0,1,0,0.15,0.15,NORMAL
2026-09-20 23:00:00,R110,19.08,0,0,1,0,0.15,0.15,NORMAL
2026-09-20 23:00:00,R111,19.08,0,0,1,0,0.15,0.15,NORMAL
2026-09-20 23:00:00,R112,19.08,0,0,1,0,0.15,0.15,NORMAL
2026-09-20 23:00:00,R113,19.08,0,0,1,0,0.15,0.15,NORMAL
2026-09-20 23:00:00,R114,19.08,1,0,1,0,0.419,0.419,NORMAL
2026-09-20 23:00:00,R115,19.08,0,0,1,0,0.15,0.15,NORMAL
2026-09-20 23:00:00,R116,19.08,1,0,1,0,0.37,0.37,NORMAL
2026-09-20 23:00:00,R117,19.08,0,0,1,0,0.15,0.15,NORMAL
2026-09-20 23:00:00,R118,19.08,0,0,1,0,0.15,0.15,NORMAL
2026-09-20 23:00:00,R119,19.08,0,0,1,0,0.15,0.15,NORMAL
2026-09-20 23:00:00,R120,19.08,0,0,1,0,0.15,0.15,NORMAL
2026-09-21 00:00:00,R101,17.76,0,0,1,0,0.15,0.15,NORMAL
2026-09-21 00:00:00,R102,17.76,0,0,1,0,0.15,0.15,NORMAL
2026-09-21 00:00:00,R103,17.76,0,0,1,0,0.15,0.15,NORMAL
2026-09-21 00:00:00,R104,17.76,0,0,1,0,0.15,0.15,NORMAL
2026-09-21 00:00:00,R105,17.76,1,0,1,0,0.386,0.386,NORMAL
2026-09-21 00:00:00,R106,17.76,1,0,1,0,0.388,0.388,NORMAL
2026-09-21 00:00:00,R107,17.76,0,0,1,0,0.15,0.15,NORMAL
2026-09-21 00:00:00,R108,17.76,0,0,1,0,0.15,0.15,NORMAL
2026-09-21 00:00:00,R109,17.76,0,0,1,0,0.15,0.15,NORMAL
2026-09-21 00:00:00,R110,17.76,0,0,1,0,0.15,0.15,NORMAL
2026-09-21 00:00:00,R111,17.76,0,0,1,0,0.15,0.15,NORMAL
2026-09-21 00:00:00,R112,17.76,1,0,1,0,0.432,0.432,NORMAL
2026-09-21 00:00:00,R113,17.76,0,0,1,0,0.15,0.15,NORMAL
2026-09-21 00:00:00,R114,17.76,0,0,1,0,0.15,0.15,NORMAL
2026-09-21 00:00:00,R115,17.76,0,0,1,0,0.15,0.15,NORMAL
2026-09-21 00:00:00,R116,17.76,0,0,1,0,0.15,0.15,NORMAL
2026-09-21 00:00:00,R117,17.76,0,0,1,0,0.15,0.15,NORMAL
2026-09-21 00:00:00,R118,17.76,0,0,1,0,0.15,0.15,NORMAL
2026-09-21 00:00:00,R119,17.76,0,0,1,0,0.15,0.15,NORMAL
2026-09-21 00:00:00,R120,17.76,0,0,1,0,0.15,0.15,NORMAL
2026-09-21 01:00:00,R101,19.1,0,0,1,0,0.15,0.15,NORMAL
2026-09-21 01:00:00,R102,19.1,0,0,1,0,0.15,0.15,NORMAL
2026-09-21 01:00:00,R103,19.1,0,0,1,0,0.15,0.15,NORMAL
2026-09-21 01:00:00,R104,19.1,0,0,1,0,0.15,0.15,NORMAL
2026-09-21 01:00:00,R105,19.1,0,0,1,0,0.15,0.15,NORMAL
2026-09-21 01:00:00,R106,19.1,0,0,1,0,0.15,0.15,NORMAL
2026-09-21 01:00:00,R107,19.1,0,0,1,0,0.15,0.15,NORMAL
2026-09-21 01:00:00,R108,19.1,0,0,1,0,0.15,0.15,NORMAL
2026-09-21 01:00:00,R109,19.1,1,0,1,0,0.295,0.295,NORMAL
2026-09-21 01:00:00,R110,19.1,0,0,1,0,0.15,0.15,NORMAL
2026-09-21 01:00:00,R111,19.1,0,0,1,0,0.15,0.15,NORMAL
2026-09-21 01:00:00,R112,19.1,1,0,1,0,0.397,0.397,NORMAL
2026-09-21 01:00:00,R113,19.1,0,0,1,0,0.15,0.15,NORMAL
2026-09-21 01:00:00,R114,19.1,0,0,1,0,0.15,0.15,NORMAL
2026-09-21 01:00:00,R115,19.1,0,0,1,0,0.15,0.15,NORMAL
2026-09-21 01:00:00,R116,19.1,1,0,1,0,0.423,0.423,NORMAL
2026-09-21 01:00:00,R117,19.1,0,0,1,0,0.15,0.15,NORMAL
2026-09-21 01:00:00,R118,19.1,0,0,1,0,0.15,0.15,NORMAL
2026-09-21 01:00:00,R119,19.1,0,0,1,0,0.15,0.15,NORMAL
2026-09-21 01:00:00,R120,19.1,1,0,1,0,0.352,0.352,NORMAL
2026-09-21 02:00:00,R101,20.14,0,0,1,0,0.15,0.15,NORMAL
2026-09-21 02:00:00,R102,20.14,0,0,1,0,0.15,0.15,NORMAL
2026-09-21 02:00:00,R103,20.14,0,0,1,0,0.15,0.15,NORMAL
2026-09-21 02:00:00,R104,20.14,0,0,1,0,0.15,0.15,NORMAL
2026-09-21 02:00:00,R105,20.14,0,0,1,0,0.15,0.15,NORMAL
2026-09-21 02:00:00,R106,20.14,0,0,1,0,0.15,0.15,NORMAL
2026-09-21 02:00:00,R107,20.14,0,0,1,0,0.15,0.15,NORMAL
2026-09-21 02:00:00,R108,20.14,0,0,1,0,0.15,0.15,NORMAL
2026-09-21 02:00:00,R109,20.14,0,0,1,0,0.15,0.15,NORMAL
2026-09-21 02:00:00,R110,20.14,0,0,1,0,0.15,0.15,NORMAL
2026-09-21 02:00:00,R111,20.14,0,0,1,0,0.15,0.15,NORMAL
2026-09-21 02:00:00,R112,20.14,0,0,1,0,0.15,0.15,NORMAL
2026-09-21 02:00:00,R113,20.14,0,0,1,0,0.15,0.15,NORMAL
2026-09-21 02:00:00,R114,20.14,0,0,1,0,0.15,0.15,NORMAL
2026-09-21 02:00:00,R115,20.14,0,0,1,0,0.15,0.15,NORMAL
2026-09-21 02:00:00,R116,20.14,0,0,1,0,0.15,0.15,NORMAL
2026-09-21 02:00:00,R117,20.14,0,0,1,0,0.15,0.15,NORMAL
2026-09-21 02:00:00,R118,20.14,0,0,1,0,0.15,0.15,NORMAL
2026-09-21 02:00:00,R119,20.14,1,0,1,0,0.421,0.421,NORMAL
2026-09-21 02:00:00,R120,20.14,0,0,1,0,0.15,0.15,NORMAL
2026-09-21 03:00:00,R101,20.44,0,0,1,0,0.15,0.15,NORMAL
2026-09-21 03:00:00,R102,20.44,1,0,1,0,0.347,0.347,NORMAL
2026-09-21 03:00:00,R103,20.44,1,0,1,0,0.397,0.397,NORMAL
2026-09-21 03:00:00,R104,20.44,1,0,1,0,0.336,0.336,NORMAL
2026-09-21 03:00:00,R105,20.44,1,0,1,0,0.44,0.44,NORMAL
2026-09-21 03:00:00,R106,20.44,0,0,1,0,0.15,0.15,NORMAL
2026-09-21 03:00:00,R107,20.44,0,0,1,0,0.15,0.15,NORMAL
2026-09-21 03:00:00,R108,20.44,0,0,1,0,0.15,0.15,NORMAL
2026-09-21 03:00:00,R109,20.44,0,0,1,0,0.15,0.15,NORMAL
2026-09-21 03:00:00,R110,20.44,1,0,1,0,0.379,0.379,NORMAL
2026-09-21 03:00:00,R111,20.44,0,0,1,0,0.15,0.15,NORMAL
2026-09-21 03:00:00,R112,20.44,0,1,1,0,1.503,1.503,AC_WASTE
2026-09-21 03:00:00,R113,20.44,0,0,1,0,0.15,0.15,NORMAL
2026-09-21 03:00:00,R114,20.44,0,0,1,0,0.15,0.15,NORMAL
2026-09-21 03:00:00,R115,20.44,1,0,1,0,0.46,0.46,NORMAL
2026-09-21 03:00:00,R116,20.44,1,0,1,0,0.417,0.417,NORMAL
2026-09-21 03:00:00,R117,20.44,1,0,1,0,0.423,0.423,NORMAL
2026-09-21 03:00:00,R118,20.44,0,0,1,0,0.15,0.15,NORMAL
2026-09-21 03:00:00,R119,20.44,0,0,1,0,0.15,0.15,NORMAL
2026-09-21 03:00:00,R120,20.44,1,0,1,0,0.334,0.334,NORMAL
2026-09-21 04:00:00,R101,23.14,0,0,1,0,0.15,0.15,NORMAL
2026-09-21 04:00:00,R102,23.14,0,0,1,0,0.15,0.15,NORMAL
2026-09-21 04:00:00,R103,23.14,0,0,1,0,0.15,0.15,NORMAL
2026-09-21 04:00:00,R104,23.14,1,0,1,0,0.346,0.346,NORMAL
2026-09-21 04:00:00,R105,23.14,1,0,1,0,0.459,0.459,NORMAL
2026-09-21 04:00:00,R106,23.14,0,0,1,0,0.15,0.15,NORMAL
2026-09-21 04:00:00,R107,23.14,0,0,1,0,0.15,0.15,NORMAL
2026-09-21 04:00:00,R108,23.14,0,0,1,0,0.15,0.15,NORMAL
2026-09-21 04:00:00,R109,23.14,0,0,1,0,0.15,0.15,NORMAL
2026-09-21 04:00:00,R110,23.14,1,0,1,0,0.428,0.428,NORMAL
2026-09-21 04:00:00,R111,23.14,0,0,1,0,0.15,0.15,NORMAL
2026-09-21 04:00:00,R112,23.14,0,0,1,0,0.15,0.15,NORMAL
2026-09-21 04:00:00,R113,23.14,0,0,1,0,0.15,0.15,NORMAL
2026-09-21 04:00:00,R114,23.14,0,0,1,0,0.15,0.15,NORMAL
2026-09-21 04:00:00,R115,23.14,0,0,1,0,0.15,0.15,NORMAL
2026-09-21 04:00:00,R116,23.14,1,0,1,0,0.34,0.34,NORMAL
2026-09-21 04:00:00,R117,23.14,0,0,1,0,0.15,0.15,NORMAL
2026-09-21 04:00:00,R118,23.14,1,0,1,0,0.383,0.383,NORMAL
2026-09-21 04:00:00,R119,23.14,0,1,1,0,1.313,1.313,AC_WASTE
2026-09-21 04:00:00,R120,23.14,0,0,1,0,0.15,0.15,NORMAL
2026-09-21 05:00:00,R101,26.62,1,0,1,0,0.363,0.363,NORMAL
2026-09-21 05:00:00,R102,26.62,0,0,1,0,0.15,0.15,NORMAL
2026-09-21 05:00:00,R103,26.62,0,1,1,0,1.518,1.518,AC_WASTE
2026-09-21 05:00:00,R104,26.62,0,0,1,0,0.936,0.936,STANDBY_WASTE
2026-09-21 05:00:00,R105,26.62,0,0,1,0,0.15,0.15,NORMAL
2026-09-21 05:00:00,R106,26.62,0,0,1,0,0.15,0.15,NORMAL
2026-09-21 05:00:00,R107,26.62,0,0,1,0,0.15,0.15,NORMAL
2026-09-21 05:00:00,R108,26.62,1,0,1,0,0.351,0.351,NORMAL
2026-09-21 05:00:00,R109,26.62,1,0,1,0,0.407,0.407,NORMAL
2026-09-21 05:00:00,R110,26.62,0,0,1,0,0.15,0.15,NORMAL
2026-09-21 05:00:00,R111,26.62,1,0,1,0,0.368,0.368,NORMAL
2026-09-21 05:00:00,R112,26.62,0,0,1,0,0.15,0.15,NORMAL
2026-09-21 05:00:00,R113,26.62,1,0,1,0,0.359,0.359,NORMAL
2026-09-21 05:00:00,R114,26.62,0,0,1,0,0.15,0.15,NORMAL
2026-09-21 05:00:00,R115,26.62,0,0,1,0,0.15,0.15,NORMAL
2026-09-21 05:00:00,R116,26.62,0,0,1,0,0.15,0.15,NORMAL
2026-09-21 05:00:00,R117,26.62,0,0,1,0,0.15,0.15,NORMAL
2026-09-21 05:00:00,R118,26.62,0,0,1,0,0.15,0.15,NORMAL
2026-09-21 05:00:00,R119,26.62,1,0,1,0,0.425,0.425,NORMAL
2026-09-21 05:00:00,R120,26.62,0,0,1,0,0.15,0.15,NORMAL
2026-09-21 06:00:00,R101,25.85,2,0,0,1,0.253,0.253,NORMAL
2026-09-21 06:00:00,R102,25.85,1,0,0,1,0.26,0.26,NORMAL
2026-09-21 06:00:00,R103,25.85,2,0,0,1,0.382,0.382,NORMAL
2026-09-21 06:00:00,R104,25.85,0,0,0,1,0.15,0.15,NORMAL
2026-09-21 06:00:00,R105,25.85,1,0,0,1,0.249,0.249,NORMAL
2026-09-21 06:00:00,R106,25.85,1,0,0,1,0.289,0.289,NORMAL
2026-09-21 06:00:00,R107,25.85,2,0,0,1,0.388,0.388,NORMAL
2026-09-21 06:00:00,R108,25.85,2,0,0,1,0.255,0.255,NORMAL
2026-09-21 06:00:00,R109,25.85,0,0,0,1,0.15,0.15,NORMAL
2026-09-21 06:00:00,R110,25.85,1,0,0,1,0.298,0.298,NORMAL
2026-09-21 06:00:00,R111,25.85,1,0,0,1,0.252,0.252,NORMAL
2026-09-21 06:00:00,R112,25.85,0,0,0,1,0.15,0.15,NORMAL
2026-09-21 06:00:00,R113,25.85,2,0,0,1,0.313,0.313,NORMAL
2026-09-21 06:00:00,R114,25.85,2,0,0,1,0.253,0.253,NORMAL
2026-09-21 06:00:00,R115,25.85,2,0,0,1,0.379,0.379,NORMAL
2026-09-21 06:00:00,R116,25.85,2,0,0,1,0.356,0.356,NORMAL
2026-09-21 06:00:00,R117,25.85,2,0,0,1,0.394,0.394,NORMAL
2026-09-21 06:00:00,R118,25.85,1,0,0,1,0.236,0.236,NORMAL
2026-09-21 06:00:00,R119,25.85,1,0,0,1,0.228,0.228,NORMAL
2026-09-21 06:00:00,R120,25.85,2,0,0,1,0.381,0.381,NORMAL
2026-09-21 07:00:00,R101,28.07,2,0,0,1,0.313,0.313,NORMAL
2026-09-21 07:00:00,R102,28.07,0,0,0,1,0.15,0.15,NORMAL
2026-09-21 07:00:00,R103,28.07,0,0,0,1,0.15,0.15,NORMAL
2026-09-21 07:00:00,R104,28.07,2,0,0,1,0.424,0.424,NORMAL
2026-09-21 07:00:00,R105,28.07,1,0,0,1,0.281,0.281,NORMAL
2026-09-21 07:00:00,R106,28.07,1,0,0,1,0.263,0.263,NORMAL
2026-09-21 07:00:00,R107,28.07,2,0,0,1,0.419,0.419,NORMAL
2026-09-21 07:00:00,R108,28.07,1,0,0,1,0.238,0.238,NORMAL
2026-09-21 07:00:00,R109,28.07,1,0,0,1,0.261,0.261,NORMAL
2026-09-21 07:00:00,R110,28.07,2,0,0,1,0.351,0.351,NORMAL
2026-09-21 07:00:00,R111,28.07,1,0,0,1,0.219,0.219,NORMAL
2026-09-21 07:00:00,R112,28.07,1,0,0,1,0.283,0.283,NORMAL
2026-09-21 07:00:00,R113,28.07,1,0,0,1,0.223,0.223,NORMAL
2026-09-21 07:00:00,R114,28.07,2,0,0,1,0.301,0.301,NORMAL
2026-09-21 07:00:00,R115,28.07,0,0,0,1,0.15,0.15,NORMAL
2026-09-21 07:00:00,R116,28.07,1,0,0,1,0.293,0.293,NORMAL
2026-09-21 07:00:00,R117,28.07,2,0,0,1,0.31,0.31,NORMAL
2026-09-21 07:00:00,R118,28.07,0,0,0,1,0.15,0.15,NORMAL
2026-09-21 07:00:00,R119,28.07,1,0,0,1,0.236,0.236,NORMAL
2026-09-21 07:00:00,R120,28.07,1,0,0,1,0.259,0.259,NORMAL
2026-09-21 08:00:00,R101,29.91,1,1,0,1,1.559,1.559,NORMAL
2026-09-21 08:00:00,R102,29.91,0,0,0,1,0.15,0.15,NORMAL
2026-09-21 08:00:00,R103,29.91,1,1,0,1,1.975,1.975,NORMAL
2026-09-21 08:00:00,R104,29.91,2,1,0,1,2.07,2.07,NORMAL
2026-09-21 08:00:00,R105,29.91,1,1,0,1,1.466,1.466,NORMAL
2026-09-21 08:00:00,R106,29.91,2,1,0,1,1.843,1.843,NORMAL
2026-09-21 08:00:00,R107,29.91,2,1,0,1,2.142,2.142,NORMAL
2026-09-21 08:00:00,R108,29.91,0,0,0,1,0.15,0.15,NORMAL
2026-09-21 08:00:00,R109,29.91,1,1,0,1,1.82,1.82,NORMAL
2026-09-21 08:00:00,R110,29.91,1,1,0,1,1.501,1.501,NORMAL
2026-09-21 08:00:00,R111,29.91,2,1,0,1,1.724,1.724,NORMAL
2026-09-21 08:00:00,R112,29.91,1,1,0,1,1.492,1.492,NORMAL
2026-09-21 08:00:00,R113,29.91,2,1,0,1,1.769,1.769,NORMAL
2026-09-21 08:00:00,R114,29.91,1,1,0,1,2.013,2.013,NORMAL
2026-09-21 08:00:00,R115,29.91,0,0,0,1,0.15,0.15,NORMAL
2026-09-21 08:00:00,R116,29.91,0,0,0,1,0.15,0.15,NORMAL
2026-09-21 08:00:00,R117,29.91,2,1,0,1,1.602,1.602,NORMAL
2026-09-21 08:00:00,R118,29.91,2,1,0,1,2.18,2.18,NORMAL
2026-09-21 08:00:00,R119,29.91,0,0,0,1,0.15,0.15,NORMAL
2026-09-21 08:00:00,R120,29.91,2,1,0,1,1.652,1.652,NORMAL
2026-09-21 09:00:00,R101,32.87,1,1,0,1,1.508,1.508,NORMAL
2026-09-21 09:00:00,R102,32.87,0,0,0,1,0.15,0.15,NORMAL
2026-09-21 09:00:00,R103,32.87,1,1,0,1,1.759,1.759,NORMAL
2026-09-21 09:00:00,R104,32.87,0,1,0,1,1.456,1.456,AC_WASTE
2026-09-21 09:00:00,R105,32.87,0,0,0,1,0.15,0.15,NORMAL
2026-09-21 09:00:00,R106,32.87,0,0,0,1,0.15,0.15,NORMAL
2026-09-21 09:00:00,R107,32.87,0,0,0,1,0.15,0.15,NORMAL
2026-09-21 09:00:00,R108,32.87,1,1,0,1,1.525,1.525,NORMAL
2026-09-21 09:00:00,R109,32.87,0,0,0,1,0.15,0.15,NORMAL
2026-09-21 09:00:00,R110,32.87,1,1,0,1,1.547,1.547,NORMAL
2026-09-21 09:00:00,R111,32.87,1,1,0,1,1.631,1.631,NORMAL
2026-09-21 09:00:00,R112,32.87,0,1,0,1,1.4,1.4,AC_WASTE
2026-09-21 09:00:00,R113,32.87,0,0,0,1,0.15,0.15,NORMAL
2026-09-21 09:00:00,R114,32.87,1,1,0,1,1.978,1.978,NORMAL
2026-09-21 09:00:00,R115,32.87,2,1,0,1,1.66,1.66,NORMAL
2026-09-21 09:00:00,R116,32.87,0,0,0,1,0.15,0.15,NORMAL
2026-09-21 09:00:00,R117,32.87,2,1,0,1,2.177,2.177,NORMAL
2026-09-21 09:00:00,R118,32.87,1,1,0,1,2.01,2.01,NORMAL
2026-09-21 09:00:00,R119,32.87,2,1,0,1,1.543,1.543,NORMAL
2026-09-21 09:00:00,R120,32.87,2,1,0,1,1.628,1.628,NORMAL
2026-09-21 10:00:00,R101,33.74,1,1,0,1,1.595,1.595,NORMAL
2026-09-21 10:00:00,R102,33.74,0,0,0,1,0.15,0.15,NORMAL
2026-09-21 10:00:00,R103,33.74,0,0,0,1,0.15,0.15,NORMAL
2026-09-21 10:00:00,R104,33.74,0,0,0,1,0.15,0.15,NORMAL
2026-09-21 10:00:00,R105,33.74,0,0,0,1,0.15,0.15,NORMAL
2026-09-21 10:00:00,R106,33.74,0,0,0,1,0.15,0.15,NORMAL
2026-09-21 10:00:00,R107,33.74,1,1,0,1,1.588,1.588,NORMAL
2026-09-21 10:00:00,R108,33.74,0,0,0,1,0.15,0.15,NORMAL
2026-09-21 10:00:00,R109,33.74,0,0,0,1,0.15,0.15,NORMAL
2026-09-21 10:00:00,R110,33.74,0,0,0,1,0.15,0.15,NORMAL
2026-09-21 10:00:00,R111,33.74,1,1,0,1,1.673,1.673,NORMAL
2026-09-21 10:00:00,R112,33.74,0,0,0,1,0.15,0.15,NORMAL
2026-09-21 10:00:00,R113,33.74,0,0,0,1,0.813,0.813,STANDBY_WASTE
2026-09-21 10:00:00,R114,33.74,1,1,0,1,1.975,1.975,NORMAL
2026-09-21 10:00:00,R115,33.74,0,0,0,1,0.15,0.15,NORMAL
2026-09-21 10:00:00,R116,33.74,0,0,0,1,0.15,0.15,NORMAL
2026-09-21 10:00:00,R117,33.74,0,0,0,1,0.15,0.15,NORMAL
2026-09-21 10:00:00,R118,33.74,1,1,0,1,1.918,1.918,NORMAL
2026-09-21 10:00:00,R119,33.74,0,0,0,1,0.15,0.15,NORMAL
2026-09-21 10:00:00,R120,33.74,2,1,0,1,1.88,1.88,NORMAL
2026-09-21 11:00:00,R101,36.29,1,1,0,1,1.852,1.852,NORMAL
2026-09-21 11:00:00,R102,36.29,1,1,0,1,1.593,1.593,NORMAL
2026-09-21 11:00:00,R103,36.29,0,0,0,1,0.15,0.15,NORMAL
2026-09-21 11:00:00,R104,36.29,0,0,0,1,0.15,0.15,NORMAL
2026-09-21 11:00:00,R105,36.29,1,1,0,1,1.693,1.693,NORMAL
2026-09-21 11:00:00,R106,36.29,1,1,0,1,1.594,1.594,NORMAL
2026-09-21 11:00:00,R107,36.29,2,1,0,1,2.027,2.027,NORMAL
2026-09-21 11:00:00,R108,36.29,1,1,0,1,1.504,1.504,NORMAL
2026-09-21 11:00:00,R109,36.29,0,0,0,1,0.15,0.15,NORMAL
2026-09-21 11:00:00,R110,36.29,0,0,0,1,0.15,0.15,NORMAL
2026-09-21 11:00:00,R111,36.29,1,1,0,1,2.046,2.046,NORMAL
2026-09-21 11:00:00,R112,36.29,0,0,0,1,0.15,0.15,NORMAL
2026-09-21 11:00:00,R113,36.29,0,0,0,1,0.15,0.15,NORMAL
2026-09-21 11:00:00,R114,36.29,0,0,0,1,0.15,0.15,NORMAL
2026-09-21 11:00:00,R115,36.29,0,0,0,1,0.15,0.15,NORMAL
2026-09-21 11:00:00,R116,36.29,1,1,0,1,1.627,1.627,NORMAL
2026-09-21 11:00:00,R117,36.29,0,0,0,1,0.15,0.15,NORMAL
2026-09-21 11:00:00,R118,36.29,0,0,0,1,0.15,0.15,NORMAL
2026-09-21 11:00:00,R119,36.29,0,0,0,1,0.15,0.15,NORMAL
2026-09-21 11:00:00,R120,36.29,2,1,0,1,1.588,1.588,NORMAL
2026-09-21 12:00:00,R101,35.19,2,1,0,1,1.659,1.659,NORMAL
2026-09-21 12:00:00,R102,35.19,2,1,0,1,2.055,2.055,NORMAL
2026-09-21 12:00:00,R103,35.19,0,0,0,1,0.15,0.15,NORMAL
2026-09-21 12:00:00,R104,35.19,0,0,0,1,0.15,0.15,NORMAL
2026-09-21 12:00:00,R105,35.19,0,0,0,1,0.15,0.15,NORMAL
2026-09-21 12:00:00,R106,35.19,0,0,0,1,0.15,0.15,NORMAL
2026-09-21 12:00:00,R107,35.19,0,0,0,1,0.15,0.15,NORMAL
2026-09-21 12:00:00,R108,35.19,0,0,0,1,0.15,0.15,NORMAL
2026-09-21 12:00:00,R109,35.19,0,1,0,1,1.708,1.708,AC_WASTE
2026-09-21 12:00:00,R110,35.19,0,0,0,1,0.15,0.15,NORMAL
2026-09-21 12:00:00,R111,35.19,0,0,0,1,0.15,0.15,NORMAL
2026-09-21 12:00:00,R112,35.19,0,0,0,1,0.15,0.15,NORMAL
2026-09-21 12:00:00,R113,35.19,0,0,0,1,0.15,0.15,NORMAL
2026-09-21 12:00:00,R114,35.19,0,0,0,1,0.15,0.15,NORMAL
2026-09-21 12:00:00,R115,35.19,0,0,0,1,0.15,0.15,NORMAL
2026-09-21 12:00:00,R116,35.19,0,0,0,1,0.15,0.15,NORMAL
2026-09-21 12:00:00,R117,35.19,1,1,0,1,1.823,1.823,NORMAL
2026-09-21 12:00:00,R118,35.19,0,0,0,1,0.15,0.15,NORMAL
2026-09-21 12:00:00,R119,35.19,0,0,0,1,0.15,0.15,NORMAL
2026-09-21 12:00:00,R120,35.19,2,1,0,1,1.573,1.573,NORMAL
2026-09-21 13:00:00,R101,34.65,0,0,0,1,0.15,0.15,NORMAL
2026-09-21 13:00:00,R102,34.65,0,0,0,1,0.85,0.85,STANDBY_WASTE
2026-09-21 13:00:00,R103,34.65,1,1,0,1,2.004,2.004,NORMAL
2026-09-21 13:00:00,R104,34.65,2,1,0,1,2.071,2.071,NORMAL
2026-09-21 13:00:00,R105,34.65,2,1,0,1,2.031,2.031,NORMAL
2026-09-21 13:00:00,R106,34.65,2,1,0,1,1.738,1.738,NORMAL
2026-09-21 13:00:00,R107,34.65,1,1,0,1,1.678,1.678,NORMAL
2026-09-21 13:00:00,R108,34.65,1,1,0,1,1.627,1.627,NORMAL
2026-09-21 13:00:00,R109,34.65,0,0,0,1,0.15,0.15,NORMAL
2026-09-21 13:00:00,R110,34.65,0,0,0,1,0.15,0.15,NORMAL
2026-09-21 13:00:00,R111,34.65,0,0,0,1,0.15,0.15,NORMAL
2026-09-21 13:00:00,R112,34.65,1,1,0,1,1.916,1.916,NORMAL
2026-09-21 13:00:00,R113,34.65,2,1,0,1,2.103,2.103,NORMAL
2026-09-21 13:00:00,R114,34.65,1,1,0,1,1.582,1.582,NORMAL
2026-09-21 13:00:00,R115,34.65,0,0,0,1,0.15,0.15,NORMAL
2026-09-21 13:00:00,R116,34.65,0,0,0,1,0.15,0.15,NORMAL
2026-09-21 13:00:00,R117,34.65,2,1,0,1,1.574,1.574,NORMAL
2026-09-21 13:00:00,R118,34.65,2,1,0,1,1.651,1.651,NORMAL
2026-09-21 13:00:00,R119,34.65,2,1,0,1,2.029,2.029,NORMAL
2026-09-21 13:00:00,R120,34.65,1,1,0,1,1.857,1.857,NORMAL
2026-09-21 14:00:00,R101,33.84,1,1,0,1,1.985,1.985,NORMAL
2026-09-21 14:00:00,R102,33.84,0,0,0,1,0.15,0.15,NORMAL
2026-09-21 14:00:00,R103,33.84,2,1,0,1,1.818,1.818,NORMAL
2026-09-21 14:00:00,R104,33.84,0,0,0,1,0.15,0.15,NORMAL
2026-09-21 14:00:00,R105,33.84,0,0,0,1,0.15,0.15,NORMAL
2026-09-21 14:00:00,R106,33.84,2,1,0,1,1.889,1.889,NORMAL
2026-09-21 14:00:00,R107,33.84,0,0,0,1,0.15,0.15,NORMAL
2026-09-21 14:00:00,R108,33.84,0,0,0,1,0.15,0.15,NORMAL
2026-09-21 14:00:00,R109,33.84,0,0,0,1,0.15,0.15,NORMAL
2026-09-21 14:00:00,R110,33.84,0,0,0,1,0.15,0.15,NORMAL
2026-09-21 14:00:00,R111,33.84,0,0,0,1,0.15,0.15,NORMAL
2026-09-21 14:00:00,R112,33.84,2,1,0,1,1.973,1.973,NORMAL
2026-09-21 14:00:00,R113,33.84,0,0,0,1,0.15,0.15,NORMAL
2026-09-21 14:00:00,R114,33.84,1,1,0,1,2.076,2.076,NORMAL
2026-09-21 14:00:00,R115,33.84,0,0,0,1,0.15,0.15,NORMAL
2026-09-21 14:00:00,R116,33.84,0,0,0,1,0.15,0.15,NORMAL
2026-09-21 14:00:00,R117,33.84,0,0,0,1,0.15,0.15,NORMAL
2026-09-21 14:00:00,R118,33.84,1,1,0,1,2.036,2.036,NORMAL
2026-09-21 14:00:00,R119,33.84,2,1,0,1,1.702,1.702,NORMAL
2026-09-21 14:00:00,R120,33.84,0,0,0,1,0.15,0.15,NORMAL
2026-09-21 15:00:00,R101,30.79,0,0,0,1,0.15,0.15,NORMAL
2026-09-21 15:00:00,R102,30.79,1,1,0,1,1.662,1.662,NORMAL
2026-09-21 15:00:00,R103,30.79,1,1,0,1,2.25,2.25,STANDBY_WASTE
2026-09-21 15:00:00,R104,30.79,2,1,0,1,1.831,1.831,NORMAL
2026-09-21 15:00:00,R105,30.79,1,1,0,1,1.734,1.734,NORMAL
2026-09-21 15:00:00,R106,30.79,1,1,0,1,1.693,1.693,NORMAL
2026-09-21 15:00:00,R107,30.79,1,1,0,1,1.793,1.793,NORMAL
2026-09-21 15:00:00,R108,30.79,1,1,0,1,1.488,1.488,NORMAL
2026-09-21 15:00:00,R109,30.79,0,0,0,1,0.15,0.15,NORMAL
2026-09-21 15:00:00,R110,30.79,1,1,0,1,1.622,1.622,NORMAL
2026-09-21 15:00:00,R111,30.79,1,1,0,1,1.596,1.596,NORMAL
2026-09-21 15:00:00,R112,30.79,0,0,0,1,0.15,0.15,NORMAL
2026-09-21 15:00:00,R113,30.79,1,1,0,1,1.964,1.964,NORMAL
2026-09-21 15:00:00,R114,30.79,0,0,0,1,0.15,0.15,NORMAL
2026-09-21 15:00:00,R115,30.79,0,0,0,1,0.15,0.15,NORMAL
2026-09-21 15:00:00,R116,30.79,1,1,0,1,1.779,1.779,NORMAL
2026-09-21 15:00:00,R117,30.79,0,0,0,1,0.15,0.15,NORMAL
2026-09-21 15:00:00,R118,30.79,0,0,0,1,0.15,0.15,NORMAL
2026-09-21 15:00:00,R119,30.79,1,1,0,1,1.567,1.567,NORMAL
2026-09-21 15:00:00,R120,30.79,1,1,0,1,1.845,1.845,NORMAL
2026-09-21 16:00:00,R101,31.98,2,1,0,1,2.036,2.036,NORMAL
2026-09-21 16:00:00,R102,31.98,0,0,0,1,0.15,0.15,NORMAL
2026-09-21 16:00:00,R103,31.98,0,0,0,1,0.15,0.15,NORMAL
2026-09-21 16:00:00,R104,31.98,0,1,0,1,1.785,1.785,AC_WASTE
2026-09-21 16:00:00,R105,31.98,1,1,0,1,1.852,1.852,NORMAL
2026-09-21 16:00:00,R106,31.98,0,0,0,1,0.15,0.15,NORMAL
2026-09-21 16:00:00,R107,31.98,2,1,0,1,2.199,2.199,NORMAL
2026-09-21 16:00:00,R108,31.98,0,0,0,1,0.15,0.15,NORMAL
2026-09-21 16:00:00,R109,31.98,0,0,0,1,0.15,0.15,NORMAL
2026-09-21 16:00:00,R110,31.98,2,1,0,1,1.943,1.943,NORMAL
2026-09-21 16:00:00,R111,31.98,1,1,0,1,1.557,1.557,NORMAL
2026-09-21 16:00:00,R112,31.98,0,0,0,1,0.15,0.15,NORMAL
2026-09-21 16:00:00,R113,31.98,0,0,0,1,0.15,0.15,NORMAL
2026-09-21 16:00:00,R114,31.98,1,1,0,1,1.544,1.544,NORMAL
2026-09-21 16:00:00,R115,31.98,2,1,0,1,2.18,2.18,NORMAL
2026-09-21 16:00:00,R116,31.98,0,1,0,1,1.551,1.551,AC_WASTE
2026-09-21 16:00:00,R117,31.98,0,0,0,1,0.15,0.15,NORMAL
2026-09-21 16:00:00,R118,31.98,0,0,0,1,0.15,0.15,NORMAL
2026-09-21 16:00:00,R119,31.98,1,1,0,1,1.689,1.689,NORMAL
2026-09-21 16:00:00,R120,31.98,0,0,0,1,0.15,0.15,NORMAL
2026-09-21 17:00:00,R101,29.1,2,1,0,1,1.794,1.794,NORMAL
2026-09-21 17:00:00,R102,29.1,1,1,0,1,1.476,1.476,NORMAL
2026-09-21 17:00:00,R103,29.1,2,1,0,1,1.744,1.744,NORMAL
2026-09-21 17:00:00,R104,29.1,2,1,0,1,1.672,1.672,NORMAL
2026-09-21 17:00:00,R105,29.1,2,1,0,1,2.111,2.111,NORMAL
2026-09-21 17:00:00,R106,29.1,2,1,0,1,1.846,1.846,NORMAL
2026-09-21 17:00:00,R107,29.1,2,1,0,1,2.045,2.045,NORMAL
2026-09-21 17:00:00,R108,29.1,2,1,0,1,1.819,1.819,NORMAL
2026-09-21 17:00:00,R109,29.1,1,1,0,1,1.475,1.475,NORMAL
2026-09-21 17:00:00,R110,29.1,1,1,0,1,1.827,1.827,NORMAL
2026-09-21 17:00:00,R111,29.1,2,1,0,1,1.489,1.489,NORMAL
2026-09-21 17:00:00,R112,29.1,1,1,0,1,1.863,1.863,NORMAL
2026-09-21 17:00:00,R113,29.1,1,1,0,1,1.79,1.79,NORMAL
2026-09-21 17:00:00,R114,29.1,1,1,0,1,1.956,1.956,NORMAL
2026-09-21 17:00:00,R115,29.1,1,1,0,1,1.866,1.866,NORMAL
2026-09-21 17:00:00,R116,29.1,2,1,0,1,1.678,1.678,NORMAL
2026-09-21 17:00:00,R117,29.1,2,1,0,1,1.822,1.822,NORMAL
2026-09-21 17:00:00,R118,29.1,2,1,0,1,2.171,2.171,NORMAL
2026-09-21 17:00:00,R119,29.1,2,1,0,1,2.162,2.162,NORMAL
2026-09-21 17:00:00,R120,29.1,0,0,0,1,0.15,0.15,NORMAL
2026-09-21 18:00:00,R101,29.44,0,0,1,1,0.15,0.15,NORMAL
2026-09-21 18:00:00,R102,29.44,1,1,1,1,1.675,1.675,NORMAL
2026-09-21 18:00:00,R103,29.44,2,1,1,1,1.991,1.991,NORMAL
2026-09-21 18:00:00,R104,29.44,2,1,1,1,2.216,2.216,NORMAL
2026-09-21 18:00:00,R105,29.44,2,1,1,1,1.937,1.937,NORMAL
2026-09-21 18:00:00,R106,29.44,2,1,1,1,2.071,2.071,NORMAL
2026-09-21 18:00:00,R107,29.44,2,1,1,1,1.79,1.79,NORMAL
2026-09-21 18:00:00,R108,29.44,1,1,1,1,1.673,1.673,NORMAL
2026-09-21 18:00:00,R109,29.44,2,1,1,1,1.63,1.63,NORMAL
2026-09-21 18:00:00,R110,29.44,1,1,1,1,1.876,1.876,NORMAL
2026-09-21 18:00:00,R111,29.44,1,1,1,1,2.207,2.207,NORMAL
2026-09-21 18:00:00,R112,29.44,1,1,1,1,1.813,1.813,NORMAL
2026-09-21 18:00:00,R113,29.44,2,1,1,1,1.785,1.785,NORMAL
2026-09-21 18:00:00,R114,29.44,1,1,1,1,1.891,1.891,NORMAL
2026-09-21 18:00:00,R115,29.44,0,0,1,1,0.633,0.633,STANDBY_WASTE
2026-09-21 18:00:00,R116,29.44,2,1,1,1,1.82,1.82,NORMAL
2026-09-21 18:00:00,R117,29.44,1,1,1,1,1.865,1.865,NORMAL
2026-09-21 18:00:00,R118,29.44,2,1,1,1,1.923,1.923,NORMAL
2026-09-21 18:00:00,R119,29.44,1,1,1,1,1.94,1.94,NORMAL
2026-09-21 18:00:00,R120,29.44,1,1,1,1,1.896,1.896,NORMAL
2026-09-21 19:00:00,R101,23.71,1,0,1,1,0.366,0.366,NORMAL
2026-09-21 19:00:00,R102,23.71,0,0,1,1,0.15,0.15,NORMAL
2026-09-21 19:00:00,R103,23.71,1,0,1,1,0.349,0.349,NORMAL
2026-09-21 19:00:00,R104,23.71,2,0,1,1,0.4,0.4,NORMAL
2026-09-21 19:00:00,R105,23.71,1,0,1,1,0.318,0.318,NORMAL
2026-09-21 19:00:00,R106,23.71,2,0,1,1,0.599,0.599,NORMAL
2026-09-21 19:00:00,R107,23.71,1,0,1,1,0.307,0.307,NORMAL
2026-09-21 19:00:00,R108,23.71,1,0,1,1,0.377,0.377,NORMAL
2026-09-21 19:00:00,R109,23.71,1,0,1,1,0.433,0.433,NORMAL
2026-09-21 19:00:00,R110,23.71,2,0,1,1,0.51,0.51,NORMAL
2026-09-21 19:00:00,R111,23.71,1,0,1,1,0.333,0.333,NORMAL
2026-09-21 19:00:00,R112,23.71,2,0,1,1,0.494,0.494,NORMAL
2026-09-21 19:00:00,R113,23.71,1,0,1,1,0.353,0.353,NORMAL
2026-09-21 19:00:00,R114,23.71,1,0,1,1,0.373,0.373,NORMAL
2026-09-21 19:00:00,R115,23.71,2,0,1,1,0.569,0.569,NORMAL
2026-09-21 19:00:00,R116,23.71,2,0,1,1,0.396,0.396,NORMAL
2026-09-21 19:00:00,R117,23.71,1,0,1,1,0.333,0.333,NORMAL
2026-09-21 19:00:00,R118,23.71,2,0,1,1,0.492,0.492,NORMAL
2026-09-21 19:00:00,R119,23.71,2,0,1,1,0.47,0.47,NORMAL
2026-09-21 19:00:00,R120,23.71,2,0,1,1,0.451,0.451,NORMAL
2026-09-21 20:00:00,R101,26.55,1,0,1,1,0.427,0.427,NORMAL
2026-09-21 20:00:00,R102,26.55,1,0,1,1,0.348,0.348,NORMAL
2026-09-21 20:00:00,R103,26.55,1,0,1,1,0.361,0.361,NORMAL
2026-09-21 20:00:00,R104,26.55,1,0,1,1,0.432,0.432,NORMAL
2026-09-21 20:00:00,R105,26.55,2,0,1,1,0.495,0.495,NORMAL
2026-09-21 20:00:00,R106,26.55,1,0,1,1,0.36,0.36,NORMAL
2026-09-21 20:00:00,R107,26.55,1,0,1,1,0.327,0.327,NORMAL
2026-09-21 20:00:00,R108,26.55,1,0,1,1,0.309,0.309,NORMAL
2026-09-21 20:00:00,R109,26.55,2,0,1,1,0.395,0.395,NORMAL
2026-09-21 20:00:00,R110,26.55,1,0,1,1,0.36,0.36,NORMAL
2026-09-21 20:00:00,R111,26.55,2,0,1,1,0.534,0.534,NORMAL
2026-09-21 20:00:00,R112,26.55,2,0,1,1,0.588,0.588,NORMAL
2026-09-21 20:00:00,R113,26.55,2,0,1,1,0.561,0.561,NORMAL
2026-09-21 20:00:00,R114,26.55,0,0,1,1,0.15,0.15,NORMAL
2026-09-21 20:00:00,R115,26.55,1,0,1,1,0.427,0.427,NORMAL
2026-09-21 20:00:00,R116,26.55,0,0,1,1,0.15,0.15,NORMAL
2026-09-21 20:00:00,R117,26.55,1,0,1,1,0.405,0.405,NORMAL
2026-09-21 20:00:00,R118,26.55,0,0,1,1,0.15,0.15,NORMAL
2026-09-21 20:00:00,R119,26.55,1,0,1,1,0.373,0.373,NORMAL
2026-09-21 20:00:00,R120,26.55,1,0,1,1,0.374,0.374,NORMAL
2026-09-21 21:00:00,R101,19.69,1,0,1,1,0.332,0.332,NORMAL
2026-09-21 21:00:00,R102,19.69,2,0,1,1,0.431,0.431,NORMAL
2026-09-21 21:00:00,R103,19.69,1,0,1,1,0.403,0.403,NORMAL
2026-09-21 21:00:00,R104,19.69,1,0,1,1,0.37,0.37,NORMAL
2026-09-21 21:00:00,R105,19.69,0,0,1,1,0.15,0.15,NORMAL
2026-09-21 21:00:00,R106,19.69,1,0,1,1,0.378,0.378,NORMAL
2026-09-21 21:00:00,R107,19.69,1,0,1,1,0.332,0.332,NORMAL
2026-09-21 21:00:00,R108,19.69,1,0,1,1,0.387,0.387,NORMAL
2026-09-21 21:00:00,R109,19.69,1,0,1,1,0.411,0.411,NORMAL
2026-09-21 21:00:00,R110,19.69,1,0,1,1,0.332,0.332,NORMAL
2026-09-21 21:00:00,R111,19.69,2,0,1,1,0.429,0.429,NORMAL
2026-09-21 21:00:00,R112,19.69,1,0,1,1,0.392,0.392,NORMAL
2026-09-21 21:00:00,R113,19.69,2,0,1,1,0.406,0.406,NORMAL
2026-09-21 21:00:00,R114,19.69,1,0,1,1,0.404,0.404,NORMAL
2026-09-21 21:00:00,R115,19.69,1,0,1,1,0.39,0.39,NORMAL
2026-09-21 21:00:00,R116,19.69,0,0,1,1,0.15,0.15,NORMAL
2026-09-21 21:00:00,R117,19.69,1,0,1,1,0.442,0.442,NORMAL
2026-09-21 21:00:00,R118,19.69,2,0,1,1,0.399,0.399,NORMAL
2026-09-21 21:00:00,R119,19.69,1,0,1,1,0.44,0.44,NORMAL
2026-09-21 21:00:00,R120,19.69,2,0,1,1,0.418,0.418,NORMAL
2026-09-21 22:00:00,R101,19.88,1,0,1,1,0.824,0.824,STANDBY_WASTE
2026-09-21 22:00:00,R102,19.88,1,0,1,1,0.364,0.364,NORMAL
2026-09-21 22:00:00,R103,19.88,2,0,1,1,0.438,0.438,NORMAL
2026-09-21 22:00:00,R104,19.88,2,0,1,1,0.528,0.528,NORMAL
2026-09-21 22:00:00,R105,19.88,2,0,1,1,0.398,0.398,NORMAL
2026-09-21 22:00:00,R106,19.88,1,0,1,1,0.407,0.407,NORMAL
2026-09-21 22:00:00,R107,19.88,1,0,1,1,0.438,0.438,NORMAL
2026-09-21 22:00:00,R108,19.88,2,0,1,1,0.508,0.508,NORMAL
2026-09-21 22:00:00,R109,19.88,1,0,1,1,0.389,0.389,NORMAL
2026-09-21 22:00:00,R110,19.88,2,0,1,1,0.428,0.428,NORMAL
2026-09-21 22:00:00,R111,19.88,2,0,1,1,0.536,0.536,NORMAL
2026-09-21 22:00:00,R112,19.88,0,0,1,1,0.15,0.15,NORMAL
2026-09-21 22:00:00,R113,19.88,0,0,1,1,0.15,0.15,NORMAL
2026-09-21 22:00:00,R114,19.88,2,0,1,1,0.449,0.449,NORMAL
2026-09-21 22:00:00,R115,19.88,1,0,1,1,0.395,0.395,NORMAL
2026-09-21 22:00:00,R116,19.88,1,0,1,1,0.474,0.474,NORMAL
2026-09-21 22:00:00,R117,19.88,1,0,1,1,0.366,0.366,NORMAL
2026-09-21 22:00:00,R118,19.88,1,0,1,1,0.333,0.333,NORMAL
2026-09-21 22:00:00,R119,19.88,1,0,1,1,0.363,0.363,NORMAL
2026-09-21 22:00:00,R120,19.88,2,0,1,1,1.286,1.286,STANDBY_WASTE
2026-09-21 23:00:00,R101,20.52,0,0,1,0,0.15,0.15,NORMAL
2026-09-21 23:00:00,R102,20.52,0,0,1,0,0.15,0.15,NORMAL
2026-09-21 23:00:00,R103,20.52,1,0,1,0,0.443,0.443,NORMAL
2026-09-21 23:00:00,R104,20.52,0,0,1,0,0.15,0.15,NORMAL
2026-09-21 23:00:00,R105,20.52,0,0,1,0,0.15,0.15,NORMAL
2026-09-21 23:00:00,R106,20.52,0,0,1,0,0.15,0.15,NORMAL
2026-09-21 23:00:00,R107,20.52,0,0,1,0,0.15,0.15,NORMAL
2026-09-21 23:00:00,R108,20.52,1,0,1,0,0.388,0.388,NORMAL
2026-09-21 23:00:00,R109,20.52,0,0,1,0,0.15,0.15,NORMAL
2026-09-21 23:00:00,R110,20.52,0,0,1,0,0.15,0.15,NORMAL
2026-09-21 23:00:00,R111,20.52,0,0,1,0,0.15,0.15,NORMAL
2026-09-21 23:00:00,R112,20.52,0,0,1,0,0.15,0.15,NORMAL
2026-09-21 23:00:00,R113,20.52,1,0,1,0,0.389,0.389,NORMAL
2026-09-21 23:00:00,R114,20.52,0,0,1,0,0.15,0.15,NORMAL
2026-09-21 23:00:00,R115,20.52,0,0,1,0,0.15,0.15,NORMAL
2026-09-21 23:00:00,R116,20.52,1,0,1,0,0.391,0.391,NORMAL
2026-09-21 23:00:00,R117,20.52,0,0,1,0,0.15,0.15,NORMAL
2026-09-21 23:00:00,R118,20.52,0,0,1,0,0.15,0.15,NORMAL
2026-09-21 23:00:00,R119,20.52,0,0,1,0,0.15,0.15,NORMAL
2026-09-21 23:00:00,R120,20.52,0,0,1,0,0.15,0.15,NORMAL
2026-09-22 00:00:00,R101,20.85,0,0,1,0,0.15,0.15,NORMAL
2026-09-22 00:00:00,R102,20.85,0,0,1,0,0.15,0.15,NORMAL
2026-09-22 00:00:00,R103,20.85,0,0,1,0,0.15,0.15,NORMAL
2026-09-22 00:00:00,R104,20.85,0,0,1,0,0.15,0.15,NORMAL
2026-09-22 00:00:00,R105,20.85,0,0,1,0,0.15,0.15,NORMAL
2026-09-22 00:00:00,R106,20.85,0,0,1,0,0.15,0.15,NORMAL
2026-09-22 00:00:00,R107,20.85,0,0,1,0,0.15,0.15,NORMAL
2026-09-22 00:00:00,R108,20.85,0,0,1,0,0.15,0.15,NORMAL
2026-09-22 00:00:00,R109,20.85,0,0,1,0,0.15,0.15,NORMAL
2026-09-22 00:00:00,R110,20.85,1,0,1,0,0.435,0.435,NORMAL
2026-09-22 00:00:00,R111,20.85,1,0,1,0,0.412,0.412,NORMAL
2026-09-22 00:00:00,R112,20.85,0,0,1,0,0.15,0.15,NORMAL
2026-09-22 00:00:00,R113,20.85,0,0,1,0,0.15,0.15,NORMAL
2026-09-22 00:00:00,R114,20.85,0,0,1,0,0.15,0.15,NORMAL
2026-09-22 00:00:00,R115,20.85,0,0,1,0,0.15,0.15,NORMAL
2026-09-22 00:00:00,R116,20.85,0,0,1,0,0.15,0.15,NORMAL
2026-09-22 00:00:00,R117,20.85,0,0,1,0,0.15,0.15,NORMAL
2026-09-22 00:00:00,R118,20.85,0,0,1,0,0.15,0.15,NORMAL
2026-09-22 00:00:00,R119,20.85,0,0,1,0,0.15,0.15,NORMAL
2026-09-22 00:00:00,R120,20.85,1,0,1,0,0.436,0.436,NORMAL
2026-09-22 01:00:00,R101,18.19,1,0,1,0,0.347,0.347,NORMAL
2026-09-22 01:00:00,R102,18.19,0,0,1,0,0.15,0.15,NORMAL
2026-09-22 01:00:00,R103,18.19,0,0,1,0,0.15,0.15,NORMAL
2026-09-22 01:00:00,R104,18.19,0,0,1,0,0.15,0.15,NORMAL
2026-09-22 01:00:00,R105,18.19,0,0,1,0,0.15,0.15,NORMAL
2026-09-22 01:00:00,R106,18.19,0,0,1,0,0.15,0.15,NORMAL
2026-09-22 01:00:00,R107,18.19,0,0,1,0,0.15,0.15,NORMAL
2026-09-22 01:00:00,R108,18.19,0,0,1,0,0.15,0.15,NORMAL
2026-09-22 01:00:00,R109,18.19,0,0,1,0,0.15,0.15,NORMAL
2026-09-22 01:00:00,R110,18.19,1,0,1,0,0.358,0.358,NORMAL
2026-09-22 01:00:00,R111,18.19,0,0,1,0,0.15,0.15,NORMAL
2026-09-22 01:00:00,R112,18.19,0,0,1,0,0.15,0.15,NORMAL
2026-09-22 01:00:00,R113,18.19,0,0,1,0,0.15,0.15,NORMAL
2026-09-22 01:00:00,R114,18.19,1,0,1,0,0.413,0.413,NORMAL
2026-09-22 01:00:00,R115,18.19,0,0,1,0,0.15,0.15,NORMAL
2026-09-22 01:00:00,R116,18.19,0,0,1,0,0.15,0.15,NORMAL
2026-09-22 01:00:00,R117,18.19,0,0,1,0,0.15,0.15,NORMAL
2026-09-22 01:00:00,R118,18.19,0,0,1,0,0.15,0.15,NORMAL
2026-09-22 01:00:00,R119,18.19,0,0,1,0,0.15,0.15,NORMAL
2026-09-22 01:00:00,R120,18.19,0,0,1,0,0.15,0.15,NORMAL
2026-09-22 02:00:00,R101,19.73,0,0,1,0,0.15,0.15,NORMAL
2026-09-22 02:00:00,R102,19.73,0,0,1,0,0.15,0.15,NORMAL
2026-09-22 02:00:00,R103,19.73,0,0,1,0,0.15,0.15,NORMAL
2026-09-22 02:00:00,R104,19.73,0,0,1,0,0.15,0.15,NORMAL
2026-09-22 02:00:00,R105,19.73,0,0,1,0,0.654,0.654,STANDBY_WASTE
2026-09-22 02:00:00,R106,19.73,0,0,1,0,0.15,0.15,NORMAL
2026-09-22 02:00:00,R107,19.73,0,0,1,0,0.15,0.15,NORMAL
2026-09-22 02:00:00,R108,19.73,0,0,1,0,0.15,0.15,NORMAL
2026-09-22 02:00:00,R109,19.73,0,0,1,0,0.15,0.15,NORMAL
2026-09-22 02:00:00,R110,19.73,0,0,1,0,0.15,0.15,NORMAL
2026-09-22 02:00:00,R111,19.73,0,0,1,0,0.15,0.15,NORMAL
2026-09-22 02:00:00,R112,19.73,0,0,1,0,0.15,0.15,NORMAL
2026-09-22 02:00:00,R113,19.73,0,0,1,0,0.15,0.15,NORMAL
2026-09-22 02:00:00,R114,19.73,1,0,1,0,0.474,0.474,NORMAL
2026-09-22 02:00:00,R115,19.73,0,0,1,0,0.15,0.15,NORMAL
2026-09-22 02:00:00,R116,19.73,0,0,1,0,0.15,0.15,NORMAL
2026-09-22 02:00:00,R117,19.73,0,0,1,0,0.15,0.15,NORMAL
2026-09-22 02:00:00,R118,19.73,1,0,1,0,0.447,0.447,NORMAL
2026-09-22 02:00:00,R119,19.73,1,0,1,0,0.352,0.352,NORMAL
2026-09-22 02:00:00,R120,19.73,0,0,1,0,0.15,0.15,NORMAL
2026-09-22 03:00:00,R101,24.15,0,0,1,0,0.15,0.15,NORMAL
2026-09-22 03:00:00,R102,24.15,0,0,1,0,0.15,0.15,NORMAL
2026-09-22 03:00:00,R103,24.15,1,0,1,0,0.44,0.44,NORMAL
2026-09-22 03:00:00,R104,24.15,1,0,1,0,0.291,0.291,NORMAL
2026-09-22 03:00:00,R105,24.15,0,0,1,0,0.15,0.15,NORMAL
2026-09-22 03:00:00,R106,24.15,1,0,1,0,0.464,0.464,NORMAL
2026-09-22 03:00:00,R107,24.15,0,0,1,0,0.15,0.15,NORMAL
2026-09-22 03:00:00,R108,24.15,0,0,1,0,0.15,0.15,NORMAL
2026-09-22 03:00:00,R109,24.15,0,0,1,0,0.15,0.15,NORMAL
2026-09-22 03:00:00,R110,24.15,1,0,1,0,0.393,0.393,NORMAL
2026-09-22 03:00:00,R111,24.15,0,0,1,0,0.15,0.15,NORMAL
2026-09-22 03:00:00,R112,24.15,0,0,1,0,0.15,0.15,NORMAL
2026-09-22 03:00:00,R113,24.15,0,0,1,0,0.15,0.15,NORMAL
2026-09-22 03:00:00,R114,24.15,1,0,1,0,0.433,0.433,NORMAL
2026-09-22 03:00:00,R115,24.15,0,0,1,0,0.15,0.15,NORMAL
2026-09-22 03:00:00,R116,24.15,1,0,1,0,0.454,0.454,NORMAL
2026-09-22 03:00:00,R117,24.15,0,0,1,0,0.15,0.15,NORMAL
2026-09-22 03:00:00,R118,24.15,0,0,1,0,0.15,0.15,NORMAL
2026-09-22 03:00:00,R119,24.15,0,0,1,0,0.15,0.15,NORMAL
2026-09-22 03:00:00,R120,24.15,1,0,1,0,0.409,0.409,NORMAL
2026-09-22 04:00:00,R101,21.58,0,0,1,0,0.15,0.15,NORMAL
2026-09-22 04:00:00,R102,21.58,1,0,1,0,0.472,0.472,NORMAL
2026-09-22 04:00:00,R103,21.58,0,0,1,0,0.15,0.15,NORMAL
2026-09-22 04:00:00,R104,21.58,0,0,1,0,0.15,0.15,NORMAL
2026-09-22 04:00:00,R105,21.58,0,0,1,0,0.15,0.15,NORMAL
2026-09-22 04:00:00,R106,21.58,0,0,1,0,0.15,0.15,NORMAL
2026-09-22 04:00:00,R107,21.58,0,0,1,0,0.15,0.15,NORMAL
2026-09-22 04:00:00,R108,21.58,0,0,1,0,0.15,0.15,NORMAL
2026-09-22 04:00:00,R109,21.58,0,0,1,0,0.15,0.15,NORMAL
2026-09-22 04:00:00,R110,21.58,0,0,1,0,0.15,0.15,NORMAL
2026-09-22 04:00:00,R111,21.58,0,0,1,0,0.15,0.15,NORMAL
2026-09-22 04:00:00,R112,21.58,0,0,1,0,0.15,0.15,NORMAL
2026-09-22 04:00:00,R113,21.58,0,0,1,0,0.15,0.15,NORMAL
2026-09-22 04:00:00,R114,21.58,0,0,1,0,0.15,0.15,NORMAL
2026-09-22 04:00:00,R115,21.58,0,0,1,0,0.15,0.15,NORMAL
2026-09-22 04:00:00,R116,21.58,0,0,1,0,0.15,0.15,NORMAL
2026-09-22 04:00:00,R117,21.58,0,0,1,0,0.15,0.15,NORMAL
2026-09-22 04:00:00,R118,21.58,0,0,1,0,0.15,0.15,NORMAL
2026-09-22 04:00:00,R119,21.58,0,0,1,0,0.15,0.15,NORMAL
2026-09-22 04:00:00,R120,21.58,0,0,1,0,0.15,0.15,NORMAL
2026-09-22 05:00:00,R101,23.76,1,0,1,0,0.423,0.423,NORMAL
2026-09-22 05:00:00,R102,23.76,1,0,1,0,0.409,0.409,NORMAL
2026-09-22 05:00:00,R103,23.76,0,0,1,0,0.15,0.15,NORMAL
2026-09-22 05:00:00,R104,23.76,0,0,1,0,0.15,0.15,NORMAL
2026-09-22 05:00:00,R105,23.76,1,0,1,0,0.362,0.362,NORMAL
2026-09-22 05:00:00,R106,23.76,0,0,1,0,0.15,0.15,NORMAL
2026-09-22 05:00:00,R107,23.76,0,0,1,0,0.15,0.15,NORMAL
2026-09-22 05:00:00,R108,23.76,0,0,1,0,0.15,0.15,NORMAL
2026-09-22 05:00:00,R109,23.76,0,0,1,0,0.15,0.15,NORMAL
2026-09-22 05:00:00,R110,23.76,1,0,1,0,0.319,0.319,NORMAL
2026-09-22 05:00:00,R111,23.76,0,0,1,0,0.15,0.15,NORMAL
2026-09-22 05:00:00,R112,23.76,0,0,1,0,0.15,0.15,NORMAL
2026-09-22 05:00:00,R113,23.76,0,0,1,0,0.15,0.15,NORMAL
2026-09-22 05:00:00,R114,23.76,1,0,1,0,0.425,0.425,NORMAL
2026-09-22 05:00:00,R115,23.76,0,0,1,0,0.15,0.15,NORMAL
2026-09-22 05:00:00,R116,23.76,1,0,1,0,0.394,0.394,NORMAL
2026-09-22 05:00:00,R117,23.76,0,0,1,0,0.15,0.15,NORMAL
2026-09-22 05:00:00,R118,23.76,0,0,1,0,0.15,0.15,NORMAL
2026-09-22 05:00:00,R119,23.76,0,0,1,0,0.15,0.15,NORMAL
2026-09-22 05:00:00,R120,23.76,1,0,1,0,0.398,0.398,NORMAL
2026-09-22 06:00:00,R101,27.06,1,0,0,1,0.208,0.208,NORMAL
2026-09-22 06:00:00,R102,27.06,1,0,0,1,0.255,0.255,NORMAL
2026-09-22 06:00:00,R103,27.06,1,0,0,1,0.223,0.223,NORMAL
2026-09-22 06:00:00,R104,27.06,0,0,0,1,0.15,0.15,NORMAL
2026-09-22 06:00:00,R105,27.06,1,0,0,1,0.259,0.259,NORMAL
2026-09-22 06:00:00,R106,27.06,1,0,0,1,0.223,0.223,NORMAL
2026-09-22 06:00:00,R107,27.06,1,0,0,1,0.201,0.201,NORMAL
2026-09-22 06:00:00,R108,27.06,0,0,0,1,0.15,0.15,NORMAL
2026-09-22 06:00:00,R109,27.06,1,0,0,1,0.256,0.256,NORMAL
2026-09-22 06:00:00,R110,27.06,2,0,0,1,0.31,0.31,NORMAL
2026-09-22 06:00:00,R111,27.06,2,0,0,1,0.285,0.285,NORMAL
2026-09-22 06:00:00,R112,27.06,2,0,0,1,0.285,0.285,NORMAL
2026-09-22 06:00:00,R113,27.06,1,0,0,1,0.232,0.232,NORMAL
2026-09-22 06:00:00,R114,27.06,1,0,0,1,0.23,0.23,NORMAL
2026-09-22 06:00:00,R115,27.06,2,0,0,1,0.407,0.407,NORMAL
2026-09-22 06:00:00,R116,27.06,2,0,0,1,0.362,0.362,NORMAL
2026-09-22 06:00:00,R117,27.06,1,0,0,1,0.234,0.234,NORMAL
2026-09-22 06:00:00,R118,27.06,1,0,0,1,0.214,0.214,NORMAL
2026-09-22 06:00:00,R119,27.06,2,0,0,1,0.347,0.347,NORMAL
2026-09-22 06:00:00,R120,27.06,2,0,0,1,0.315,0.315,NORMAL
2026-09-22 07:00:00,R101,30.47,2,1,0,1,1.973,1.973,NORMAL
2026-09-22 07:00:00,R102,30.47,1,1,0,1,1.81,1.81,NORMAL
2026-09-22 07:00:00,R103,30.47,1,1,0,1,1.812,1.812,NORMAL
2026-09-22 07:00:00,R104,30.47,1,1,0,1,1.745,1.745,NORMAL
2026-09-22 07:00:00,R105,30.47,0,0,0,1,0.15,0.15,NORMAL
2026-09-22 07:00:00,R106,30.47,1,1,0,1,1.531,1.531,NORMAL
2026-09-22 07:00:00,R107,30.47,2,1,0,1,2.045,2.045,NORMAL
2026-09-22 07:00:00,R108,30.47,2,1,0,1,2.069,2.069,NORMAL
2026-09-22 07:00:00,R109,30.47,2,1,0,1,1.901,1.901,NORMAL
2026-09-22 07:00:00,R110,30.47,1,1,0,1,1.746,1.746,NORMAL
2026-09-22 07:00:00,R111,30.47,0,0,0,1,0.15,0.15,NORMAL
2026-09-22 07:00:00,R112,30.47,2,1,0,1,2.089,2.089,NORMAL
2026-09-22 07:00:00,R113,30.47,0,0,0,1,0.15,0.15,NORMAL
2026-09-22 07:00:00,R114,30.47,1,1,0,1,1.565,1.565,NORMAL
2026-09-22 07:00:00,R115,30.47,1,1,0,1,1.835,1.835,NORMAL
2026-09-22 07:00:00,R116,30.47,1,1,0,1,1.509,1.509,NORMAL
2026-09-22 07:00:00,R117,30.47,1,1,0,1,1.63,1.63,NORMAL
2026-09-22 07:00:00,R118,30.47,1,1,0,1,1.57,1.57,NORMAL
2026-09-22 07:00:00,R119,30.47,0,0,0,1,0.15,0.15,NORMAL
2026-09-22 07:00:00,R120,30.47,1,1,0,1,1.86,1.86,NORMAL
2026-09-22 08:00:00,R101,29.48,2,1,0,1,2.051,2.051,NORMAL
2026-09-22 08:00:00,R102,29.48,1,1,0,1,1.806,1.806,NORMAL
2026-09-22 08:00:00,R103,29.48,1,1,0,1,1.751,1.751,NORMAL
2026-09-22 08:00:00,R104,29.48,1,1,0,1,1.529,1.529,NORMAL
2026-09-22 08:00:00,R105,29.48,1,1,0,1,1.663,1.663,NORMAL
2026-09-22 08:00:00,R106,29.48,0,0,0,1,0.15,0.15,NORMAL
2026-09-22 08:00:00,R107,29.48,1,1,0,1,1.54,1.54,NORMAL
2026-09-22 08:00:00,R108,29.48,2,1,0,1,2.168,2.168,NORMAL
2026-09-22 08:00:00,R109,29.48,2,1,0,1,1.607,1.607,NORMAL
2026-09-22 08:00:00,R110,29.48,2,1,0,1,1.549,1.549,NORMAL
2026-09-22 08:00:00,R111,29.48,1,1,0,1,1.566,1.566,NORMAL
2026-09-22 08:00:00,R112,29.48,0,0,0,1,0.15,0.15,NORMAL
2026-09-22 08:00:00,R113,29.48,1,1,0,1,1.604,1.604,NORMAL
2026-09-22 08:00:00,R114,29.48,1,1,0,1,1.996,1.996,NORMAL
2026-09-22 08:00:00,R115,29.48,1,1,0,1,1.684,1.684,NORMAL
2026-09-22 08:00:00,R116,29.48,2,1,0,1,1.488,1.488,NORMAL
2026-09-22 08:00:00,R117,29.48,1,1,0,1,1.877,1.877,NORMAL
2026-09-22 08:00:00,R118,29.48,2,1,0,1,1.982,1.982,NORMAL
2026-09-22 08:00:00,R119,29.48,0,1,0,1,1.49,1.49,AC_WASTE
2026-09-22 08:00:00,R120,29.48,0,0,0,1,0.15,0.15,NORMAL
2026-09-22 09:00:00,R101,34.75,0,0,0,1,0.15,0.15,NORMAL
2026-09-22 09:00:00,R102,34.75,0,0,0,1,0.15,0.15,NORMAL
2026-09-22 09:00:00,R103,34.75,1,1,0,1,1.51,1.51,NORMAL
2026-09-22 09:00:00,R104,34.75,0,0,0,1,0.15,0.15,NORMAL
2026-09-22 09:00:00,R105,34.75,0,0,0,1,0.15,0.15,NORMAL
2026-09-22 09:00:00,R106,34.75,1,1,0,1,1.641,1.641,NORMAL
2026-09-22 09:00:00,R107,34.75,1,1,0,1,1.967,1.967,NORMAL
2026-09-22 09:00:00,R108,34.75,0,0,0,1,0.15,0.15,NORMAL
2026-09-22 09:00:00,R109,34.75,0,0,0,1,0.15,0.15,NORMAL
2026-09-22 09:00:00,R110,34.75,0,0,0,1,0.15,0.15,NORMAL
2026-09-22 09:00:00,R111,34.75,0,0,0,1,0.15,0.15,NORMAL
2026-09-22 09:00:00,R112,34.75,0,0,0,1,0.15,0.15,NORMAL
2026-09-22 09:00:00,R113,34.75,1,1,0,1,1.871,1.871,NORMAL
2026-09-22 09:00:00,R114,34.75,0,0,0,1,0.15,0.15,NORMAL
2026-09-22 09:00:00,R115,34.75,0,0,0,1,0.15,0.15,NORMAL
2026-09-22 09:00:00,R116,34.75,1,1,0,1,1.66,1.66,NORMAL
2026-09-22 09:00:00,R117,34.75,0,0,0,1,0.15,0.15,NORMAL
2026-09-22 09:00:00,R118,34.75,0,0,0,1,0.15,0.15,NORMAL
2026-09-22 09:00:00,R119,34.75,0,0,0,1,0.15,0.15,NORMAL
2026-09-22 09:00:00,R120,34.75,0,0,0,1,0.15,0.15,NORMAL
2026-09-22 10:00:00,R101,34.19,1,1,0,1,1.739,1.739,NORMAL
2026-09-22 10:00:00,R102,34.19,1,1,0,1,2.089,2.089,NORMAL
2026-09-22 10:00:00,R103,34.19,1,1,0,1,1.961,1.961,NORMAL
2026-09-22 10:00:00,R104,34.19,2,1,0,1,1.811,1.811,NORMAL
2026-09-22 10:00:00,R105,34.19,1,1,0,1,1.82,1.82,NORMAL
2026-09-22 10:00:00,R106,34.19,2,1,0,1,1.506,1.506,NORMAL
2026-09-22 10:00:00,R107,34.19,0,1,0,1,1.461,1.461,AC_WASTE
2026-09-22 10:00:00,R108,34.19,0,0,0,1,0.15,0.15,NORMAL
2026-09-22 10:00:00,R109,34.19,0,0,0,1,0.15,0.15,NORMAL
2026-09-22 10:00:00,R110,34.19,1,1,0,1,1.683,1.683,NORMAL
2026-09-22 10:00:00,R111,34.19,0,0,0,1,0.15,0.15,NORMAL
2026-09-22 10:00:00,R112,34.19,0,0,0,1,0.15,0.15,NORMAL
2026-09-22 10:00:00,R113,34.19,2,1,0,1,1.675,1.675,NORMAL
2026-09-22 10:00:00,R114,34.19,0,0,0,1,0.15,0.15,NORMAL
2026-09-22 10:00:00,R115,34.19,1,1,0,1,1.945,1.945,NORMAL
2026-09-22 10:00:00,R116,34.19,0,0,0,1,0.15,0.15,NORMAL
2026-09-22 10:00:00,R117,34.19,1,1,0,1,1.828,1.828,NORMAL
2026-09-22 10:00:00,R118,34.19,1,1,0,1,1.767,1.767,NORMAL
2026-09-22 10:00:00,R119,34.19,0,0,0,1,0.15,0.15,NORMAL
2026-09-22 10:00:00,R120,34.19,1,1,0,1,1.948,1.948,NORMAL
2026-09-22 11:00:00,R101,35.07,0,0,0,1,0.599,0.599,STANDBY_WASTE
2026-09-22 11:00:00,R102,35.07,1,1,0,1,1.63,1.63,NORMAL
2026-09-22 11:00:00,R103,35.07,0,0,0,1,0.15,0.15,NORMAL
2026-09-22 11:00:00,R104,35.07,0,0,0,1,0.15,0.15,NORMAL
2026-09-22 11:00:00,R105,35.07,0,0,0,1,0.15,0.15,NORMAL
2026-09-22 11:00:00,R106,35.07,1,1,0,1,1.497,1.497,NORMAL
2026-09-22 11:00:00,R107,35.07,0,0,0,1,0.15,0.15,NORMAL
2026-09-22 11:00:00,R108,35.07,1,1,0,1,1.896,1.896,NORMAL
2026-09-22 11:00:00,R109,35.07,1,1,0,1,1.816,1.816,NORMAL
2026-09-22 11:00:00,R110,35.07,0,0,0,1,0.15,0.15,NORMAL
2026-09-22 11:00:00,R111,35.07,0,0,0,1,0.15,0.15,NORMAL
2026-09-22 11:00:00,R112,35.07,0,0,0,1,0.15,0.15,NORMAL
2026-09-22 11:00:00,R113,35.07,1,1,0,1,1.996,1.996,NORMAL
2026-09-22 11:00:00,R114,35.07,0,0,0,1,0.15,0.15,NORMAL
2026-09-22 11:00:00,R115,35.07,0,0,0,1,0.15,0.15,NORMAL
2026-09-22 11:00:00,R116,35.07,1,1,0,1,1.909,1.909,NORMAL
2026-09-22 11:00:00,R117,35.07,0,0,0,1,0.15,0.15,NORMAL
2026-09-22 11:00:00,R118,35.07,2,1,0,1,1.693,1.693,NORMAL
2026-09-22 11:00:00,R119,35.07,0,0,0,1,0.15,0.15,NORMAL
2026-09-22 11:00:00,R120,35.07,1,1,0,1,1.614,1.614,NORMAL
2026-09-22 12:00:00,R101,35.49,0,0,0,1,0.15,0.15,NORMAL
2026-09-22 12:00:00,R102,35.49,1,1,0,1,1.677,1.677,NORMAL
2026-09-22 12:00:00,R103,35.49,1,1,0,1,1.834,1.834,NORMAL
2026-09-22 12:00:00,R104,35.49,0,0,0,1,0.15,0.15,NORMAL
2026-09-22 12:00:00,R105,35.49,2,1,0,1,1.85,1.85,NORMAL
2026-09-22 12:00:00,R106,35.49,1,1,0,1,1.628,1.628,NORMAL
2026-09-22 12:00:00,R107,35.49,0,0,0,1,0.15,0.15,NORMAL
2026-09-22 12:00:00,R108,35.49,0,0,0,1,0.15,0.15,NORMAL
2026-09-22 12:00:00,R109,35.49,0,0,0,1,0.15,0.15,NORMAL
2026-09-22 12:00:00,R110,35.49,0,0,0,1,0.15,0.15,NORMAL
2026-09-22 12:00:00,R111,35.49,0,0,0,1,0.15,0.15,NORMAL
2026-09-22 12:00:00,R112,35.49,0,0,0,1,0.15,0.15,NORMAL
2026-09-22 12:00:00,R113,35.49,1,1,0,1,1.998,1.998,NORMAL
2026-09-22 12:00:00,R114,35.49,0,0,0,1,0.15,0.15,NORMAL
2026-09-22 12:00:00,R115,35.49,1,1,0,1,1.493,1.493,NORMAL
2026-09-22 12:00:00,R116,35.49,2,1,0,1,2.09,2.09,NORMAL
2026-09-22 12:00:00,R117,35.49,1,1,0,1,1.706,1.706,NORMAL
2026-09-22 12:00:00,R118,35.49,0,0,0,1,0.15,0.15,NORMAL
2026-09-22 12:00:00,R119,35.49,2,1,0,1,1.878,1.878,NORMAL
2026-09-22 12:00:00,R120,35.49,1,1,0,1,1.949,1.949,NORMAL
2026-09-22 13:00:00,R101,34.37,0,0,0,1,0.15,0.15,NORMAL
2026-09-22 13:00:00,R102,34.37,1,1,0,1,1.456,1.456,NORMAL
2026-09-22 13:00:00,R103,34.37,1,1,0,1,1.437,1.437,NORMAL
2026-09-22 13:00:00,R104,34.37,1,1,0,1,1.975,1.975,NORMAL
2026-09-22 13:00:00,R105,34.37,0,0,0,1,0.15,0.15,NORMAL
2026-09-22 13:00:00,R106,34.37,2,1,0,1,2.125,2.125,NORMAL
2026-09-22 13:00:00,R107,34.37,1,1,0,1,1.601,1.601,NORMAL
2026-09-22 13:00:00,R108,34.37,0,1,0,1,1.373,1.373,AC_WASTE
2026-09-22 13:00:00,R109,34.37,1,1,0,1,1.757,1.757,NORMAL
2026-09-22 13:00:00,R110,34.37,1,1,0,1,1.773,1.773,NORMAL
2026-09-22 13:00:00,R111,34.37,1,1,0,1,1.574,1.574,NORMAL
2026-09-22 13:00:00,R112,34.37,0,0,0,1,0.15,0.15,NORMAL
2026-09-22 13:00:00,R113,34.37,0,0,0,1,0.15,0.15,NORMAL
2026-09-22 13:00:00,R114,34.37,1,1,0,1,1.82,1.82,NORMAL
2026-09-22 13:00:00,R115,34.37,0,0,0,1,0.15,0.15,NORMAL
2026-09-22 13:00:00,R116,34.37,0,0,0,1,0.15,0.15,NORMAL
2026-09-22 13:00:00,R117,34.37,2,1,0,1,1.918,1.918,NORMAL
2026-09-22 13:00:00,R118,34.37,2,1,0,1,1.734,1.734,NORMAL
2026-09-22 13:00:00,R119,34.37,0,0,0,1,0.15,0.15,NORMAL
2026-09-22 13:00:00,R120,34.37,0,1,0,1,1.768,1.768,AC_WASTE
2026-09-22 14:00:00,R101,35.21,0,0,0,1,0.15,0.15,NORMAL
2026-09-22 14:00:00,R102,35.21,1,1,0,1,1.872,1.872,NORMAL
2026-09-22 14:00:00,R103,35.21,0,0,0,1,0.15,0.15,NORMAL
2026-09-22 14:00:00,R104,35.21,0,0,0,1,0.15,0.15,NORMAL
2026-09-22 14:00:00,R105,35.21,0,0,0,1,0.15,0.15,NORMAL
2026-09-22 14:00:00,R106,35.21,0,0,0,1,0.15,0.15,NORMAL
2026-09-22 14:00:00,R107,35.21,0,0,0,1,0.15,0.15,NORMAL
2026-09-22 14:00:00,R108,35.21,0,0,0,1,0.15,0.15,NORMAL
2026-09-22 14:00:00,R109,35.21,1,1,0,1,1.533,1.533,NORMAL
2026-09-22 14:00:00,R110,35.21,0,0,0,1,0.15,0.15,NORMAL
2026-09-22 14:00:00,R111,35.21,2,1,0,1,2.094,2.094,NORMAL
2026-09-22 14:00:00,R112,35.21,1,1,0,1,1.791,1.791,NORMAL
2026-09-22 14:00:00,R113,35.21,2,1,0,1,1.971,1.971,NORMAL
2026-09-22 14:00:00,R114,35.21,0,0,0,1,0.15,0.15,NORMAL
2026-09-22 14:00:00,R115,35.21,1,1,0,1,1.643,1.643,NORMAL
2026-09-22 14:00:00,R116,35.21,2,1,0,1,1.875,1.875,NORMAL
2026-09-22 14:00:00,R117,35.21,0,0,0,1,0.15,0.15,NORMAL
2026-09-22 14:00:00,R118,35.21,0,0,0,1,0.15,0.15,NORMAL
2026-09-22 14:00:00,R119,35.21,0,0,0,1,0.15,0.15,NORMAL
2026-09-22 14:00:00,R120,35.21,0,0,0,1,0.15,0.15,NORMAL
2026-09-22 15:00:00,R101,34.32,0,0,0,1,0.15,0.15,NORMAL
2026-09-22 15:00:00,R102,34.32,0,0,0,1,0.15,0.15,NORMAL
2026-09-22 15:00:00,R103,34.32,2,1,0,1,1.735,1.735,NORMAL
2026-09-22 15:00:00,R104,34.32,0,0,0,1,0.15,0.15,NORMAL
2026-09-22 15:00:00,R105,34.32,0,0,0,1,0.15,0.15,NORMAL
2026-09-22 15:00:00,R106,34.32,0,0,0,1,0.15,0.15,NORMAL
2026-09-22 15:00:00,R107,34.32,1,1,0,1,1.798,1.798,NORMAL
2026-09-22 15:00:00,R108,34.32,1,1,0,1,1.881,1.881,NORMAL
2026-09-22 15:00:00,R109,34.32,0,0,0,1,0.15,0.15,NORMAL
2026-09-22 15:00:00,R110,34.32,2,1,0,1,1.72,1.72,NORMAL
2026-09-22 15:00:00,R111,34.32,1,1,0,1,1.542,1.542,NORMAL
2026-09-22 15:00:00,R112,34.32,2,1,0,1,1.876,1.876,NORMAL
2026-09-22 15:00:00,R113,34.32,1,1,0,1,1.647,1.647,NORMAL
2026-09-22 15:00:00,R114,34.32,0,0,0,1,0.15,0.15,NORMAL
2026-09-22 15:00:00,R115,34.32,0,0,0,1,0.15,0.15,NORMAL
2026-09-22 15:00:00,R116,34.32,1,1,0,1,1.426,1.426,NORMAL
2026-09-22 15:00:00,R117,34.32,0,0,0,1,0.15,0.15,NORMAL
2026-09-22 15:00:00,R118,34.32,0,0,0,1,0.15,0.15,NORMAL
2026-09-22 15:00:00,R119,34.32,1,1,0,1,1.814,1.814,NORMAL
2026-09-22 15:00:00,R120,34.32,0,0,0,1,0.15,0.15,NORMAL
2026-09-22 16:00:00,R101,29.51,1,1,0,1,1.894,1.894,NORMAL
2026-09-22 16:00:00,R102,29.51,0,0,0,1,0.15,0.15,NORMAL
2026-09-22 16:00:00,R103,29.51,0,0,0,1,0.15,0.15,NORMAL
2026-09-22 16:00:00,R104,29.51,0,0,0,1,0.15,0.15,NORMAL
2026-09-22 16:00:00,R105,29.51,0,0,0,1,0.15,0.15,NORMAL
2026-09-22 16:00:00,R106,29.51,1,1,0,1,1.897,1.897,NORMAL
2026-09-22 16:00:00,R107,29.51,1,1,0,1,1.519,1.519,NORMAL
2026-09-22 16:00:00,R108,29.51,0,0,0,1,0.15,0.15,NORMAL
2026-09-22 16:00:00,R109,29.51,2,1,0,1,1.928,1.928,NORMAL
2026-09-22 16:00:00,R110,29.51,1,1,0,1,1.68,1.68,NORMAL
2026-09-22 16:00:00,R111,29.51,0,0,0,1,0.15,0.15,NORMAL
2026-09-22 16:00:00,R112,29.51,0,0,0,1,0.15,0.15,NORMAL
2026-09-22 16:00:00,R113,29.51,1,1,0,1,1.835,1.835,NORMAL
2026-09-22 16:00:00,R114,29.51,2,1,0,1,1.469,1.469,NORMAL
2026-09-22 16:00:00,R115,29.51,2,1,0,1,1.924,1.924,NORMAL
2026-09-22 16:00:00,R116,29.51,0,0,0,1,0.942,0.942,STANDBY_WASTE
2026-09-22 16:00:00,R117,29.51,0,0,0,1,0.15,0.15,NORMAL
2026-09-22 16:00:00,R118,29.51,0,0,0,1,0.15,0.15,NORMAL
2026-09-22 16:00:00,R119,29.51,0,0,0,1,0.15,0.15,NORMAL
2026-09-22 16:00:00,R120,29.51,0,0,0,1,0.15,0.15,NORMAL
2026-09-22 17:00:00,R101,29.05,0,0,0,1,0.15,0.15,NORMAL
2026-09-22 17:00:00,R102,29.05,2,1,0,1,1.964,1.964,NORMAL
2026-09-22 17:00:00,R103,29.05,1,1,0,1,1.603,1.603,NORMAL
2026-09-22 17:00:00,R104,29.05,1,1,0,1,1.593,1.593,NORMAL
2026-09-22 17:00:00,R105,29.05,2,1,0,1,1.698,1.698,NORMAL
2026-09-22 17:00:00,R106,29.05,1,1,0,1,1.933,1.933,NORMAL
2026-09-22 17:00:00,R107,29.05,2,1,0,1,1.675,1.675,NORMAL
2026-09-22 17:00:00,R108,29.05,0,0,0,1,0.15,0.15,NORMAL
2026-09-22 17:00:00,R109,29.05,1,1,0,1,1.872,1.872,NORMAL
2026-09-22 17:00:00,R110,29.05,2,1,0,1,1.539,1.539,NORMAL
2026-09-22 17:00:00,R111,29.05,1,1,0,1,1.66,1.66,NORMAL
2026-09-22 17:00:00,R112,29.05,0,0,0,1,0.15,0.15,NORMAL
2026-09-22 17:00:00,R113,29.05,2,1,0,1,1.697,1.697,NORMAL
2026-09-22 17:00:00,R114,29.05,1,1,0,1,1.902,1.902,NORMAL
2026-09-22 17:00:00,R115,29.05,1,1,0,1,1.754,1.754,NORMAL
2026-09-22 17:00:00,R116,29.05,2,1,0,1,2.001,2.001,NORMAL
2026-09-22 17:00:00,R117,29.05,1,1,0,1,1.919,1.919,NORMAL
2026-09-22 17:00:00,R118,29.05,2,1,0,1,1.577,1.577,NORMAL
2026-09-22 17:00:00,R119,29.05,1,1,0,1,1.648,1.648,NORMAL
2026-09-22 17:00:00,R120,29.05,0,0,0,1,0.15,0.15,NORMAL
2026-09-22 18:00:00,R101,28.62,1,0,1,1,0.468,0.468,NORMAL
2026-09-22 18:00:00,R102,28.62,2,0,1,1,0.436,0.436,NORMAL
2026-09-22 18:00:00,R103,28.62,1,0,1,1,0.937,0.937,STANDBY_WASTE
2026-09-22 18:00:00,R104,28.62,1,0,1,1,0.303,0.303,NORMAL
2026-09-22 18:00:00,R105,28.62,1,0,1,1,0.388,0.388,NORMAL
2026-09-22 18:00:00,R106,28.62,0,0,1,1,0.15,0.15,NORMAL
2026-09-22 18:00:00,R107,28.62,1,0,1,1,0.488,0.488,NORMAL
2026-09-22 18:00:00,R108,28.62,0,0,1,1,0.15,0.15,NORMAL
2026-09-22 18:00:00,R109,28.62,2,0,1,1,0.512,0.512,NORMAL
2026-09-22 18:00:00,R110,28.62,1,0,1,1,0.487,0.487,NORMAL
2026-09-22 18:00:00,R111,28.62,1,0,1,1,0.489,0.489,NORMAL
2026-09-22 18:00:00,R112,28.62,2,0,1,1,0.541,0.541,NORMAL
2026-09-22 18:00:00,R113,28.62,1,0,1,1,0.387,0.387,NORMAL
2026-09-22 18:00:00,R114,28.62,2,0,1,1,0.51,0.51,NORMAL
2026-09-22 18:00:00,R115,28.62,1,0,1,1,0.483,0.483,NORMAL
2026-09-22 18:00:00,R116,28.62,2,0,1,1,0.54,0.54,NORMAL
2026-09-22 18:00:00,R117,28.62,0,0,1,1,0.15,0.15,NORMAL
2026-09-22 18:00:00,R118,28.62,1,0,1,1,0.384,0.384,NORMAL
2026-09-22 18:00:00,R119,28.62,1,0,1,1,0.454,0.454,NORMAL
2026-09-22 18:00:00,R120,28.62,2,0,1,1,0.501,0.501,NORMAL
2026-09-22 19:00:00,R101,26.48,2,0,1,1,0.555,0.555,NORMAL
2026-09-22 19:00:00,R102,26.48,2,0,1,1,0.444,0.444,NORMAL
2026-09-22 19:00:00,R103,26.48,1,0,1,1,0.363,0.363,NORMAL
2026-09-22 19:00:00,R104,26.48,2,0,1,1,0.526,0.526,NORMAL
2026-09-22 19:00:00,R105,26.48,1,0,1,1,0.438,0.438,NORMAL
2026-09-22 19:00:00,R106,26.48,1,0,1,1,0.312,0.312,NORMAL
2026-09-22 19:00:00,R107,26.48,1,0,1,1,0.381,0.381,NORMAL
2026-09-22 19:00:00,R108,26.48,0,1,1,1,1.445,1.445,AC_WASTE
2026-09-22 19:00:00,R109,26.48,1,0,1,1,0.436,0.436,NORMAL
2026-09-22 19:00:00,R110,26.48,1,0,1,1,0.458,0.458,NORMAL
2026-09-22 19:00:00,R111,26.48,0,1,1,1,1.593,1.593,AC_WASTE
2026-09-22 19:00:00,R112,26.48,2,0,1,1,0.556,0.556,NORMAL
2026-09-22 19:00:00,R113,26.48,2,0,1,1,0.442,0.442,NORMAL
2026-09-22 19:00:00,R114,26.48,1,0,1,1,0.424,0.424,NORMAL
2026-09-22 19:00:00,R115,26.48,2,0,1,1,0.526,0.526,NORMAL
2026-09-22 19:00:00,R116,26.48,2,0,1,1,0.463,0.463,NORMAL
2026-09-22 19:00:00,R117,26.48,0,0,1,1,0.15,0.15,NORMAL
2026-09-22 19:00:00,R118,26.48,2,0,1,1,0.445,0.445,NORMAL
2026-09-22 19:00:00,R119,26.48,1,0,1,1,0.425,0.425,NORMAL
2026-09-22 19:00:00,R120,26.48,1,0,1,1,0.378,0.378,NORMAL
2026-09-22 20:00:00,R101,22.63,1,0,1,1,0.349,0.349,NORMAL
2026-09-22 20:00:00,R102,22.63,2,0,1,1,0.457,0.457,NORMAL
2026-09-22 20:00:00,R103,22.63,1,0,1,1,0.33,0.33,NORMAL
2026-09-22 20:00:00,R104,22.63,1,0,1,1,0.323,0.323,NORMAL
2026-09-22 20:00:00,R105,22.63,1,0,1,1,0.338,0.338,NORMAL
2026-09-22 20:00:00,R106,22.63,1,0,1,1,0.417,0.417,NORMAL
2026-09-22 20:00:00,R107,22.63,0,0,1,1,0.15,0.15,NORMAL
2026-09-22 20:00:00,R108,22.63,2,0,1,1,0.462,0.462,NORMAL
2026-09-22 20:00:00,R109,22.63,1,0,1,1,0.407,0.407,NORMAL
2026-09-22 20:00:00,R110,22.63,2,0,1,1,0.512,0.512,NORMAL
2026-09-22 20:00:00,R111,22.63,1,0,1,1,0.374,0.374,NORMAL
2026-09-22 20:00:00,R112,22.63,1,0,1,1,0.298,0.298,NORMAL
2026-09-22 20:00:00,R113,22.63,1,0,1,1,0.426,0.426,NORMAL
2026-09-22 20:00:00,R114,22.63,1,0,1,1,0.372,0.372,NORMAL
2026-09-22 20:00:00,R115,22.63,0,0,1,1,0.15,0.15,NORMAL
2026-09-22 20:00:00,R116,22.63,1,0,1,1,0.453,0.453,NORMAL
2026-09-22 20:00:00,R117,22.63,1,0,1,1,0.485,0.485,NORMAL
2026-09-22 20:00:00,R118,22.63,1,0,1,1,0.384,0.384,NORMAL
2026-09-22 20:00:00,R119,22.63,1,0,1,1,0.435,0.435,NORMAL
2026-09-22 20:00:00,R120,22.63,2,0,1,1,0.516,0.516,NORMAL
2026-09-22 21:00:00,R101,19.22,2,0,1,1,0.461,0.461,NORMAL
2026-09-22 21:00:00,R102,19.22,1,0,1,1,0.392,0.392,NORMAL
2026-09-22 21:00:00,R103,19.22,1,0,1,1,0.445,0.445,NORMAL
2026-09-22 21:00:00,R104,19.22,2,0,1,1,0.478,0.478,NORMAL
2026-09-22 21:00:00,R105,19.22,1,0,1,1,0.496,0.496,NORMAL
2026-09-22 21:00:00,R106,19.22,1,0,1,1,0.354,0.354,NORMAL
2026-09-22 21:00:00,R107,19.22,1,0,1,1,0.404,0.404,NORMAL
2026-09-22 21:00:00,R108,19.22,1,0,1,1,0.386,0.386,NORMAL
2026-09-22 21:00:00,R109,19.22,2,0,1,1,0.561,0.561,NORMAL
2026-09-22 21:00:00,R110,19.22,1,0,1,1,0.436,0.436,NORMAL
2026-09-22 21:00:00,R111,19.22,0,0,1,1,0.15,0.15,NORMAL
2026-09-22 21:00:00,R112,19.22,1,0,1,1,0.43,0.43,NORMAL
2026-09-22 21:00:00,R113,19.22,2,0,1,1,0.492,0.492,NORMAL
2026-09-22 21:00:00,R114,19.22,1,0,1,1,0.427,0.427,NORMAL
2026-09-22 21:00:00,R115,19.22,2,0,1,1,0.488,0.488,NORMAL
2026-09-22 21:00:00,R116,19.22,1,0,1,1,0.386,0.386,NORMAL
2026-09-22 21:00:00,R117,19.22,1,0,1,1,0.383,0.383,NORMAL
2026-09-22 21:00:00,R118,19.22,1,0,1,1,0.367,0.367,NORMAL
2026-09-22 21:00:00,R119,19.22,2,0,1,1,0.555,0.555,NORMAL
2026-09-22 21:00:00,R120,19.22,1,0,1,1,0.447,0.447,NORMAL
2026-09-22 22:00:00,R101,19.49,0,1,1,1,1.745,1.745,AC_WASTE
2026-09-22 22:00:00,R102,19.49,2,0,1,1,0.449,0.449,NORMAL
2026-09-22 22:00:00,R103,19.49,2,0,1,1,0.385,0.385,NORMAL
2026-09-22 22:00:00,R104,19.49,2,0,1,1,0.516,0.516,NORMAL
2026-09-22 22:00:00,R105,19.49,1,0,1,1,0.372,0.372,NORMAL
2026-09-22 22:00:00,R106,19.49,1,0,1,1,0.398,0.398,NORMAL
2026-09-22 22:00:00,R107,19.49,1,0,1,1,0.361,0.361,NORMAL
2026-09-22 22:00:00,R108,19.49,1,0,1,1,0.433,0.433,NORMAL
2026-09-22 22:00:00,R109,19.49,0,1,1,1,1.458,1.458,AC_WASTE
2026-09-22 22:00:00,R110,19.49,1,0,1,1,0.376,0.376,NORMAL
2026-09-22 22:00:00,R111,19.49,2,0,1,1,0.461,0.461,NORMAL
2026-09-22 22:00:00,R112,19.49,1,0,1,1,0.312,0.312,NORMAL
2026-09-22 22:00:00,R113,19.49,0,0,1,1,0.15,0.15,NORMAL
2026-09-22 22:00:00,R114,19.49,1,0,1,1,0.404,0.404,NORMAL
2026-09-22 22:00:00,R115,19.49,2,0,1,1,0.485,0.485,NORMAL
2026-09-22 22:00:00,R116,19.49,2,0,1,1,0.433,0.433,NORMAL
2026-09-22 22:00:00,R117,19.49,2,0,1,1,0.472,0.472,NORMAL
2026-09-22 22:00:00,R118,19.49,2,0,1,1,0.593,0.593,NORMAL
2026-09-22 22:00:00,R119,19.49,1,0,1,1,0.376,0.376,NORMAL
2026-09-22 22:00:00,R120,19.49,2,0,1,1,0.372,0.372,NORMAL
2026-09-22 23:00:00,R101,17.16,0,0,1,0,0.15,0.15,NORMAL
2026-09-22 23:00:00,R102,17.16,0,0,1,0,0.15,0.15,NORMAL
2026-09-22 23:00:00,R103,17.16,0,0,1,0,0.15,0.15,NORMAL
2026-09-22 23:00:00,R104,17.16,0,0,1,0,0.15,0.15,NORMAL
2026-09-22 23:00:00,R105,17.16,1,0,1,0,0.364,0.364,NORMAL
2026-09-22 23:00:00,R106,17.16,0,0,1,0,0.15,0.15,NORMAL
2026-09-22 23:00:00,R107,17.16,0,0,1,0,0.15,0.15,NORMAL
2026-09-22 23:00:00,R108,17.16,0,0,1,0,0.15,0.15,NORMAL
2026-09-22 23:00:00,R109,17.16,0,0,1,0,0.15,0.15,NORMAL
2026-09-22 23:00:00,R110,17.16,1,0,1,0,0.449,0.449,NORMAL
2026-09-22 23:00:00,R111,17.16,0,0,1,0,0.15,0.15,NORMAL
2026-09-22 23:00:00,R112,17.16,0,0,1,0,0.15,0.15,NORMAL
2026-09-22 23:00:00,R113,17.16,0,0,1,0,0.15,0.15,NORMAL
2026-09-22 23:00:00,R114,17.16,0,0,1,0,0.15,0.15,NORMAL
2026-09-22 23:00:00,R115,17.16,0,0,1,0,0.15,0.15,NORMAL
2026-09-22 23:00:00,R116,17.16,0,0,1,0,0.15,0.15,NORMAL
2026-09-22 23:00:00,R117,17.16,0,0,1,0,0.15,0.15,NORMAL
2026-09-22 23:00:00,R118,17.16,0,0,1,0,0.15,0.15,NORMAL
2026-09-22 23:00:00,R119,17.16,0,0,1,0,0.15,0.15,NORMAL
2026-09-22 23:00:00,R120,17.16,0,0,1,0,0.15,0.15,NORMAL
2026-09-23 00:00:00,R101,19.45,0,0,1,0,0.15,0.15,NORMAL
2026-09-23 00:00:00,R102,19.45,0,0,1,0,0.15,0.15,NORMAL
2026-09-23 00:00:00,R103,19.45,0,0,1,0,0.15,0.15,NORMAL
2026-09-23 00:00:00,R104,19.45,0,0,1,0,0.15,0.15,NORMAL
2026-09-23 00:00:00,R105,19.45,0,0,1,0,0.15,0.15,NORMAL
2026-09-23 00:00:00,R106,19.45,0,0,1,0,0.15,0.15,NORMAL
2026-09-23 00:00:00,R107,19.45,0,0,1,0,0.15,0.15,NORMAL
2026-09-23 00:00:00,R108,19.45,0,0,1,0,0.15,0.15,NORMAL
2026-09-23 00:00:00,R109,19.45,0,0,1,0,0.15,0.15,NORMAL
2026-09-23 00:00:00,R110,19.45,0,0,1,0,0.15,0.15,NORMAL
2026-09-23 00:00:00,R111,19.45,0,0,1,0,0.15,0.15,NORMAL
2026-09-23 00:00:00,R112,19.45,0,0,1,0,0.15,0.15,NORMAL
2026-09-23 00:00:00,R113,19.45,1,0,1,0,0.313,0.313,NORMAL
2026-09-23 00:00:00,R114,19.45,0,0,1,0,0.15,0.15,NORMAL
2026-09-23 00:00:00,R115,19.45,1,0,1,0,0.464,0.464,NORMAL
2026-09-23 00:00:00,R116,19.45,0,0,1,0,0.15,0.15,NORMAL
2026-09-23 00:00:00,R117,19.45,0,0,1,0,0.15,0.15,NORMAL
2026-09-23 00:00:00,R118,19.45,0,0,1,0,0.15,0.15,NORMAL
2026-09-23 00:00:00,R119,19.45,1,0,1,0,0.446,0.446,NORMAL
2026-09-23 00:00:00,R120,19.45,1,0,1,0,0.413,0.413,NORMAL
2026-09-23 01:00:00,R101,20.79,0,0,1,0,0.15,0.15,NORMAL
2026-09-23 01:00:00,R102,20.79,1,0,1,0,0.407,0.407,NORMAL
2026-09-23 01:00:00,R103,20.79,1,0,1,0,0.439,0.439,NORMAL
2026-09-23 01:00:00,R104,20.79,0,0,1,0,0.15,0.15,NORMAL
2026-09-23 01:00:00,R105,20.79,0,0,1,0,0.15,0.15,NORMAL
2026-09-23 01:00:00,R106,20.79,0,0,1,0,0.15,0.15,NORMAL
2026-09-23 01:00:00,R107,20.79,1,0,1,0,0.37,0.37,NORMAL
2026-09-23 01:00:00,R108,20.79,0,0,1,0,0.15,0.15,NORMAL
2026-09-23 01:00:00,R109,20.79,0,0,1,0,0.15,0.15,NORMAL
2026-09-23 01:00:00,R110,20.79,0,0,1,0,0.15,0.15,NORMAL
2026-09-23 01:00:00,R111,20.79,0,0,1,0,0.15,0.15,NORMAL
2026-09-23 01:00:00,R112,20.79,0,0,1,0,0.15,0.15,NORMAL
2026-09-23 01:00:00,R113,20.79,1,0,1,0,0.374,0.374,NORMAL
2026-09-23 01:00:00,R114,20.79,1,0,1,0,0.403,0.403,NORMAL
2026-09-23 01:00:00,R115,20.79,0,0,1,0,0.15,0.15,NORMAL
2026-09-23 01:00:00,R116,20.79,0,0,1,0,0.15,0.15,NORMAL
2026-09-23 01:00:00,R117,20.79,0,0,1,0,0.15,0.15,NORMAL
2026-09-23 01:00:00,R118,20.79,0,0,1,0,0.15,0.15,NORMAL
2026-09-23 01:00:00,R119,20.79,0,0,1,0,0.15,0.15,NORMAL
2026-09-23 01:00:00,R120,20.79,0,0,1,0,0.15,0.15,NORMAL
2026-09-23 02:00:00,R101,22.35,0,0,1,0,0.15,0.15,NORMAL
2026-09-23 02:00:00,R102,22.35,0,0,1,0,0.15,0.15,NORMAL
2026-09-23 02:00:00,R103,22.35,0,0,1,0,0.15,0.15,NORMAL
2026-09-23 02:00:00,R104,22.35,0,0,1,0,0.15,0.15,NORMAL
2026-09-23 02:00:00,R105,22.35,1,0,1,0,0.362,0.362,NORMAL
2026-09-23 02:00:00,R106,22.35,0,0,1,0,0.15,0.15,NORMAL
2026-09-23 02:00:00,R107,22.35,1,0,1,0,0.339,0.339,NORMAL
2026-09-23 02:00:00,R108,22.35,0,0,1,0,0.15,0.15,NORMAL
2026-09-23 02:00:00,R109,22.35,0,0,1,0,0.15,0.15,NORMAL
2026-09-23 02:00:00,R110,22.35,0,0,1,0,0.15,0.15,NORMAL
2026-09-23 02:00:00,R111,22.35,0,0,1,0,0.15,0.15,NORMAL
2026-09-23 02:00:00,R112,22.35,0,0,1,0,0.15,0.15,NORMAL
2026-09-23 02:00:00,R113,22.35,0,0,1,0,0.15,0.15,NORMAL
2026-09-23 02:00:00,R114,22.35,0,0,1,0,0.15,0.15,NORMAL
2026-09-23 02:00:00,R115,22.35,0,0,1,0,0.15,0.15,NORMAL
2026-09-23 02:00:00,R116,22.35,0,0,1,0,0.15,0.15,NORMAL
2026-09-23 02:00:00,R117,22.35,0,0,1,0,0.15,0.15,NORMAL
2026-09-23 02:00:00,R118,22.35,0,0,1,0,0.15,0.15,NORMAL
2026-09-23 02:00:00,R119,22.35,0,0,1,0,0.15,0.15,NORMAL
2026-09-23 02:00:00,R120,22.35,0,0,1,0,0.15,0.15,NORMAL
2026-09-23 03:00:00,R101,21.06,0,0,1,0,0.15,0.15,NORMAL
2026-09-23 03:00:00,R102,21.06,0,0,1,0,0.15,0.15,NORMAL
2026-09-23 03:00:00,R103,21.06,1,0,1,0,0.43,0.43,NORMAL
2026-09-23 03:00:00,R104,21.06,1,0,1,0,0.388,0.388,NORMAL
2026-09-23 03:00:00,R105,21.06,1,0,1,0,0.405,0.405,NORMAL
2026-09-23 03:00:00,R106,21.06,1,0,1,0,0.393,0.393,NORMAL
2026-09-23 03:00:00,R107,21.06,0,0,1,0,0.15,0.15,NORMAL
2026-09-23 03:00:00,R108,21.06,0,0,1,0,0.15,0.15,NORMAL
2026-09-23 03:00:00,R109,21.06,0,0,1,0,0.15,0.15,NORMAL
2026-09-23 03:00:00,R110,21.06,0,0,1,0,0.15,0.15,NORMAL
2026-09-23 03:00:00,R111,21.06,1,0,1,0,0.414,0.414,NORMAL
2026-09-23 03:00:00,R112,21.06,1,0,1,0,0.372,0.372,NORMAL
2026-09-23 03:00:00,R113,21.06,0,0,1,0,0.15,0.15,NORMAL
2026-09-23 03:00:00,R114,21.06,0,0,1,0,0.15,0.15,NORMAL
2026-09-23 03:00:00,R115,21.06,0,0,1,0,0.15,0.15,NORMAL
2026-09-23 03:00:00,R116,21.06,0,0,1,0,0.15,0.15,NORMAL
2026-09-23 03:00:00,R117,21.06,1,0,1,0,0.302,0.302,NORMAL
2026-09-23 03:00:00,R118,21.06,0,0,1,0,0.15,0.15,NORMAL
2026-09-23 03:00:00,R119,21.06,0,0,1,0,0.15,0.15,NORMAL
2026-09-23 03:00:00,R120,21.06,1,0,1,0,0.392,0.392,NORMAL
2026-09-23 04:00:00,R101,21.62,0,0,1,0,0.15,0.15,NORMAL
2026-09-23 04:00:00,R102,21.62,0,0,1,0,0.15,0.15,NORMAL
2026-09-23 04:00:00,R103,21.62,1,0,1,0,0.464,0.464,NORMAL
2026-09-23 04:00:00,R104,21.62,0,0,1,0,0.15,0.15,NORMAL
2026-09-23 04:00:00,R105,21.62,0,0,1,0,0.15,0.15,NORMAL
2026-09-23 04:00:00,R106,21.62,0,0,1,0,0.15,0.15,NORMAL
2026-09-23 04:00:00,R107,21.62,0,0,1,0,0.15,0.15,NORMAL
2026-09-23 04:00:00,R108,21.62,0,0,1,0,0.15,0.15,NORMAL
2026-09-23 04:00:00,R109,21.62,0,0,1,0,0.15,0.15,NORMAL
2026-09-23 04:00:00,R110,21.62,0,0,1,0,0.15,0.15,NORMAL
2026-09-23 04:00:00,R111,21.62,1,0,1,0,0.39,0.39,NORMAL
2026-09-23 04:00:00,R112,21.62,0,0,1,0,0.15,0.15,NORMAL
2026-09-23 04:00:00,R113,21.62,0,0,1,0,0.15,0.15,NORMAL
2026-09-23 04:00:00,R114,21.62,0,0,1,0,0.15,0.15,NORMAL
2026-09-23 04:00:00,R115,21.62,1,0,1,0,0.42,0.42,NORMAL
2026-09-23 04:00:00,R116,21.62,0,0,1,0,0.15,0.15,NORMAL
2026-09-23 04:00:00,R117,21.62,0,0,1,0,0.15,0.15,NORMAL
2026-09-23 04:00:00,R118,21.62,0,1,1,0,1.631,1.631,AC_WASTE
2026-09-23 04:00:00,R119,21.62,0,0,1,0,0.15,0.15,NORMAL
2026-09-23 04:00:00,R120,21.62,0,0,1,0,0.15,0.15,NORMAL
2026-09-23 05:00:00,R101,24.94,0,0,1,0,0.15,0.15,NORMAL
2026-09-23 05:00:00,R102,24.94,0,0,1,0,0.15,0.15,NORMAL
2026-09-23 05:00:00,R103,24.94,0,0,1,0,0.15,0.15,NORMAL
2026-09-23 05:00:00,R104,24.94,0,0,1,0,0.15,0.15,NORMAL
2026-09-23 05:00:00,R105,24.94,0,0,1,0,0.15,0.15,NORMAL
2026-09-23 05:00:00,R106,24.94,1,0,1,0,0.404,0.404,NORMAL
2026-09-23 05:00:00,R107,24.94,0,0,1,0,0.15,0.15,NORMAL
2026-09-23 05:00:00,R108,24.94,1,0,1,0,0.46,0.46,NORMAL
2026-09-23 05:00:00,R109,24.94,0,0,1,0,0.15,0.15,NORMAL
2026-09-23 05:00:00,R110,24.94,0,0,1,0,0.15,0.15,NORMAL
2026-09-23 05:00:00,R111,24.94,0,0,1,0,0.15,0.15,NORMAL
2026-09-23 05:00:00,R112,24.94,0,0,1,0,0.15,0.15,NORMAL
2026-09-23 05:00:00,R113,24.94,0,0,1,0,0.15,0.15,NORMAL
2026-09-23 05:00:00,R114,24.94,1,0,1,0,0.396,0.396,NORMAL
2026-09-23 05:00:00,R115,24.94,1,0,1,0,0.428,0.428,NORMAL
2026-09-23 05:00:00,R116,24.94,0,0,1,0,0.15,0.15,NORMAL
2026-09-23 05:00:00,R117,24.94,0,0,1,0,0.15,0.15,NORMAL
2026-09-23 05:00:00,R118,24.94,1,0,1,0,0.337,0.337,NORMAL
2026-09-23 05:00:00,R119,24.94,0,0,1,0,0.15,0.15,NORMAL
2026-09-23 05:00:00,R120,24.94,0,0,1,0,0.15,0.15,NORMAL
2026-09-23 06:00:00,R101,26.93,2,0,0,1,0.347,0.347,NORMAL
2026-09-23 06:00:00,R102,26.93,2,0,0,1,0.26,0.26,NORMAL
2026-09-23 06:00:00,R103,26.93,0,0,0,1,0.15,0.15,NORMAL
2026-09-23 06:00:00,R104,26.93,1,0,0,1,0.233,0.233,NORMAL
2026-09-23 06:00:00,R105,26.93,0,0,0,1,0.15,0.15,NORMAL
2026-09-23 06:00:00,R106,26.93,1,0,0,1,0.274,0.274,NORMAL
2026-09-23 06:00:00,R107,26.93,2,0,0,1,0.407,0.407,NORMAL
2026-09-23 06:00:00,R108,26.93,1,0,0,1,0.297,0.297,NORMAL
2026-09-23 06:00:00,R109,26.93,2,0,0,1,0.29,0.29,NORMAL
2026-09-23 06:00:00,R110,26.93,0,0,0,1,0.15,0.15,NORMAL
2026-09-23 06:00:00,R111,26.93,0,0,0,1,0.15,0.15,NORMAL
2026-09-23 06:00:00,R112,26.93,1,0,0,1,0.231,0.231,NORMAL
2026-09-23 06:00:00,R113,26.93,0,0,0,1,0.15,0.15,NORMAL
2026-09-23 06:00:00,R114,26.93,1,0,0,1,0.248,0.248,NORMAL
2026-09-23 06:00:00,R115,26.93,2,0,0,1,0.25,0.25,NORMAL
2026-09-23 06:00:00,R116,26.93,1,0,0,1,0.244,0.244,NORMAL
2026-09-23 06:00:00,R117,26.93,2,0,0,1,0.341,0.341,NORMAL
2026-09-23 06:00:00,R118,26.93,2,0,0,1,0.409,0.409,NORMAL
2026-09-23 06:00:00,R119,26.93,0,0,0,1,0.15,0.15,NORMAL
2026-09-23 06:00:00,R120,26.93,1,0,0,1,0.213,0.213,NORMAL
2026-09-23 07:00:00,R101,27.32,2,0,0,1,0.379,0.379,NORMAL
2026-09-23 07:00:00,R102,27.32,1,0,0,1,0.261,0.261,NORMAL
2026-09-23 07:00:00,R103,27.32,1,0,0,1,0.203,0.203,NORMAL
2026-09-23 07:00:00,R104,27.32,0,0,0,1,0.15,0.15,NORMAL
2026-09-23 07:00:00,R105,27.32,1,0,0,1,0.208,0.208,NORMAL
2026-09-23 07:00:00,R106,27.32,2,0,0,1,0.383,0.383,NORMAL
2026-09-23 07:00:00,R107,27.32,0,0,0,1,0.15,0.15,NORMAL
2026-09-23 07:00:00,R108,27.32,1,0,0,1,0.299,0.299,NORMAL
2026-09-23 07:00:00,R109,27.32,1,0,0,1,0.202,0.202,NORMAL
2026-09-23 07:00:00,R110,27.32,2,0,0,1,0.35,0.35,NORMAL
2026-09-23 07:00:00,R111,27.32,1,0,0,1,0.238,0.238,NORMAL
2026-09-23 07:00:00,R112,27.32,1,0,0,1,0.24,0.24,NORMAL
2026-09-23 07:00:00,R113,27.32,1,0,0,1,0.204,0.204,NORMAL
2026-09-23 07:00:00,R114,27.32,0,1,0,1,1.588,1.588,AC_WASTE
2026-09-23 07:00:00,R115,27.32,1,0,0,1,0.202,0.202,NORMAL
2026-09-23 07:00:00,R116,27.32,0,0,0,1,0.15,0.15,NORMAL
2026-09-23 07:00:00,R117,27.32,1,0,0,1,0.289,0.289,NORMAL
2026-09-23 07:00:00,R118,27.32,2,0,0,1,0.312,0.312,NORMAL
2026-09-23 07:00:00,R119,27.32,0,0,0,1,0.15,0.15,NORMAL
2026-09-23 07:00:00,R120,27.32,0,0,0,1,0.15,0.15,NORMAL
2026-09-23 08:00:00,R101,30.08,2,1,0,1,1.538,1.538,NORMAL
2026-09-23 08:00:00,R102,30.08,1,1,0,1,1.463,1.463,NORMAL
2026-09-23 08:00:00,R103,30.08,2,1,0,1,1.822,1.822,NORMAL
2026-09-23 08:00:00,R104,30.08,1,1,0,1,1.594,1.594,NORMAL
2026-09-23 08:00:00,R105,30.08,0,0,0,1,0.15,0.15,NORMAL
2026-09-23 08:00:00,R106,30.08,1,1,0,1,2.041,2.041,NORMAL
2026-09-23 08:00:00,R107,30.08,1,1,0,1,1.605,1.605,NORMAL
2026-09-23 08:00:00,R108,30.08,1,1,0,1,1.753,1.753,NORMAL
2026-09-23 08:00:00,R109,30.08,1,1,0,1,1.921,1.921,NORMAL
2026-09-23 08:00:00,R110,30.08,0,0,0,1,0.15,0.15,NORMAL
2026-09-23 08:00:00,R111,30.08,0,0,0,1,0.15,0.15,NORMAL
2026-09-23 08:00:00,R112,30.08,0,0,0,1,0.15,0.15,NORMAL
2026-09-23 08:00:00,R113,30.08,1,1,0,1,1.59,1.59,NORMAL
2026-09-23 08:00:00,R114,30.08,1,1,0,1,1.696,1.696,NORMAL
2026-09-23 08:00:00,R115,30.08,1,1,0,1,2.078,2.078,NORMAL
2026-09-23 08:00:00,R116,30.08,1,1,0,1,1.651,1.651,NORMAL
2026-09-23 08:00:00,R117,30.08,2,1,0,1,2.061,2.061,NORMAL
2026-09-23 08:00:00,R118,30.08,1,1,0,1,2.062,2.062,NORMAL
2026-09-23 08:00:00,R119,30.08,1,1,0,1,1.698,1.698,NORMAL
2026-09-23 08:00:00,R120,30.08,2,1,0,1,1.913,1.913,NORMAL
2026-09-23 09:00:00,R101,31.94,0,0,0,1,0.704,0.704,STANDBY_WASTE
2026-09-23 09:00:00,R102,31.94,1,1,0,1,2.056,2.056,NORMAL
2026-09-23 09:00:00,R103,31.94,0,0,0,1,0.15,0.15,NORMAL
2026-09-23 09:00:00,R104,31.94,0,0,0,1,0.15,0.15,NORMAL
2026-09-23 09:00:00,R105,31.94,0,0,0,1,0.15,0.15,NORMAL
2026-09-23 09:00:00,R106,31.94,1,1,0,1,1.81,1.81,NORMAL
2026-09-23 09:00:00,R107,31.94,0,0,0,1,0.15,0.15,NORMAL
2026-09-23 09:00:00,R108,31.94,1,1,0,1,1.896,1.896,NORMAL
2026-09-23 09:00:00,R109,31.94,0,0,0,1,0.15,0.15,NORMAL
2026-09-23 09:00:00,R110,31.94,0,1,0,1,1.463,1.463,AC_WASTE
2026-09-23 09:00:00,R111,31.94,0,0,0,1,0.15,0.15,NORMAL
2026-09-23 09:00:00,R112,31.94,2,1,0,1,2.041,2.041,NORMAL
2026-09-23 09:00:00,R113,31.94,2,1,0,1,2.138,2.138,NORMAL
2026-09-23 09:00:00,R114,31.94,0,0,0,1,0.15,0.15,NORMAL
2026-09-23 09:00:00,R115,31.94,0,0,0,1,0.15,0.15,NORMAL
2026-09-23 09:00:00,R116,31.94,0,0,0,1,0.15,0.15,NORMAL
2026-09-23 09:00:00,R117,31.94,1,1,0,1,1.996,1.996,NORMAL
2026-09-23 09:00:00,R118,31.94,0,0,0,1,0.15,0.15,NORMAL
2026-09-23 09:00:00,R119,31.94,0,0,0,1,0.15,0.15,NORMAL
2026-09-23 09:00:00,R120,31.94,0,0,0,1,0.15,0.15,NORMAL
2026-09-23 10:00:00,R101,35.8,0,0,0,1,0.15,0.15,NORMAL
2026-09-23 10:00:00,R102,35.8,1,1,0,1,1.726,1.726,NORMAL
2026-09-23 10:00:00,R103,35.8,1,1,0,1,1.742,1.742,NORMAL
2026-09-23 10:00:00,R104,35.8,0,0,0,1,0.15,0.15,NORMAL
2026-09-23 10:00:00,R105,35.8,0,0,0,1,0.15,0.15,NORMAL
2026-09-23 10:00:00,R106,35.8,0,0,0,1,0.15,0.15,NORMAL
2026-09-23 10:00:00,R107,35.8,0,0,0,1,0.15,0.15,NORMAL
2026-09-23 10:00:00,R108,35.8,0,0,0,1,0.15,0.15,NORMAL
2026-09-23 10:00:00,R109,35.8,0,0,0,1,0.15,0.15,NORMAL
2026-09-23 10:00:00,R110,35.8,0,0,0,1,0.15,0.15,NORMAL
2026-09-23 10:00:00,R111,35.8,1,1,0,1,1.976,1.976,NORMAL
2026-09-23 10:00:00,R112,35.8,2,1,0,1,1.801,1.801,NORMAL
2026-09-23 10:00:00,R113,35.8,0,0,0,1,0.15,0.15,NORMAL
2026-09-23 10:00:00,R114,35.8,0,0,0,1,0.15,0.15,NORMAL
2026-09-23 10:00:00,R115,35.8,0,0,0,1,0.15,0.15,NORMAL
2026-09-23 10:00:00,R116,35.8,0,1,0,1,1.577,1.577,AC_WASTE
2026-09-23 10:00:00,R117,35.8,0,0,0,1,0.15,0.15,NORMAL
2026-09-23 10:00:00,R118,35.8,0,0,0,1,0.15,0.15,NORMAL
2026-09-23 10:00:00,R119,35.8,1,1,0,1,1.812,1.812,NORMAL
2026-09-23 10:00:00,R120,35.8,1,1,0,1,1.574,1.574,NORMAL
2026-09-23 11:00:00,R101,33.09,0,0,0,1,0.15,0.15,NORMAL
2026-09-23 11:00:00,R102,33.09,0,0,0,1,0.15,0.15,NORMAL
2026-09-23 11:00:00,R103,33.09,0,0,0,1,0.15,0.15,NORMAL
2026-09-23 11:00:00,R104,33.09,0,0,0,1,0.15,0.15,NORMAL
2026-09-23 11:00:00,R105,33.09,1,1,0,1,1.576,1.576,NORMAL
2026-09-23 11:00:00,R106,33.09,0,0,0,1,0.15,0.15,NORMAL
2026-09-23 11:00:00,R107,33.09,0,0,0,1,0.15,0.15,NORMAL
2026-09-23 11:00:00,R108,33.09,0,0,0,1,0.15,0.15,NORMAL
2026-09-23 11:00:00,R109,33.09,0,0,0,1,0.15,0.15,NORMAL
2026-09-23 11:00:00,R110,33.09,0,0,0,1,0.15,0.15,NORMAL
2026-09-23 11:00:00,R111,33.09,1,1,0,1,1.605,1.605,NORMAL
2026-09-23 11:00:00,R112,33.09,0,0,0,1,0.15,0.15,NORMAL
2026-09-23 11:00:00,R113,33.09,1,1,0,1,1.513,1.513,NORMAL
2026-09-23 11:00:00,R114,33.09,0,0,0,1,0.15,0.15,NORMAL
2026-09-23 11:00:00,R115,33.09,1,1,0,1,1.537,1.537,NORMAL
2026-09-23 11:00:00,R116,33.09,0,0,0,1,0.15,0.15,NORMAL
2026-09-23 11:00:00,R117,33.09,0,0,0,1,0.15,0.15,NORMAL
2026-09-23 11:00:00,R118,33.09,0,0,0,1,0.15,0.15,NORMAL
2026-09-23 11:00:00,R119,33.09,0,0,0,1,0.15,0.15,NORMAL
2026-09-23 11:00:00,R120,33.09,1,1,0,1,1.693,1.693,NORMAL
2026-09-23 12:00:00,R101,32.45,2,1,0,1,2.006,2.006,NORMAL
2026-09-23 12:00:00,R102,32.45,0,0,0,1,0.15,0.15,NORMAL
2026-09-23 12:00:00,R103,32.45,1,1,0,1,1.441,1.441,NORMAL
2026-09-23 12:00:00,R104,32.45,0,0,0,1,0.15,0.15,NORMAL
2026-09-23 12:00:00,R105,32.45,0,0,0,1,0.15,0.15,NORMAL
2026-09-23 12:00:00,R106,32.45,0,0,0,1,0.15,0.15,NORMAL
2026-09-23 12:00:00,R107,32.45,1,1,0,1,1.879,1.879,NORMAL
2026-09-23 12:00:00,R108,32.45,2,1,0,1,1.824,1.824,NORMAL
2026-09-23 12:00:00,R109,32.45,2,1,0,1,1.974,1.974,NORMAL
2026-09-23 12:00:00,R110,32.45,0,0,0,1,0.15,0.15,NORMAL
2026-09-23 12:00:00,R111,32.45,0,0,0,1,0.15,0.15,NORMAL
2026-09-23 12:00:00,R112,32.45,1,1,0,1,1.696,1.696,NORMAL
2026-09-23 12:00:00,R113,32.45,0,0,0,1,0.15,0.15,NORMAL
2026-09-23 12:00:00,R114,32.45,1,1,0,1,1.499,1.499,NORMAL
2026-09-23 12:00:00,R115,32.45,0,0,0,1,0.15,0.15,NORMAL
2026-09-23 12:00:00,R116,32.45,0,0,0,1,0.15,0.15,NORMAL
2026-09-23 12:00:00,R117,32.45,0,0,0,1,0.15,0.15,NORMAL
2026-09-23 12:00:00,R118,32.45,0,0,0,1,0.15,0.15,NORMAL
2026-09-23 12:00:00,R119,32.45,0,0,0,1,0.15,0.15,NORMAL
2026-09-23 12:00:00,R120,32.45,2,1,0,1,1.832,1.832,NORMAL
2026-09-23 13:00:00,R101,34.43,1,1,0,1,1.839,1.839,NORMAL
2026-09-23 13:00:00,R102,34.43,0,0,0,1,0.15,0.15,NORMAL
2026-09-23 13:00:00,R103,34.43,1,1,0,1,1.747,1.747,NORMAL
2026-09-23 13:00:00,R104,34.43,0,0,0,1,0.15,0.15,NORMAL
2026-09-23 13:00:00,R105,34.43,0,0,0,1,0.15,0.15,NORMAL
2026-09-23 13:00:00,R106,34.43,0,0,0,1,0.15,0.15,NORMAL
2026-09-23 13:00:00,R107,34.43,2,1,0,1,1.954,1.954,NORMAL
2026-09-23 13:00:00,R108,34.43,0,0,0,1,0.15,0.15,NORMAL
2026-09-23 13:00:00,R109,34.43,2,1,0,1,2.056,2.056,NORMAL
2026-09-23 13:00:00,R110,34.43,0,0,0,1,0.15,0.15,NORMAL
2026-09-23 13:00:00,R111,34.43,0,0,0,1,0.15,0.15,NORMAL
2026-09-23 13:00:00,R112,34.43,0,0,0,1,0.15,0.15,NORMAL
2026-09-23 13:00:00,R113,34.43,0,0,0,1,0.15,0.15,NORMAL
2026-09-23 13:00:00,R114,34.43,0,0,0,1,0.15,0.15,NORMAL
2026-09-23 13:00:00,R115,34.43,0,0,0,1,0.15,0.15,NORMAL
2026-09-23 13:00:00,R116,34.43,0,0,0,1,0.15,0.15,NORMAL
2026-09-23 13:00:00,R117,34.43,0,0,0,1,0.15,0.15,NORMAL
2026-09-23 13:00:00,R118,34.43,0,0,0,1,0.15,0.15,NORMAL
2026-09-23 13:00:00,R119,34.43,0,0,0,1,0.15,0.15,NORMAL
2026-09-23 13:00:00,R120,34.43,1,1,0,1,1.462,1.462,NORMAL
2026-09-23 14:00:00,R101,34.86,0,0,0,1,0.15,0.15,NORMAL
2026-09-23 14:00:00,R102,34.86,1,1,0,1,1.937,1.937,NORMAL
2026-09-23 14:00:00,R103,34.86,0,0,0,1,0.15,0.15,NORMAL
2026-09-23 14:00:00,R104,34.86,0,0,0,1,0.15,0.15,NORMAL
2026-09-23 14:00:00,R105,34.86,0,0,0,1,0.15,0.15,NORMAL
2026-09-23 14:00:00,R106,34.86,0,0,0,1,0.15,0.15,NORMAL
2026-09-23 14:00:00,R107,34.86,0,0,0,1,0.15,0.15,NORMAL
2026-09-23 14:00:00,R108,34.86,0,0,0,1,0.15,0.15,NORMAL
2026-09-23 14:00:00,R109,34.86,1,1,0,1,1.618,1.618,NORMAL
2026-09-23 14:00:00,R110,34.86,2,1,0,1,1.587,1.587,NORMAL
2026-09-23 14:00:00,R111,34.86,0,0,0,1,0.15,0.15,NORMAL
2026-09-23 14:00:00,R112,34.86,1,1,0,1,1.759,1.759,NORMAL
2026-09-23 14:00:00,R113,34.86,0,0,0,1,0.15,0.15,NORMAL
2026-09-23 14:00:00,R114,34.86,1,1,0,1,1.652,1.652,NORMAL
2026-09-23 14:00:00,R115,34.86,0,0,0,1,0.15,0.15,NORMAL
2026-09-23 14:00:00,R116,34.86,2,1,0,1,2.077,2.077,NORMAL
2026-09-23 14:00:00,R117,34.86,1,1,0,1,1.594,1.594,NORMAL
2026-09-23 14:00:00,R118,34.86,0,0,0,1,0.15,0.15,NORMAL
2026-09-23 14:00:00,R119,34.86,0,0,0,1,0.15,0.15,NORMAL
2026-09-23 14:00:00,R120,34.86,0,0,0,1,0.15,0.15,NORMAL
2026-09-23 15:00:00,R101,33.39,0,0,0,1,0.15,0.15,NORMAL
2026-09-23 15:00:00,R102,33.39,1,1,0,1,1.797,1.797,NORMAL
2026-09-23 15:00:00,R103,33.39,1,1,0,1,1.729,1.729,NORMAL
2026-09-23 15:00:00,R104,33.39,1,1,0,1,1.664,1.664,NORMAL
2026-09-23 15:00:00,R105,33.39,0,0,0,1,0.15,0.15,NORMAL
2026-09-23 15:00:00,R106,33.39,0,0,0,1,0.15,0.15,NORMAL
2026-09-23 15:00:00,R107,33.39,0,0,0,1,0.15,0.15,NORMAL
2026-09-23 15:00:00,R108,33.39,1,1,0,1,1.466,1.466,NORMAL
2026-09-23 15:00:00,R109,33.39,0,0,0,1,0.15,0.15,NORMAL
2026-09-23 15:00:00,R110,33.39,1,1,0,1,1.516,1.516,NORMAL
2026-09-23 15:00:00,R111,33.39,0,0,0,1,0.15,0.15,NORMAL
2026-09-23 15:00:00,R112,33.39,0,0,0,1,0.15,0.15,NORMAL
2026-09-23 15:00:00,R113,33.39,0,0,0,1,0.15,0.15,NORMAL
2026-09-23 15:00:00,R114,33.39,1,1,0,1,1.839,1.839,NORMAL
2026-09-23 15:00:00,R115,33.39,0,0,0,1,0.15,0.15,NORMAL
2026-09-23 15:00:00,R116,33.39,0,0,0,1,0.15,0.15,NORMAL
2026-09-23 15:00:00,R117,33.39,1,1,0,1,1.543,1.543,NORMAL
2026-09-23 15:00:00,R118,33.39,2,1,0,1,1.62,1.62,NORMAL
2026-09-23 15:00:00,R119,33.39,1,1,0,1,1.768,1.768,NORMAL
2026-09-23 15:00:00,R120,33.39,1,1,0,1,1.775,1.775,NORMAL
2026-09-23 16:00:00,R101,31.11,2,1,0,1,2.049,2.049,NORMAL
2026-09-23 16:00:00,R102,31.11,1,1,0,1,1.945,1.945,NORMAL
2026-09-23 16:00:00,R103,31.11,0,0,0,1,0.15,0.15,NORMAL
2026-09-23 16:00:00,R104,31.11,0,0,0,1,0.15,0.15,NORMAL
2026-09-23 16:00:00,R105,31.11,1,1,0,1,1.989,1.989,NORMAL
2026-09-23 16:00:00,R106,31.11,0,0,0,1,0.15,0.15,NORMAL
2026-09-23 16:00:00,R107,31.11,0,0,0,1,0.15,0.15,NORMAL
2026-09-23 16:00:00,R108,31.11,2,1,0,1,2.067,2.067,NORMAL
2026-09-23 16:00:00,R109,31.11,1,1,0,1,1.873,1.873,NORMAL
2026-09-23 16:00:00,R110,31.11,0,0,0,1,0.15,0.15,NORMAL
2026-09-23 16:00:00,R111,31.11,0,0,0,1,0.15,0.15,NORMAL
2026-09-23 16:00:00,R112,31.11,0,0,0,1,0.15,0.15,NORMAL
2026-09-23 16:00:00,R113,31.11,1,1,0,1,1.542,1.542,NORMAL
2026-09-23 16:00:00,R114,31.11,0,0,0,1,0.15,0.15,NORMAL
2026-09-23 16:00:00,R115,31.11,0,1,0,1,1.461,1.461,AC_WASTE
2026-09-23 16:00:00,R116,31.11,1,1,0,1,1.78,1.78,NORMAL
2026-09-23 16:00:00,R117,31.11,0,0,0,1,0.15,0.15,NORMAL
2026-09-23 16:00:00,R118,31.11,2,1,0,1,1.949,1.949,NORMAL
2026-09-23 16:00:00,R119,31.11,0,0,0,1,0.15,0.15,NORMAL
2026-09-23 16:00:00,R120,31.11,0,0,0,1,0.15,0.15,NORMAL
2026-09-23 17:00:00,R101,30.0,1,1,0,1,1.664,1.664,NORMAL
2026-09-23 17:00:00,R102,30.0,1,1,0,1,1.963,1.963,NORMAL
2026-09-23 17:00:00,R103,30.0,1,1,0,1,1.479,1.479,NORMAL
2026-09-23 17:00:00,R104,30.0,1,1,0,1,2.05,2.05,NORMAL
2026-09-23 17:00:00,R105,30.0,0,0,0,1,0.15,0.15,NORMAL
2026-09-23 17:00:00,R106,30.0,0,0,0,1,0.15,0.15,NORMAL
2026-09-23 17:00:00,R107,30.0,1,1,0,1,1.518,1.518,NORMAL
2026-09-23 17:00:00,R108,30.0,2,1,0,1,1.516,1.516,NORMAL
2026-09-23 17:00:00,R109,30.0,2,1,0,1,1.601,1.601,NORMAL
2026-09-23 17:00:00,R110,30.0,1,1,0,1,1.822,1.822,NORMAL
2026-09-23 17:00:00,R111,30.0,1,1,0,1,1.809,1.809,NORMAL
2026-09-23 17:00:00,R112,30.0,1,1,0,1,1.568,1.568,NORMAL
2026-09-23 17:00:00,R113,30.0,2,1,0,1,2.06,2.06,NORMAL
2026-09-23 17:00:00,R114,30.0,2,1,0,1,2.018,2.018,NORMAL
2026-09-23 17:00:00,R115,30.0,1,1,0,1,1.794,1.794,NORMAL
2026-09-23 17:00:00,R116,30.0,2,1,0,1,1.653,1.653,NORMAL
2026-09-23 17:00:00,R117,30.0,1,1,0,1,1.82,1.82,NORMAL
2026-09-23 17:00:00,R118,30.0,1,1,0,1,1.522,1.522,NORMAL
2026-09-23 17:00:00,R119,30.0,1,1,0,1,1.816,1.816,NORMAL
2026-09-23 17:00:00,R120,30.0,1,1,0,1,1.893,1.893,NORMAL
2026-09-23 18:00:00,R101,25.66,2,0,1,1,0.543,0.543,NORMAL
2026-09-23 18:00:00,R102,25.66,0,0,1,1,0.15,0.15,NORMAL
2026-09-23 18:00:00,R103,25.66,1,0,1,1,0.476,0.476,NORMAL
2026-09-23 18:00:00,R104,25.66,2,0,1,1,0.549,0.549,NORMAL
2026-09-23 18:00:00,R105,25.66,1,0,1,1,0.414,0.414,NORMAL
2026-09-23 18:00:00,R106,25.66,2,0,1,1,0.392,0.392,NORMAL
2026-09-23 18:00:00,R107,25.66,0,0,1,1,0.15,0.15,NORMAL
2026-09-23 18:00:00,R108,25.66,0,0,1,1,0.15,0.15,NORMAL
2026-09-23 18:00:00,R109,25.66,1,0,1,1,0.393,0.393,NORMAL
2026-09-23 18:00:00,R110,25.66,1,0,1,1,0.341,0.341,NORMAL
2026-09-23 18:00:00,R111,25.66,2,0,1,1,0.512,0.512,NORMAL
2026-09-23 18:00:00,R112,25.66,1,0,1,1,0.413,0.413,NORMAL
2026-09-23 18:00:00,R113,25.66,1,0,1,1,0.386,0.386,NORMAL
2026-09-23 18:00:00,R114,25.66,1,0,1,1,0.355,0.355,NORMAL
2026-09-23 18:00:00,R115,25.66,2,0,1,1,0.452,0.452,NORMAL
2026-09-23 18:00:00,R116,25.66,2,0,1,1,0.469,0.469,NORMAL
2026-09-23 18:00:00,R117,25.66,1,0,1,1,0.41,0.41,NORMAL
2026-09-23 18:00:00,R118,25.66,0,0,1,1,0.15,0.15,NORMAL
2026-09-23 18:00:00,R119,25.66,1,0,1,1,0.462,0.462,NORMAL
2026-09-23 18:00:00,R120,25.66,1,0,1,1,0.305,0.305,NORMAL
2026-09-23 19:00:00,R101,24.45,2,0,1,1,0.471,0.471,NORMAL
2026-09-23 19:00:00,R102,24.45,2,0,1,1,0.553,0.553,NORMAL
2026-09-23 19:00:00,R103,24.45,2,0,1,1,0.385,0.385,NORMAL
2026-09-23 19:00:00,R104,24.45,2,0,1,1,0.475,0.475,NORMAL
2026-09-23 19:00:00,R105,24.45,1,0,1,1,0.355,0.355,NORMAL
2026-09-23 19:00:00,R106,24.45,1,0,1,1,0.401,0.401,NORMAL
2026-09-23 19:00:00,R107,24.45,1,0,1,1,0.425,0.425,NORMAL
2026-09-23 19:00:00,R108,24.45,2,0,1,1,0.424,0.424,NORMAL
2026-09-23 19:00:00,R109,24.45,1,0,1,1,0.423,0.423,NORMAL
2026-09-23 19:00:00,R110,24.45,1,0,1,1,0.377,0.377,NORMAL
2026-09-23 19:00:00,R111,24.45,2,0,1,1,0.411,0.411,NORMAL
2026-09-23 19:00:00,R112,24.45,1,0,1,1,0.432,0.432,NORMAL
2026-09-23 19:00:00,R113,24.45,2,0,1,1,0.495,0.495,NORMAL
2026-09-23 19:00:00,R114,24.45,2,0,1,1,0.535,0.535,NORMAL
2026-09-23 19:00:00,R115,24.45,1,0,1,1,0.321,0.321,NORMAL
2026-09-23 19:00:00,R116,24.45,2,0,1,1,0.43,0.43,NORMAL
2026-09-23 19:00:00,R117,24.45,1,0,1,1,0.37,0.37,NORMAL
2026-09-23 19:00:00,R118,24.45,2,0,1,1,0.468,0.468,NORMAL
2026-09-23 19:00:00,R119,24.45,0,0,1,1,0.15,0.15,NORMAL
2026-09-23 19:00:00,R120,24.45,1,0,1,1,0.339,0.339,NORMAL
2026-09-23 20:00:00,R101,24.17,1,0,1,1,0.301,0.301,NORMAL
2026-09-23 20:00:00,R102,24.17,2,0,1,1,0.452,0.452,NORMAL
2026-09-23 20:00:00,R103,24.17,2,0,1,1,0.47,0.47,NORMAL
2026-09-23 20:00:00,R104,24.17,2,0,1,1,0.446,0.446,NORMAL
2026-09-23 20:00:00,R105,24.17,1,0,1,1,0.412,0.412,NORMAL
2026-09-23 20:00:00,R106,24.17,2,0,1,1,0.494,0.494,NORMAL
2026-09-23 20:00:00,R107,24.17,0,0,1,1,0.15,0.15,NORMAL
2026-09-23 20:00:00,R108,24.17,1,0,1,1,0.429,0.429,NORMAL
2026-09-23 20:00:00,R109,24.17,1,0,1,1,0.386,0.386,NORMAL
2026-09-23 20:00:00,R110,24.17,2,0,1,1,0.54,0.54,NORMAL
2026-09-23 20:00:00,R111,24.17,2,0,1,1,0.489,0.489,NORMAL
2026-09-23 20:00:00,R112,24.17,1,0,1,1,0.403,0.403,NORMAL
2026-09-23 20:00:00,R113,24.17,1,0,1,1,0.369,0.369,NORMAL
2026-09-23 20:00:00,R114,24.17,0,0,1,1,0.15,0.15,NORMAL
2026-09-23 20:00:00,R115,24.17,1,0,1,1,0.421,0.421,NORMAL
2026-09-23 20:00:00,R116,24.17,1,0,1,1,0.387,0.387,NORMAL
2026-09-23 20:00:00,R117,24.17,1,0,1,1,0.399,0.399,NORMAL
2026-09-23 20:00:00,R118,24.17,1,0,1,1,0.405,0.405,NORMAL
2026-09-23 20:00:00,R119,24.17,1,0,1,1,0.394,0.394,NORMAL
2026-09-23 20:00:00,R120,24.17,1,0,1,1,0.4,0.4,NORMAL
2026-09-23 21:00:00,R101,21.09,2,0,1,1,0.605,0.605,NORMAL
2026-09-23 21:00:00,R102,21.09,2,0,1,1,0.597,0.597,NORMAL
2026-09-23 21:00:00,R103,21.09,2,0,1,1,0.564,0.564,NORMAL
2026-09-23 21:00:00,R104,21.09,1,0,1,1,0.379,0.379,NORMAL
2026-09-23 21:00:00,R105,21.09,1,0,1,1,0.293,0.293,NORMAL
2026-09-23 21:00:00,R106,21.09,1,0,1,1,0.436,0.436,NORMAL
2026-09-23 21:00:00,R107,21.09,1,0,1,1,0.379,0.379,NORMAL
2026-09-23 21:00:00,R108,21.09,1,0,1,1,0.374,0.374,NORMAL
2026-09-23 21:00:00,R109,21.09,1,0,1,1,0.38,0.38,NORMAL
2026-09-23 21:00:00,R110,21.09,1,0,1,1,0.305,0.305,NORMAL
2026-09-23 21:00:00,R111,21.09,1,0,1,1,0.447,0.447,NORMAL
2026-09-23 21:00:00,R112,21.09,1,0,1,1,0.33,0.33,NORMAL
2026-09-23 21:00:00,R113,21.09,1,0,1,1,0.37,0.37,NORMAL
2026-09-23 21:00:00,R114,21.09,0,0,1,1,0.15,0.15,NORMAL
2026-09-23 21:00:00,R115,21.09,2,0,1,1,0.539,0.539,NORMAL
2026-09-23 21:00:00,R116,21.09,2,0,1,1,0.378,0.378,NORMAL
2026-09-23 21:00:00,R117,21.09,1,0,1,1,0.343,0.343,NORMAL
2026-09-23 21:00:00,R118,21.09,1,0,1,1,0.363,0.363,NORMAL
2026-09-23 21:00:00,R119,21.09,1,0,1,1,0.387,0.387,NORMAL
2026-09-23 21:00:00,R120,21.09,2,0,1,1,0.547,0.547,NORMAL
2026-09-23 22:00:00,R101,20.38,1,0,1,1,0.459,0.459,NORMAL
2026-09-23 22:00:00,R102,20.38,0,0,1,1,0.15,0.15,NORMAL
2026-09-23 22:00:00,R103,20.38,1,0,1,1,0.49,0.49,NORMAL
2026-09-23 22:00:00,R104,20.38,2,0,1,1,0.558,0.558,NORMAL
2026-09-23 22:00:00,R105,20.38,2,0,1,1,0.473,0.473,NORMAL
2026-09-23 22:00:00,R106,20.38,1,0,1,1,0.371,0.371,NORMAL
2026-09-23 22:00:00,R107,20.38,1,0,1,1,0.391,0.391,NORMAL
2026-09-23 22:00:00,R108,20.38,1,0,1,1,0.469,0.469,NORMAL
2026-09-23 22:00:00,R109,20.38,1,0,1,1,0.339,0.339,NORMAL
2026-09-23 22:00:00,R110,20.38,2,0,1,1,0.344,0.344,NORMAL
2026-09-23 22:00:00,R111,20.38,2,0,1,1,0.475,0.475,NORMAL
2026-09-23 22:00:00,R112,20.38,2,0,1,1,0.514,0.514,NORMAL
2026-09-23 22:00:00,R113,20.38,0,0,1,1,0.15,0.15,NORMAL
2026-09-23 22:00:00,R114,20.38,2,0,1,1,0.442,0.442,NORMAL
2026-09-23 22:00:00,R115,20.38,2,0,1,1,0.486,0.486,NORMAL
2026-09-23 22:00:00,R116,20.38,1,0,1,1,0.393,0.393,NORMAL
2026-09-23 22:00:00,R117,20.38,1,0,1,1,0.361,0.361,NORMAL
2026-09-23 22:00:00,R118,20.38,2,0,1,1,0.442,0.442,NORMAL
2026-09-23 22:00:00,R119,20.38,1,0,1,1,0.299,0.299,NORMAL
2026-09-23 22:00:00,R120,20.38,2,0,1,1,0.491,0.491,NORMAL
2026-09-23 23:00:00,R101,18.79,1,0,1,0,0.345,0.345,NORMAL
2026-09-23 23:00:00,R102,18.79,0,0,1,0,0.15,0.15,NORMAL
2026-09-23 23:00:00,R103,18.79,0,0,1,0,0.15,0.15,NORMAL
2026-09-23 23:00:00,R104,18.79,1,0,1,0,0.42,0.42,NORMAL
2026-09-23 23:00:00,R105,18.79,0,0,1,0,0.15,0.15,NORMAL
2026-09-23 23:00:00,R106,18.79,0,0,1,0,0.15,0.15,NORMAL
2026-09-23 23:00:00,R107,18.79,0,0,1,0,0.15,0.15,NORMAL
2026-09-23 23:00:00,R108,18.79,0,0,1,0,0.15,0.15,NORMAL
2026-09-23 23:00:00,R109,18.79,0,0,1,0,0.15,0.15,NORMAL
2026-09-23 23:00:00,R110,18.79,1,0,1,0,0.305,0.305,NORMAL
2026-09-23 23:00:00,R111,18.79,0,0,1,0,0.15,0.15,NORMAL
2026-09-23 23:00:00,R112,18.79,0,0,1,0,0.15,0.15,NORMAL
2026-09-23 23:00:00,R113,18.79,0,0,1,0,0.15,0.15,NORMAL
2026-09-23 23:00:00,R114,18.79,0,0,1,0,0.15,0.15,NORMAL
2026-09-23 23:00:00,R115,18.79,0,0,1,0,0.15,0.15,NORMAL
2026-09-23 23:00:00,R116,18.79,0,0,1,0,0.15,0.15,NORMAL
2026-09-23 23:00:00,R117,18.79,1,0,1,0,0.38,0.38,NORMAL
2026-09-23 23:00:00,R118,18.79,0,0,1,0,0.15,0.15,NORMAL
2026-09-23 23:00:00,R119,18.79,0,0,1,0,0.15,0.15,NORMAL
2026-09-23 23:00:00,R120,18.79,0,0,1,0,0.15,0.15,NORMAL
2026-09-24 00:00:00,R101,20.02,1,0,1,0,0.324,0.324,NORMAL
2026-09-24 00:00:00,R102,20.02,0,0,1,0,0.15,0.15,NORMAL
2026-09-24 00:00:00,R103,20.02,0,0,1,0,0.15,0.15,NORMAL
2026-09-24 00:00:00,R104,20.02,1,0,1,0,0.434,0.434,NORMAL
2026-09-24 00:00:00,R105,20.02,0,0,1,0,0.15,0.15,NORMAL
2026-09-24 00:00:00,R106,20.02,0,0,1,0,0.15,0.15,NORMAL
2026-09-24 00:00:00,R107,20.02,0,0,1,0,0.15,0.15,NORMAL
2026-09-24 00:00:00,R108,20.02,0,0,1,0,0.15,0.15,NORMAL
2026-09-24 00:00:00,R109,20.02,1,0,1,0,0.351,0.351,NORMAL
2026-09-24 00:00:00,R110,20.02,1,0,1,0,0.386,0.386,NORMAL
2026-09-24 00:00:00,R111,20.02,0,0,1,0,0.15,0.15,NORMAL
2026-09-24 00:00:00,R112,20.02,0,0,1,0,0.15,0.15,NORMAL
2026-09-24 00:00:00,R113,20.02,1,0,1,0,0.393,0.393,NORMAL
2026-09-24 00:00:00,R114,20.02,0,0,1,0,0.15,0.15,NORMAL
2026-09-24 00:00:00,R115,20.02,0,0,1,0,0.15,0.15,NORMAL
2026-09-24 00:00:00,R116,20.02,0,0,1,0,0.15,0.15,NORMAL
2026-09-24 00:00:00,R117,20.02,0,0,1,0,0.15,0.15,NORMAL
2026-09-24 00:00:00,R118,20.02,1,0,1,0,0.305,0.305,NORMAL
2026-09-24 00:00:00,R119,20.02,0,0,1,0,0.15,0.15,NORMAL
2026-09-24 00:00:00,R120,20.02,0,0,1,0,0.15,0.15,NORMAL
2026-09-24 01:00:00,R101,18.54,1,0,1,0,0.342,0.342,NORMAL
2026-09-24 01:00:00,R102,18.54,0,0,1,0,0.15,0.15,NORMAL
2026-09-24 01:00:00,R103,18.54,0,0,1,0,0.15,0.15,NORMAL
2026-09-24 01:00:00,R104,18.54,0,0,1,0,0.15,0.15,NORMAL
2026-09-24 01:00:00,R105,18.54,0,0,1,0,0.15,0.15,NORMAL
2026-09-24 01:00:00,R106,18.54,0,0,1,0,0.15,0.15,NORMAL
2026-09-24 01:00:00,R107,18.54,0,0,1,0,0.15,0.15,NORMAL
2026-09-24 01:00:00,R108,18.54,0,0,1,0,0.15,0.15,NORMAL
2026-09-24 01:00:00,R109,18.54,0,0,1,0,0.15,0.15,NORMAL
2026-09-24 01:00:00,R110,18.54,0,0,1,0,0.15,0.15,NORMAL
2026-09-24 01:00:00,R111,18.54,0,0,1,0,0.15,0.15,NORMAL
2026-09-24 01:00:00,R112,18.54,1,0,1,0,0.344,0.344,NORMAL
2026-09-24 01:00:00,R113,18.54,1,0,1,0,0.417,0.417,NORMAL
2026-09-24 01:00:00,R114,18.54,0,0,1,0,0.15,0.15,NORMAL
2026-09-24 01:00:00,R115,18.54,0,1,1,0,1.694,1.694,AC_WASTE
2026-09-24 01:00:00,R116,18.54,0,0,1,0,0.15,0.15,NORMAL
2026-09-24 01:00:00,R117,18.54,1,0,1,0,0.462,0.462,NORMAL
2026-09-24 01:00:00,R118,18.54,0,0,1,0,0.15,0.15,NORMAL
2026-09-24 01:00:00,R119,18.54,0,0,1,0,0.15,0.15,NORMAL
2026-09-24 01:00:00,R120,18.54,1,0,1,0,0.434,0.434,NORMAL
2026-09-24 02:00:00,R101,19.76,0,0,1,0,0.15,0.15,NORMAL
2026-09-24 02:00:00,R102,19.76,0,0,1,0,0.15,0.15,NORMAL
2026-09-24 02:00:00,R103,19.76,0,0,1,0,0.15,0.15,NORMAL
2026-09-24 02:00:00,R104,19.76,1,0,1,0,0.464,0.464,NORMAL
2026-09-24 02:00:00,R105,19.76,0,0,1,0,0.15,0.15,NORMAL
2026-09-24 02:00:00,R106,19.76,0,0,1,0,0.15,0.15,NORMAL
2026-09-24 02:00:00,R107,19.76,0,0,1,0,0.15,0.15,NORMAL
2026-09-24 02:00:00,R108,19.76,0,0,1,0,0.15,0.15,NORMAL
2026-09-24 02:00:00,R109,19.76,0,0,1,0,0.15,0.15,NORMAL
2026-09-24 02:00:00,R110,19.76,1,0,1,0,0.332,0.332,NORMAL
2026-09-24 02:00:00,R111,19.76,0,0,1,0,0.15,0.15,NORMAL
2026-09-24 02:00:00,R112,19.76,0,0,1,0,0.15,0.15,NORMAL
2026-09-24 02:00:00,R113,19.76,0,0,1,0,0.15,0.15,NORMAL
2026-09-24 02:00:00,R114,19.76,0,0,1,0,0.15,0.15,NORMAL
2026-09-24 02:00:00,R115,19.76,0,0,1,0,0.15,0.15,NORMAL
2026-09-24 02:00:00,R116,19.76,0,0,1,0,0.15,0.15,NORMAL
2026-09-24 02:00:00,R117,19.76,0,0,1,0,0.15,0.15,NORMAL
2026-09-24 02:00:00,R118,19.76,0,0,1,0,0.15,0.15,NORMAL
2026-09-24 02:00:00,R119,19.76,0,0,1,0,0.15,0.15,NORMAL
2026-09-24 02:00:00,R120,19.76,0,0,1,0,0.15,0.15,NORMAL
2026-09-24 03:00:00,R101,22.93,0,0,1,0,0.15,0.15,NORMAL
2026-09-24 03:00:00,R102,22.93,0,0,1,0,0.15,0.15,NORMAL
2026-09-24 03:00:00,R103,22.93,1,0,1,0,0.398,0.398,NORMAL
2026-09-24 03:00:00,R104,22.93,0,0,1,0,0.15,0.15,NORMAL
2026-09-24 03:00:00,R105,22.93,0,0,1,0,0.15,0.15,NORMAL
2026-09-24 03:00:00,R106,22.93,0,0,1,0,0.15,0.15,NORMAL
2026-09-24 03:00:00,R107,22.93,1,0,1,0,0.409,0.409,NORMAL
2026-09-24 03:00:00,R108,22.93,1,0,1,0,0.377,0.377,NORMAL
2026-09-24 03:00:00,R109,22.93,0,0,1,0,0.15,0.15,NORMAL
2026-09-24 03:00:00,R110,22.93,1,0,1,0,0.364,0.364,NORMAL
2026-09-24 03:00:00,R111,22.93,0,0,1,0,0.15,0.15,NORMAL
2026-09-24 03:00:00,R112,22.93,0,0,1,0,0.15,0.15,NORMAL
2026-09-24 03:00:00,R113,22.93,0,0,1,0,0.15,0.15,NORMAL
2026-09-24 03:00:00,R114,22.93,0,0,1,0,0.15,0.15,NORMAL
2026-09-24 03:00:00,R115,22.93,0,0,1,0,0.15,0.15,NORMAL
2026-09-24 03:00:00,R116,22.93,0,0,1,0,0.15,0.15,NORMAL
2026-09-24 03:00:00,R117,22.93,0,0,1,0,0.15,0.15,NORMAL
2026-09-24 03:00:00,R118,22.93,0,0,1,0,0.15,0.15,NORMAL
2026-09-24 03:00:00,R119,22.93,0,0,1,0,0.15,0.15,NORMAL
2026-09-24 03:00:00,R120,22.93,0,0,1,0,0.15,0.15,NORMAL
2026-09-24 04:00:00,R101,20.62,1,0,1,0,0.365,0.365,NORMAL
2026-09-24 04:00:00,R102,20.62,0,0,1,0,0.15,0.15,NORMAL
2026-09-24 04:00:00,R103,20.62,0,0,1,0,0.15,0.15,NORMAL
2026-09-24 04:00:00,R104,20.62,0,0,1,0,0.15,0.15,NORMAL
2026-09-24 04:00:00,R105,20.62,0,0,1,0,0.15,0.15,NORMAL
2026-09-24 04:00:00,R106,20.62,0,0,1,0,0.577,0.577,STANDBY_WASTE
2026-09-24 04:00:00,R107,20.62,0,0,1,0,0.15,0.15,NORMAL
2026-09-24 04:00:00,R108,20.62,0,0,1,0,0.15,0.15,NORMAL
2026-09-24 04:00:00,R109,20.62,1,0,1,0,0.486,0.486,NORMAL
2026-09-24 04:00:00,R110,20.62,0,0,1,0,0.15,0.15,NORMAL
2026-09-24 04:00:00,R111,20.62,0,0,1,0,0.15,0.15,NORMAL
2026-09-24 04:00:00,R112,20.62,0,0,1,0,0.15,0.15,NORMAL
2026-09-24 04:00:00,R113,20.62,0,0,1,0,0.15,0.15,NORMAL
2026-09-24 04:00:00,R114,20.62,1,0,1,0,0.4,0.4,NORMAL
2026-09-24 04:00:00,R115,20.62,0,0,1,0,0.15,0.15,NORMAL
2026-09-24 04:00:00,R116,20.62,0,1,1,0,1.393,1.393,AC_WASTE
2026-09-24 04:00:00,R117,20.62,1,0,1,0,0.433,0.433,NORMAL
2026-09-24 04:00:00,R118,20.62,1,0,1,0,0.37,0.37,NORMAL
2026-09-24 04:00:00,R119,20.62,0,0,1,0,0.15,0.15,NORMAL
2026-09-24 04:00:00,R120,20.62,1,0,1,0,0.359,0.359,NORMAL
2026-09-24 05:00:00,R101,24.68,0,0,1,0,0.15,0.15,NORMAL
2026-09-24 05:00:00,R102,24.68,1,0,1,0,0.446,0.446,NORMAL
2026-09-24 05:00:00,R103,24.68,0,0,1,0,0.15,0.15,NORMAL
2026-09-24 05:00:00,R104,24.68,0,0,1,0,0.15,0.15,NORMAL
2026-09-24 05:00:00,R105,24.68,0,0,1,0,0.15,0.15,NORMAL
2026-09-24 05:00:00,R106,24.68,1,0,1,0,0.371,0.371,NORMAL
2026-09-24 05:00:00,R107,24.68,0,0,1,0,0.15,0.15,NORMAL
2026-09-24 05:00:00,R108,24.68,0,0,1,0,0.15,0.15,NORMAL
2026-09-24 05:00:00,R109,24.68,0,0,1,0,0.15,0.15,NORMAL
2026-09-24 05:00:00,R110,24.68,0,0,1,0,0.15,0.15,NORMAL
2026-09-24 05:00:00,R111,24.68,1,0,1,0,0.377,0.377,NORMAL
2026-09-24 05:00:00,R112,24.68,0,0,1,0,0.15,0.15,NORMAL
2026-09-24 05:00:00,R113,24.68,1,0,1,0,0.302,0.302,NORMAL
2026-09-24 05:00:00,R114,24.68,0,0,1,0,0.15,0.15,NORMAL
2026-09-24 05:00:00,R115,24.68,0,0,1,0,0.15,0.15,NORMAL
2026-09-24 05:00:00,R116,24.68,0,0,1,0,0.15,0.15,NORMAL
2026-09-24 05:00:00,R117,24.68,0,0,1,0,0.15,0.15,NORMAL
2026-09-24 05:00:00,R118,24.68,0,0,1,0,0.15,0.15,NORMAL
2026-09-24 05:00:00,R119,24.68,0,0,1,0,0.15,0.15,NORMAL
2026-09-24 05:00:00,R120,24.68,0,0,1,0,0.15,0.15,NORMAL
2026-09-24 06:00:00,R101,27.51,1,0,0,1,0.202,0.202,NORMAL
2026-09-24 06:00:00,R102,27.51,2,0,0,1,0.279,0.279,NORMAL
2026-09-24 06:00:00,R103,27.51,1,0,0,1,0.255,0.255,NORMAL
2026-09-24 06:00:00,R104,27.51,0,0,0,1,0.15,0.15,NORMAL
2026-09-24 06:00:00,R105,27.51,1,0,0,1,0.262,0.262,NORMAL
2026-09-24 06:00:00,R106,27.51,1,0,0,1,0.229,0.229,NORMAL
2026-09-24 06:00:00,R107,27.51,2,0,0,1,0.325,0.325,NORMAL
2026-09-24 06:00:00,R108,27.51,0,0,0,1,0.15,0.15,NORMAL
2026-09-24 06:00:00,R109,27.51,2,0,0,1,0.413,0.413,NORMAL
2026-09-24 06:00:00,R110,27.51,1,0,0,1,0.256,0.256,NORMAL
2026-09-24 06:00:00,R111,27.51,0,0,0,1,0.15,0.15,NORMAL
2026-09-24 06:00:00,R112,27.51,0,0,0,1,0.15,0.15,NORMAL
2026-09-24 06:00:00,R113,27.51,0,0,0,1,0.15,0.15,NORMAL
2026-09-24 06:00:00,R114,27.51,1,0,0,1,0.227,0.227,NORMAL
2026-09-24 06:00:00,R115,27.51,1,0,0,1,0.262,0.262,NORMAL
2026-09-24 06:00:00,R116,27.51,2,0,0,1,0.377,0.377,NORMAL
2026-09-24 06:00:00,R117,27.51,1,0,0,1,0.215,0.215,NORMAL
2026-09-24 06:00:00,R118,27.51,2,0,0,1,0.271,0.271,NORMAL
2026-09-24 06:00:00,R119,27.51,0,0,0,1,0.15,0.15,NORMAL
2026-09-24 06:00:00,R120,27.51,0,0,0,1,0.15,0.15,NORMAL
2026-09-24 07:00:00,R101,28.45,2,0,0,1,0.334,0.334,NORMAL
2026-09-24 07:00:00,R102,28.45,1,0,0,1,0.232,0.232,NORMAL
2026-09-24 07:00:00,R103,28.45,0,0,0,1,0.15,0.15,NORMAL
2026-09-24 07:00:00,R104,28.45,1,0,0,1,0.23,0.23,NORMAL
2026-09-24 07:00:00,R105,28.45,2,0,0,1,0.432,0.432,NORMAL
2026-09-24 07:00:00,R106,28.45,0,0,0,1,0.15,0.15,NORMAL
2026-09-24 07:00:00,R107,28.45,1,0,0,1,0.271,0.271,NORMAL
2026-09-24 07:00:00,R108,28.45,1,0,0,1,0.211,0.211,NORMAL
2026-09-24 07:00:00,R109,28.45,2,0,0,1,0.356,0.356,NORMAL
2026-09-24 07:00:00,R110,28.45,2,0,0,1,0.438,0.438,NORMAL
2026-09-24 07:00:00,R111,28.45,2,0,0,1,0.413,0.413,NORMAL
2026-09-24 07:00:00,R112,28.45,0,0,0,1,0.15,0.15,NORMAL
2026-09-24 07:00:00,R113,28.45,2,0,0,1,0.364,0.364,NORMAL
2026-09-24 07:00:00,R114,28.45,1,0,0,1,0.215,0.215,NORMAL
2026-09-24 07:00:00,R115,28.45,1,0,0,1,0.264,0.264,NORMAL
2026-09-24 07:00:00,R116,28.45,2,0,0,1,0.292,0.292,NORMAL
2026-09-24 07:00:00,R117,28.45,0,1,0,1,1.638,1.638,AC_WASTE
2026-09-24 07:00:00,R118,28.45,2,0,0,1,0.305,0.305,NORMAL
2026-09-24 07:00:00,R119,28.45,0,0,0,1,0.15,0.15,NORMAL
2026-09-24 07:00:00,R120,28.45,1,0,0,1,0.239,0.239,NORMAL
2026-09-24 08:00:00,R101,32.43,0,0,0,1,0.15,0.15,NORMAL
2026-09-24 08:00:00,R102,32.43,1,1,0,1,1.769,1.769,NORMAL
2026-09-24 08:00:00,R103,32.43,2,1,0,1,1.496,1.496,NORMAL
2026-09-24 08:00:00,R104,32.43,1,1,0,1,1.608,1.608,NORMAL
2026-09-24 08:00:00,R105,32.43,1,1,0,1,1.831,1.831,NORMAL
2026-09-24 08:00:00,R106,32.43,1,1,0,1,1.513,1.513,NORMAL
2026-09-24 08:00:00,R107,32.43,0,0,0,1,0.15,0.15,NORMAL
2026-09-24 08:00:00,R108,32.43,0,1,0,1,1.77,1.77,AC_WASTE
2026-09-24 08:00:00,R109,32.43,2,1,0,1,2.098,2.098,NORMAL
2026-09-24 08:00:00,R110,32.43,2,1,0,1,1.643,1.643,NORMAL
2026-09-24 08:00:00,R111,32.43,2,1,0,1,1.792,1.792,NORMAL
2026-09-24 08:00:00,R112,32.43,2,1,0,1,2.208,2.208,NORMAL
2026-09-24 08:00:00,R113,32.43,1,1,0,1,1.704,1.704,NORMAL
2026-09-24 08:00:00,R114,32.43,1,1,0,1,1.816,1.816,NORMAL
2026-09-24 08:00:00,R115,32.43,0,0,0,1,0.15,0.15,NORMAL
2026-09-24 08:00:00,R116,32.43,1,1,0,1,1.513,1.513,NORMAL
2026-09-24 08:00:00,R117,32.43,2,1,0,1,1.613,1.613,NORMAL
2026-09-24 08:00:00,R118,32.43,2,1,0,1,1.97,1.97,NORMAL
2026-09-24 08:00:00,R119,32.43,1,1,0,1,1.574,1.574,NORMAL
2026-09-24 08:00:00,R120,32.43,1,1,0,1,1.692,1.692,NORMAL
2026-09-24 09:00:00,R101,33.52,0,0,0,1,0.15,0.15,NORMAL
2026-09-24 09:00:00,R102,33.52,1,1,0,1,1.714,1.714,NORMAL
2026-09-24 09:00:00,R103,33.52,0,0,0,1,0.15,0.15,NORMAL
2026-09-24 09:00:00,R104,33.52,1,1,0,1,1.81,1.81,NORMAL
2026-09-24 09:00:00,R105,33.52,0,0,0,1,0.15,0.15,NORMAL
2026-09-24 09:00:00,R106,33.52,0,0,0,1,0.15,0.15,NORMAL
2026-09-24 09:00:00,R107,33.52,1,1,0,1,1.863,1.863,NORMAL
2026-09-24 09:00:00,R108,33.52,1,1,0,1,1.872,1.872,NORMAL
2026-09-24 09:00:00,R109,33.52,1,1,0,1,1.641,1.641,NORMAL
2026-09-24 09:00:00,R110,33.52,2,1,0,1,2.055,2.055,NORMAL
2026-09-24 09:00:00,R111,33.52,0,0,0,1,0.15,0.15,NORMAL
2026-09-24 09:00:00,R112,33.52,2,1,0,1,1.823,1.823,NORMAL
2026-09-24 09:00:00,R113,33.52,0,0,0,1,0.15,0.15,NORMAL
2026-09-24 09:00:00,R114,33.52,1,1,0,1,1.651,1.651,NORMAL
2026-09-24 09:00:00,R115,33.52,0,0,0,1,0.15,0.15,NORMAL
2026-09-24 09:00:00,R116,33.52,0,0,0,1,0.15,0.15,NORMAL
2026-09-24 09:00:00,R117,33.52,2,1,0,1,1.751,1.751,NORMAL
2026-09-24 09:00:00,R118,33.52,0,0,0,1,0.15,0.15,NORMAL
2026-09-24 09:00:00,R119,33.52,0,0,0,1,0.15,0.15,NORMAL
2026-09-24 09:00:00,R120,33.52,1,1,0,1,1.736,1.736,NORMAL
2026-09-24 10:00:00,R101,35.15,2,1,0,1,1.723,1.723,NORMAL
2026-09-24 10:00:00,R102,35.15,1,1,0,1,2.021,2.021,NORMAL
2026-09-24 10:00:00,R103,35.15,2,1,0,1,1.823,1.823,NORMAL
2026-09-24 10:00:00,R104,35.15,0,0,0,1,0.15,0.15,NORMAL
2026-09-24 10:00:00,R105,35.15,0,0,0,1,0.15,0.15,NORMAL
2026-09-24 10:00:00,R106,35.15,0,0,0,1,0.15,0.15,NORMAL
2026-09-24 10:00:00,R107,35.15,0,1,0,1,1.462,1.462,AC_WASTE
2026-09-24 10:00:00,R108,35.15,0,0,0,1,0.15,0.15,NORMAL
2026-09-24 10:00:00,R109,35.15,0,0,0,1,0.15,0.15,NORMAL
2026-09-24 10:00:00,R110,35.15,0,0,0,1,0.15,0.15,NORMAL
2026-09-24 10:00:00,R111,35.15,0,0,0,1,0.15,0.15,NORMAL
2026-09-24 10:00:00,R112,35.15,0,0,0,1,0.15,0.15,NORMAL
2026-09-24 10:00:00,R113,35.15,0,0,0,1,0.15,0.15,NORMAL
2026-09-24 10:00:00,R114,35.15,0,0,0,1,0.15,0.15,NORMAL
2026-09-24 10:00:00,R115,35.15,1,1,0,1,2.017,2.017,NORMAL
2026-09-24 10:00:00,R116,35.15,0,0,0,1,0.15,0.15,NORMAL
2026-09-24 10:00:00,R117,35.15,0,0,0,1,0.15,0.15,NORMAL
2026-09-24 10:00:00,R118,35.15,0,0,0,1,0.15,0.15,NORMAL
2026-09-24 10:00:00,R119,35.15,0,0,0,1,0.15,0.15,NORMAL
2026-09-24 10:00:00,R120,35.15,0,0,0,1,0.15,0.15,NORMAL
2026-09-24 11:00:00,R101,32.69,0,0,0,1,0.15,0.15,NORMAL
2026-09-24 11:00:00,R102,32.69,0,0,0,1,0.15,0.15,NORMAL
2026-09-24 11:00:00,R103,32.69,1,1,0,1,1.56,1.56,NORMAL
2026-09-24 11:00:00,R104,32.69,0,0,0,1,0.15,0.15,NORMAL
2026-09-24 11:00:00,R105,32.69,1,1,0,1,1.829,1.829,NORMAL
2026-09-24 11:00:00,R106,32.69,1,1,0,1,1.714,1.714,NORMAL
2026-09-24 11:00:00,R107,32.69,0,0,0,1,0.15,0.15,NORMAL
2026-09-24 11:00:00,R108,32.69,1,1,0,1,1.54,1.54,NORMAL
2026-09-24 11:00:00,R109,32.69,0,0,0,1,0.15,0.15,NORMAL
2026-09-24 11:00:00,R110,32.69,1,1,0,1,1.949,1.949,NORMAL
2026-09-24 11:00:00,R111,32.69,1,1,0,1,2.053,2.053,NORMAL
2026-09-24 11:00:00,R112,32.69,1,1,0,1,1.771,1.771,NORMAL
2026-09-24 11:00:00,R113,32.69,0,0,0,1,0.15,0.15,NORMAL
2026-09-24 11:00:00,R114,32.69,1,1,0,1,2.64,2.64,STANDBY_WASTE
2026-09-24 11:00:00,R115,32.69,1,1,0,1,1.815,1.815,NORMAL
2026-09-24 11:00:00,R116,32.69,0,0,0,1,0.15,0.15,NORMAL
2026-09-24 11:00:00,R117,32.69,0,0,0,1,0.15,0.15,NORMAL
2026-09-24 11:00:00,R118,32.69,1,1,0,1,1.925,1.925,NORMAL
2026-09-24 11:00:00,R119,32.69,1,1,0,1,1.894,1.894,NORMAL
2026-09-24 11:00:00,R120,32.69,1,1,0,1,1.736,1.736,NORMAL
2026-09-24 12:00:00,R101,35.73,0,0,0,1,0.15,0.15,NORMAL
2026-09-24 12:00:00,R102,35.73,0,0,0,1,0.15,0.15,NORMAL
2026-09-24 12:00:00,R103,35.73,0,0,0,1,0.15,0.15,NORMAL
2026-09-24 12:00:00,R104,35.73,0,0,0,1,0.15,0.15,NORMAL
2026-09-24 12:00:00,R105,35.73,0,0,0,1,0.15,0.15,NORMAL
2026-09-24 12:00:00,R106,35.73,0,0,0,1,0.15,0.15,NORMAL
2026-09-24 12:00:00,R107,35.73,0,0,0,1,0.15,0.15,NORMAL
2026-09-24 12:00:00,R108,35.73,0,0,0,1,0.15,0.15,NORMAL
2026-09-24 12:00:00,R109,35.73,1,1,0,1,1.675,1.675,NORMAL
2026-09-24 12:00:00,R110,35.73,0,0,0,1,0.15,0.15,NORMAL
2026-09-24 12:00:00,R111,35.73,2,1,0,1,1.786,1.786,NORMAL
2026-09-24 12:00:00,R112,35.73,0,0,0,1,0.15,0.15,NORMAL
2026-09-24 12:00:00,R113,35.73,1,1,0,1,1.707,1.707,NORMAL
2026-09-24 12:00:00,R114,35.73,0,0,0,1,0.15,0.15,NORMAL
2026-09-24 12:00:00,R115,35.73,0,0,0,1,0.15,0.15,NORMAL
2026-09-24 12:00:00,R116,35.73,1,1,0,1,1.638,1.638,NORMAL
2026-09-24 12:00:00,R117,35.73,1,1,0,1,1.648,1.648,NORMAL
2026-09-24 12:00:00,R118,35.73,0,0,0,1,0.15,0.15,NORMAL
2026-09-24 12:00:00,R119,35.73,0,0,0,1,0.15,0.15,NORMAL
2026-09-24 12:00:00,R120,35.73,0,0,0,1,0.15,0.15,NORMAL
2026-09-24 13:00:00,R101,34.27,2,1,0,1,1.984,1.984,NORMAL
2026-09-24 13:00:00,R102,34.27,1,1,0,1,1.97,1.97,NORMAL
2026-09-24 13:00:00,R103,34.27,0,0,0,1,0.15,0.15,NORMAL
2026-09-24 13:00:00,R104,34.27,0,0,0,1,0.15,0.15,NORMAL
2026-09-24 13:00:00,R105,34.27,1,1,0,1,1.48,1.48,NORMAL
2026-09-24 13:00:00,R106,34.27,1,1,0,1,1.538,1.538,NORMAL
2026-09-24 13:00:00,R107,34.27,2,1,0,1,2.109,2.109,NORMAL
2026-09-24 13:00:00,R108,34.27,0,0,0,1,0.15,0.15,NORMAL
2026-09-24 13:00:00,R109,34.27,2,1,0,1,1.894,1.894,NORMAL
2026-09-24 13:00:00,R110,34.27,1,1,0,1,1.671,1.671,NORMAL
2026-09-24 13:00:00,R111,34.27,0,0,0,1,0.15,0.15,NORMAL
2026-09-24 13:00:00,R112,34.27,1,1,0,1,2.057,2.057,NORMAL
2026-09-24 13:00:00,R113,34.27,1,1,0,1,1.78,1.78,NORMAL
2026-09-24 13:00:00,R114,34.27,1,1,0,1,1.524,1.524,NORMAL
2026-09-24 13:00:00,R115,34.27,1,1,0,1,1.855,1.855,NORMAL
2026-09-24 13:00:00,R116,34.27,0,0,0,1,0.15,0.15,NORMAL
2026-09-24 13:00:00,R117,34.27,0,0,0,1,0.15,0.15,NORMAL
2026-09-24 13:00:00,R118,34.27,0,0,0,1,0.15,0.15,NORMAL
2026-09-24 13:00:00,R119,34.27,0,0,0,1,0.15,0.15,NORMAL
2026-09-24 13:00:00,R120,34.27,0,0,0,1,0.15,0.15,NORMAL
2026-09-24 14:00:00,R101,33.74,0,0,0,1,0.582,0.582,STANDBY_WASTE
2026-09-24 14:00:00,R102,33.74,0,0,0,1,0.15,0.15,NORMAL
2026-09-24 14:00:00,R103,33.74,1,1,0,1,1.864,1.864,NORMAL
2026-09-24 14:00:00,R104,33.74,2,1,0,1,1.812,1.812,NORMAL
2026-09-24 14:00:00,R105,33.74,0,0,0,1,0.15,0.15,NORMAL
2026-09-24 14:00:00,R106,33.74,0,0,0,1,0.15,0.15,NORMAL
2026-09-24 14:00:00,R107,33.74,0,0,0,1,0.15,0.15,NORMAL
2026-09-24 14:00:00,R108,33.74,1,1,0,1,1.624,1.624,NORMAL
2026-09-24 14:00:00,R109,33.74,0,0,0,1,0.15,0.15,NORMAL
2026-09-24 14:00:00,R110,33.74,2,1,0,1,1.983,1.983,NORMAL
2026-09-24 14:00:00,R111,33.74,1,1,0,1,1.598,1.598,NORMAL
2026-09-24 14:00:00,R112,33.74,0,0,0,1,0.15,0.15,NORMAL
2026-09-24 14:00:00,R113,33.74,0,1,0,1,1.365,1.365,AC_WASTE
2026-09-24 14:00:00,R114,33.74,0,0,0,1,0.15,0.15,NORMAL
2026-09-24 14:00:00,R115,33.74,0,0,0,1,0.15,0.15,NORMAL
2026-09-24 14:00:00,R116,33.74,1,1,0,1,1.488,1.488,NORMAL
2026-09-24 14:00:00,R117,33.74,1,1,0,1,1.406,1.406,NORMAL
2026-09-24 14:00:00,R118,33.74,1,1,0,1,1.711,1.711,NORMAL
2026-09-24 14:00:00,R119,33.74,1,1,0,1,1.789,1.789,NORMAL
2026-09-24 14:00:00,R120,33.74,1,1,0,1,1.531,1.531,NORMAL
2026-09-24 15:00:00,R101,32.15,0,0,0,1,0.15,0.15,NORMAL
2026-09-24 15:00:00,R102,32.15,0,0,0,1,0.15,0.15,NORMAL
2026-09-24 15:00:00,R103,32.15,0,0,0,1,0.15,0.15,NORMAL
2026-09-24 15:00:00,R104,32.15,0,0,0,1,0.15,0.15,NORMAL
2026-09-24 15:00:00,R105,32.15,0,0,0,1,0.15,0.15,NORMAL
2026-09-24 15:00:00,R106,32.15,0,0,0,1,0.15,0.15,NORMAL
2026-09-24 15:00:00,R107,32.15,0,0,0,1,0.15,0.15,NORMAL
2026-09-24 15:00:00,R108,32.15,0,0,0,1,0.15,0.15,NORMAL
2026-09-24 15:00:00,R109,32.15,2,1,0,1,1.975,1.975,NORMAL
2026-09-24 15:00:00,R110,32.15,2,1,0,1,1.891,1.891,NORMAL
2026-09-24 15:00:00,R111,32.15,2,1,0,1,1.795,1.795,NORMAL
2026-09-24 15:00:00,R112,32.15,1,1,0,1,1.926,1.926,NORMAL
2026-09-24 15:00:00,R113,32.15,1,1,0,1,1.786,1.786,NORMAL
2026-09-24 15:00:00,R114,32.15,1,1,0,1,1.851,1.851,NORMAL
2026-09-24 15:00:00,R115,32.15,1,1,0,1,1.582,1.582,NORMAL
2026-09-24 15:00:00,R116,32.15,0,0,0,1,0.15,0.15,NORMAL
2026-09-24 15:00:00,R117,32.15,0,0,0,1,0.15,0.15,NORMAL
2026-09-24 15:00:00,R118,32.15,0,0,0,1,0.15,0.15,NORMAL
2026-09-24 15:00:00,R119,32.15,0,0,0,1,0.15,0.15,NORMAL
2026-09-24 15:00:00,R120,32.15,1,1,0,1,2.024,2.024,NORMAL
2026-09-24 16:00:00,R101,30.18,0,0,0,1,0.15,0.15,NORMAL
2026-09-24 16:00:00,R102,30.18,2,1,0,1,1.924,1.924,NORMAL
2026-09-24 16:00:00,R103,30.18,0,0,0,1,0.15,0.15,NORMAL
2026-09-24 16:00:00,R104,30.18,0,0,0,1,0.15,0.15,NORMAL
2026-09-24 16:00:00,R105,30.18,1,1,0,1,1.918,1.918,NORMAL
2026-09-24 16:00:00,R106,30.18,2,1,0,1,2.102,2.102,NORMAL
2026-09-24 16:00:00,R107,30.18,1,1,0,1,1.416,1.416,NORMAL
2026-09-24 16:00:00,R108,30.18,0,0,0,1,0.15,0.15,NORMAL
2026-09-24 16:00:00,R109,30.18,0,0,0,1,0.15,0.15,NORMAL
2026-09-24 16:00:00,R110,30.18,1,1,0,1,1.728,1.728,NORMAL
2026-09-24 16:00:00,R111,30.18,0,0,0,1,0.15,0.15,NORMAL
2026-09-24 16:00:00,R112,30.18,0,0,0,1,0.15,0.15,NORMAL
2026-09-24 16:00:00,R113,30.18,0,0,0,1,0.15,0.15,NORMAL
2026-09-24 16:00:00,R114,30.18,1,1,0,1,1.838,1.838,NORMAL
2026-09-24 16:00:00,R115,30.18,1,1,0,1,1.528,1.528,NORMAL
2026-09-24 16:00:00,R116,30.18,0,0,0,1,0.15,0.15,NORMAL
2026-09-24 16:00:00,R117,30.18,1,1,0,1,1.662,1.662,NORMAL
2026-09-24 16:00:00,R118,30.18,0,0,0,1,0.15,0.15,NORMAL
2026-09-24 16:00:00,R119,30.18,1,1,0,1,1.534,1.534,NORMAL
2026-09-24 16:00:00,R120,30.18,0,0,0,1,0.15,0.15,NORMAL
2026-09-24 17:00:00,R101,25.42,1,0,0,1,0.275,0.275,NORMAL
2026-09-24 17:00:00,R102,25.42,2,0,0,1,0.367,0.367,NORMAL
2026-09-24 17:00:00,R103,25.42,1,0,0,1,0.293,0.293,NORMAL
2026-09-24 17:00:00,R104,25.42,2,0,0,1,0.298,0.298,NORMAL
2026-09-24 17:00:00,R105,25.42,1,0,0,1,0.285,0.285,NORMAL
2026-09-24 17:00:00,R106,25.42,0,0,0,1,0.15,0.15,NORMAL
2026-09-24 17:00:00,R107,25.42,1,0,0,1,0.216,0.216,NORMAL
2026-09-24 17:00:00,R108,25.42,1,0,0,1,0.208,0.208,NORMAL
2026-09-24 17:00:00,R109,25.42,1,0,0,1,0.256,0.256,NORMAL
2026-09-24 17:00:00,R110,25.42,1,0,0,1,0.28,0.28,NORMAL
2026-09-24 17:00:00,R111,25.42,1,0,0,1,0.243,0.243,NORMAL
2026-09-24 17:00:00,R112,25.42,1,0,0,1,0.255,0.255,NORMAL
2026-09-24 17:00:00,R113,25.42,0,0,0,1,0.15,0.15,NORMAL
2026-09-24 17:00:00,R114,25.42,1,0,0,1,0.226,0.226,NORMAL
2026-09-24 17:00:00,R115,25.42,1,0,0,1,0.89,0.89,STANDBY_WASTE
2026-09-24 17:00:00,R116,25.42,1,0,0,1,0.27,0.27,NORMAL
2026-09-24 17:00:00,R117,25.42,1,0,0,1,0.257,0.257,NORMAL
2026-09-24 17:00:00,R118,25.42,2,0,0,1,0.301,0.301,NORMAL
2026-09-24 17:00:00,R119,25.42,1,0,0,1,0.28,0.28,NORMAL
2026-09-24 17:00:00,R120,25.42,2,0,0,1,0.427,0.427,NORMAL
2026-09-24 18:00:00,R101,30.7,1,1,1,1,1.789,1.789,NORMAL
2026-09-24 18:00:00,R102,30.7,2,1,1,1,2.029,2.029,NORMAL
2026-09-24 18:00:00,R103,30.7,2,1,1,1,2.028,2.028,NORMAL
2026-09-24 18:00:00,R104,30.7,2,1,1,1,2.102,2.102,NORMAL
2026-09-24 18:00:00,R105,30.7,2,1,1,1,2.226,2.226,NORMAL
2026-09-24 18:00:00,R106,30.7,0,0,1,1,0.15,0.15,NORMAL
2026-09-24 18:00:00,R107,30.7,2,1,1,1,2.36,2.36,NORMAL
2026-09-24 18:00:00,R108,30.7,0,0,1,1,0.15,0.15,NORMAL
2026-09-24 18:00:00,R109,30.7,2,1,1,1,1.981,1.981,NORMAL
2026-09-24 18:00:00,R110,30.7,1,1,1,1,2.073,2.073,NORMAL
2026-09-24 18:00:00,R111,30.7,1,1,1,1,2.035,2.035,NORMAL
2026-09-24 18:00:00,R112,30.7,1,1,1,1,1.803,1.803,NORMAL
2026-09-24 18:00:00,R113,30.7,1,1,1,1,1.818,1.818,NORMAL
2026-09-24 18:00:00,R114,30.7,2,1,1,1,2.146,2.146,NORMAL
2026-09-24 18:00:00,R115,30.7,0,0,1,1,0.15,0.15,NORMAL
2026-09-24 18:00:00,R116,30.7,2,1,1,1,1.969,1.969,NORMAL
2026-09-24 18:00:00,R117,30.7,1,1,1,1,1.631,1.631,NORMAL
2026-09-24 18:00:00,R118,30.7,1,1,1,1,1.836,1.836,NORMAL
2026-09-24 18:00:00,R119,30.7,2,1,1,1,1.802,1.802,NORMAL
2026-09-24 18:00:00,R120,30.7,2,1,1,1,2.148,2.148,NORMAL
2026-09-24 19:00:00,R101,21.7,2,0,1,1,0.439,0.439,NORMAL
2026-09-24 19:00:00,R102,21.7,2,0,1,1,0.5,0.5,NORMAL
2026-09-24 19:00:00,R103,21.7,2,0,1,1,0.546,0.546,NORMAL
2026-09-24 19:00:00,R104,21.7,1,0,1,1,0.396,0.396,NORMAL
2026-09-24 19:00:00,R105,21.7,2,0,1,1,0.499,0.499,NORMAL
2026-09-24 19:00:00,R106,21.7,2,0,1,1,0.486,0.486,NORMAL
2026-09-24 19:00:00,R107,21.7,1,0,1,1,0.387,0.387,NORMAL
2026-09-24 19:00:00,R108,21.7,1,0,1,1,0.363,0.363,NORMAL
2026-09-24 19:00:00,R109,21.7,1,0,1,1,0.407,0.407,NORMAL
2026-09-24 19:00:00,R110,21.7,1,0,1,1,0.411,0.411,NORMAL
2026-09-24 19:00:00,R111,21.7,1,0,1,1,0.332,0.332,NORMAL
2026-09-24 19:00:00,R112,21.7,2,0,1,1,0.396,0.396,NORMAL
2026-09-24 19:00:00,R113,21.7,1,0,1,1,0.392,0.392,NORMAL
2026-09-24 19:00:00,R114,21.7,2,0,1,1,0.506,0.506,NORMAL
2026-09-24 19:00:00,R115,21.7,0,1,1,1,1.733,1.733,AC_WASTE
2026-09-24 19:00:00,R116,21.7,2,0,1,1,0.424,0.424,NORMAL
2026-09-24 19:00:00,R117,21.7,2,0,1,1,0.537,0.537,NORMAL
2026-09-24 19:00:00,R118,21.7,1,0,1,1,0.329,0.329,NORMAL
2026-09-24 19:00:00,R119,21.7,2,0,1,1,0.602,0.602,NORMAL
2026-09-24 19:00:00,R120,21.7,1,0,1,1,0.37,0.37,NORMAL
2026-09-24 20:00:00,R101,21.73,0,0,1,1,0.15,0.15,NORMAL
2026-09-24 20:00:00,R102,21.73,2,0,1,1,0.622,0.622,NORMAL
2026-09-24 20:00:00,R103,21.73,1,0,1,1,0.405,0.405,NORMAL
2026-09-24 20:00:00,R104,21.73,0,0,1,1,0.15,0.15,NORMAL
2026-09-24 20:00:00,R105,21.73,1,0,1,1,0.345,0.345,NORMAL
2026-09-24 20:00:00,R106,21.73,2,0,1,1,0.422,0.422,NORMAL
2026-09-24 20:00:00,R107,21.73,2,0,1,1,0.609,0.609,NORMAL
2026-09-24 20:00:00,R108,21.73,2,0,1,1,0.53,0.53,NORMAL
2026-09-24 20:00:00,R109,21.73,1,0,1,1,0.383,0.383,NORMAL
2026-09-24 20:00:00,R110,21.73,1,0,1,1,0.411,0.411,NORMAL
2026-09-24 20:00:00,R111,21.73,1,0,1,1,0.41,0.41,NORMAL
2026-09-24 20:00:00,R112,21.73,1,0,1,1,0.4,0.4,NORMAL
2026-09-24 20:00:00,R113,21.73,2,0,1,1,0.505,0.505,NORMAL
2026-09-24 20:00:00,R114,21.73,1,0,1,1,0.321,0.321,NORMAL
2026-09-24 20:00:00,R115,21.73,2,0,1,1,0.602,0.602,NORMAL
2026-09-24 20:00:00,R116,21.73,0,1,1,1,1.53,1.53,AC_WASTE
2026-09-24 20:00:00,R117,21.73,0,0,1,1,0.15,0.15,NORMAL
2026-09-24 20:00:00,R118,21.73,2,0,1,1,0.481,0.481,NORMAL
2026-09-24 20:00:00,R119,21.73,1,0,1,1,0.38,0.38,NORMAL
2026-09-24 20:00:00,R120,21.73,2,0,1,1,0.381,0.381,NORMAL
2026-09-24 21:00:00,R101,20.0,2,0,1,1,0.348,0.348,NORMAL
2026-09-24 21:00:00,R102,20.0,2,0,1,1,0.561,0.561,NORMAL
2026-09-24 21:00:00,R103,20.0,2,0,1,1,0.435,0.435,NORMAL
2026-09-24 21:00:00,R104,20.0,2,0,1,1,0.372,0.372,NORMAL
2026-09-24 21:00:00,R105,20.0,2,0,1,1,0.385,0.385,NORMAL
2026-09-24 21:00:00,R106,20.0,1,0,1,1,0.389,0.389,NORMAL
2026-09-24 21:00:00,R107,20.0,2,0,1,1,0.419,0.419,NORMAL
2026-09-24 21:00:00,R108,20.0,1,0,1,1,0.392,0.392,NORMAL
2026-09-24 21:00:00,R109,20.0,2,0,1,1,0.542,0.542,NORMAL
2026-09-24 21:00:00,R110,20.0,2,0,1,1,0.585,0.585,NORMAL
2026-09-24 21:00:00,R111,20.0,1,0,1,1,0.31,0.31,NORMAL
2026-09-24 21:00:00,R112,20.0,0,1,1,1,1.304,1.304,AC_WASTE
2026-09-24 21:00:00,R113,20.0,1,0,1,1,0.432,0.432,NORMAL
2026-09-24 21:00:00,R114,20.0,2,0,1,1,0.44,0.44,NORMAL
2026-09-24 21:00:00,R115,20.0,1,0,1,1,0.36,0.36,NORMAL
2026-09-24 21:00:00,R116,20.0,2,0,1,1,0.517,0.517,NORMAL
2026-09-24 21:00:00,R117,20.0,2,0,1,1,0.522,0.522,NORMAL
2026-09-24 21:00:00,R118,20.0,1,0,1,1,0.334,0.334,NORMAL
2026-09-24 21:00:00,R119,20.0,1,0,1,1,0.369,0.369,NORMAL
2026-09-24 21:00:00,R120,20.0,2,0,1,1,0.538,0.538,NORMAL
2026-09-24 22:00:00,R101,21.13,1,0,1,1,0.409,0.409,NORMAL
2026-09-24 22:00:00,R102,21.13,2,0,1,1,0.48,0.48,NORMAL
2026-09-24 22:00:00,R103,21.13,1,0,1,1,0.315,0.315,NORMAL
2026-09-24 22:00:00,R104,21.13,2,0,1,1,0.458,0.458,NORMAL
2026-09-24 22:00:00,R105,21.13,1,0,1,1,0.332,0.332,NORMAL
2026-09-24 22:00:00,R106,21.13,1,0,1,1,0.374,0.374,NORMAL
2026-09-24 22:00:00,R107,21.13,2,0,1,1,0.5,0.5,NORMAL
2026-09-24 22:00:00,R108,21.13,2,0,1,1,0.483,0.483,NORMAL
2026-09-24 22:00:00,R109,21.13,2,0,1,1,0.476,0.476,NORMAL
2026-09-24 22:00:00,R110,21.13,2,0,1,1,0.47,0.47,NORMAL
2026-09-24 22:00:00,R111,21.13,1,0,1,1,0.393,0.393,NORMAL
2026-09-24 22:00:00,R112,21.13,1,0,1,1,0.398,0.398,NORMAL
2026-09-24 22:00:00,R113,21.13,0,0,1,1,0.15,0.15,NORMAL
2026-09-24 22:00:00,R114,21.13,1,0,1,1,0.368,0.368,NORMAL
2026-09-24 22:00:00,R115,21.13,2,0,1,1,0.543,0.543,NORMAL
2026-09-24 22:00:00,R116,21.13,2,0,1,1,0.536,0.536,NORMAL
2026-09-24 22:00:00,R117,21.13,1,0,1,1,0.363,0.363,NORMAL
2026-09-24 22:00:00,R118,21.13,1,0,1,1,0.367,0.367,NORMAL
2026-09-24 22:00:00,R119,21.13,1,0,1,1,0.358,0.358,NORMAL
2026-09-24 22:00:00,R120,21.13,0,0,1,1,0.15,0.15,NORMAL
2026-09-24 23:00:00,R101,18.76,1,0,1,0,0.42,0.42,NORMAL
2026-09-24 23:00:00,R102,18.76,0,0,1,0,0.15,0.15,NORMAL
2026-09-24 23:00:00,R103,18.76,0,0,1,0,0.15,0.15,NORMAL
2026-09-24 23:00:00,R104,18.76,0,0,1,0,0.15,0.15,NORMAL
2026-09-24 23:00:00,R105,18.76,0,0,1,0,0.15,0.15,NORMAL
2026-09-24 23:00:00,R106,18.76,1,0,1,0,0.377,0.377,NORMAL
2026-09-24 23:00:00,R107,18.76,0,0,1,0,0.15,0.15,NORMAL
2026-09-24 23:00:00,R108,18.76,1,0,1,0,0.4,0.4,NORMAL
2026-09-24 23:00:00,R109,18.76,0,0,1,0,0.15,0.15,NORMAL
2026-09-24 23:00:00,R110,18.76,1,0,1,0,0.339,0.339,NORMAL
2026-09-24 23:00:00,R111,18.76,0,0,1,0,0.15,0.15,NORMAL
2026-09-24 23:00:00,R112,18.76,0,0,1,0,0.15,0.15,NORMAL
2026-09-24 23:00:00,R113,18.76,0,0,1,0,0.15,0.15,NORMAL
2026-09-24 23:00:00,R114,18.76,0,0,1,0,0.15,0.15,NORMAL
2026-09-24 23:00:00,R115,18.76,0,0,1,0,0.15,0.15,NORMAL
2026-09-24 23:00:00,R116,18.76,0,0,1,0,0.15,0.15,NORMAL
2026-09-24 23:00:00,R117,18.76,0,0,1,0,0.15,0.15,NORMAL
2026-09-24 23:00:00,R118,18.76,0,0,1,0,0.15,0.15,NORMAL
2026-09-24 23:00:00,R119,18.76,0,0,1,0,0.15,0.15,NORMAL
2026-09-24 23:00:00,R120,18.76,0,0,1,0,0.15,0.15,NORMAL
2026-09-25 00:00:00,R101,18.21,0,0,1,0,0.15,0.15,NORMAL
2026-09-25 00:00:00,R102,18.21,0,0,1,0,0.15,0.15,NORMAL
2026-09-25 00:00:00,R103,18.21,0,0,1,0,0.15,0.15,NORMAL
2026-09-25 00:00:00,R104,18.21,0,0,1,0,0.15,0.15,NORMAL
2026-09-25 00:00:00,R105,18.21,0,0,1,0,0.15,0.15,NORMAL
2026-09-25 00:00:00,R106,18.21,0,0,1,0,0.15,0.15,NORMAL
2026-09-25 00:00:00,R107,18.21,0,0,1,0,0.15,0.15,NORMAL
2026-09-25 00:00:00,R108,18.21,0,0,1,0,0.15,0.15,NORMAL
2026-09-25 00:00:00,R109,18.21,0,0,1,0,0.15,0.15,NORMAL
2026-09-25 00:00:00,R110,18.21,0,0,1,0,0.15,0.15,NORMAL
2026-09-25 00:00:00,R111,18.21,0,0,1,0,0.15,0.15,NORMAL
2026-09-25 00:00:00,R112,18.21,0,0,1,0,0.15,0.15,NORMAL
2026-09-25 00:00:00,R113,18.21,0,0,1,0,0.15,0.15,NORMAL
2026-09-25 00:00:00,R114,18.21,0,0,1,0,0.15,0.15,NORMAL
2026-09-25 00:00:00,R115,18.21,1,0,1,0,0.39,0.39,NORMAL
2026-09-25 00:00:00,R116,18.21,1,0,1,0,0.379,0.379,NORMAL
2026-09-25 00:00:00,R117,18.21,0,0,1,0,0.15,0.15,NORMAL
2026-09-25 00:00:00,R118,18.21,0,0,1,0,0.15,0.15,NORMAL
2026-09-25 00:00:00,R119,18.21,0,0,1,0,0.15,0.15,NORMAL
2026-09-25 00:00:00,R120,18.21,0,0,1,0,0.15,0.15,NORMAL
2026-09-25 01:00:00,R101,20.14,0,0,1,0,0.15,0.15,NORMAL
2026-09-25 01:00:00,R102,20.14,1,0,1,0,0.363,0.363,NORMAL
2026-09-25 01:00:00,R103,20.14,0,0,1,0,0.15,0.15,NORMAL
2026-09-25 01:00:00,R104,20.14,1,0,1,0,0.383,0.383,NORMAL
2026-09-25 01:00:00,R105,20.14,0,0,1,0,0.15,0.15,NORMAL
2026-09-25 01:00:00,R106,20.14,0,0,1,0,0.15,0.15,NORMAL
2026-09-25 01:00:00,R107,20.14,0,0,1,0,0.15,0.15,NORMAL
2026-09-25 01:00:00,R108,20.14,0,0,1,0,0.15,0.15,NORMAL
2026-09-25 01:00:00,R109,20.14,0,0,1,0,0.566,0.566,STANDBY_WASTE
2026-09-25 01:00:00,R110,20.14,0,0,1,0,0.15,0.15,NORMAL
2026-09-25 01:00:00,R111,20.14,0,0,1,0,0.15,0.15,NORMAL
2026-09-25 01:00:00,R112,20.14,1,0,1,0,0.288,0.288,NORMAL
2026-09-25 01:00:00,R113,20.14,0,0,1,0,0.15,0.15,NORMAL
2026-09-25 01:00:00,R114,20.14,0,0,1,0,0.15,0.15,NORMAL
2026-09-25 01:00:00,R115,20.14,0,0,1,0,0.15,0.15,NORMAL
2026-09-25 01:00:00,R116,20.14,0,0,1,0,0.15,0.15,NORMAL
2026-09-25 01:00:00,R117,20.14,0,0,1,0,0.15,0.15,NORMAL
2026-09-25 01:00:00,R118,20.14,0,0,1,0,0.15,0.15,NORMAL
2026-09-25 01:00:00,R119,20.14,0,0,1,0,0.15,0.15,NORMAL
2026-09-25 01:00:00,R120,20.14,0,0,1,0,0.15,0.15,NORMAL
2026-09-25 02:00:00,R101,21.14,0,0,1,0,0.15,0.15,NORMAL
2026-09-25 02:00:00,R102,21.14,0,0,1,0,0.15,0.15,NORMAL
2026-09-25 02:00:00,R103,21.14,0,0,1,0,0.15,0.15,NORMAL
2026-09-25 02:00:00,R104,21.14,0,0,1,0,0.15,0.15,NORMAL
2026-09-25 02:00:00,R105,21.14,0,0,1,0,0.15,0.15,NORMAL
2026-09-25 02:00:00,R106,21.14,0,0,1,0,0.15,0.15,NORMAL
2026-09-25 02:00:00,R107,21.14,0,0,1,0,0.15,0.15,NORMAL
2026-09-25 02:00:00,R108,21.14,0,0,1,0,0.15,0.15,NORMAL
2026-09-25 02:00:00,R109,21.14,0,0,1,0,0.15,0.15,NORMAL
2026-09-25 02:00:00,R110,21.14,0,0,1,0,0.15,0.15,NORMAL
2026-09-25 02:00:00,R111,21.14,0,0,1,0,0.15,0.15,NORMAL
2026-09-25 02:00:00,R112,21.14,0,0,1,0,0.15,0.15,NORMAL
2026-09-25 02:00:00,R113,21.14,0,0,1,0,0.15,0.15,NORMAL
2026-09-25 02:00:00,R114,21.14,0,0,1,0,0.15,0.15,NORMAL
2026-09-25 02:00:00,R115,21.14,0,0,1,0,0.15,0.15,NORMAL
2026-09-25 02:00:00,R116,21.14,0,0,1,0,0.15,0.15,NORMAL
2026-09-25 02:00:00,R117,21.14,1,0,1,0,0.304,0.304,NORMAL
2026-09-25 02:00:00,R118,21.14,0,1,1,0,1.347,1.347,AC_WASTE
2026-09-25 02:00:00,R119,21.14,0,0,1,0,0.15,0.15,NORMAL
2026-09-25 02:00:00,R120,21.14,0,0,1,0,0.15,0.15,NORMAL
2026-09-25 03:00:00,R101,22.71,1,0,1,0,0.383,0.383,NORMAL
2026-09-25 03:00:00,R102,22.71,0,0,1,0,0.15,0.15,NORMAL
2026-09-25 03:00:00,R103,22.71,0,0,1,0,0.15,0.15,NORMAL
2026-09-25 03:00:00,R104,22.71,0,0,1,0,0.15,0.15,NORMAL
2026-09-25 03:00:00,R105,22.71,0,0,1,0,0.15,0.15,NORMAL
2026-09-25 03:00:00,R106,22.71,0,0,1,0,0.15,0.15,NORMAL
2026-09-25 03:00:00,R107,22.71,0,0,1,0,0.15,0.15,NORMAL
2026-09-25 03:00:00,R108,22.71,0,0,1,0,0.15,0.15,NORMAL
2026-09-25 03:00:00,R109,22.71,0,0,1,0,0.15,0.15,NORMAL
2026-09-25 03:00:00,R110,22.71,0,0,1,0,0.15,0.15,NORMAL
2026-09-25 03:00:00,R111,22.71,0,0,1,0,0.15,0.15,NORMAL
2026-09-25 03:00:00,R112,22.71,0,0,1,0,0.15,0.15,NORMAL
2026-09-25 03:00:00,R113,22.71,0,0,1,0,0.15,0.15,NORMAL
2026-09-25 03:00:00,R114,22.71,0,0,1,0,0.15,0.15,NORMAL
2026-09-25 03:00:00,R115,22.71,0,0,1,0,0.15,0.15,NORMAL
2026-09-25 03:00:00,R116,22.71,0,0,1,0,0.15,0.15,NORMAL
2026-09-25 03:00:00,R117,22.71,0,0,1,0,0.15,0.15,NORMAL
2026-09-25 03:00:00,R118,22.71,1,0,1,0,0.366,0.366,NORMAL
2026-09-25 03:00:00,R119,22.71,0,0,1,0,0.15,0.15,NORMAL
2026-09-25 03:00:00,R120,22.71,0,0,1,0,0.15,0.15,NORMAL
2026-09-25 04:00:00,R101,24.32,1,0,1,0,0.447,0.447,NORMAL
2026-09-25 04:00:00,R102,24.32,0,0,1,0,0.15,0.15,NORMAL
2026-09-25 04:00:00,R103,24.32,1,0,1,0,0.379,0.379,NORMAL
2026-09-25 04:00:00,R104,24.32,0,0,1,0,0.15,0.15,NORMAL
2026-09-25 04:00:00,R105,24.32,0,0,1,0,0.15,0.15,NORMAL
2026-09-25 04:00:00,R106,24.32,0,0,1,0,0.15,0.15,NORMAL
2026-09-25 04:00:00,R107,24.32,0,0,1,0,0.15,0.15,NORMAL
2026-09-25 04:00:00,R108,24.32,0,0,1,0,0.15,0.15,NORMAL
2026-09-25 04:00:00,R109,24.32,0,0,1,0,0.15,0.15,NORMAL
2026-09-25 04:00:00,R110,24.32,0,0,1,0,0.15,0.15,NORMAL
2026-09-25 04:00:00,R111,24.32,0,0,1,0,0.15,0.15,NORMAL
2026-09-25 04:00:00,R112,24.32,1,0,1,0,0.394,0.394,NORMAL
2026-09-25 04:00:00,R113,24.32,0,0,1,0,0.15,0.15,NORMAL
2026-09-25 04:00:00,R114,24.32,0,0,1,0,0.898,0.898,STANDBY_WASTE
2026-09-25 04:00:00,R115,24.32,0,0,1,0,0.747,0.747,STANDBY_WASTE
2026-09-25 04:00:00,R116,24.32,0,0,1,0,0.15,0.15,NORMAL
2026-09-25 04:00:00,R117,24.32,1,0,1,0,0.328,0.328,NORMAL
2026-09-25 04:00:00,R118,24.32,0,0,1,0,0.15,0.15,NORMAL
2026-09-25 04:00:00,R119,24.32,0,0,1,0,0.15,0.15,NORMAL
2026-09-25 04:00:00,R120,24.32,1,0,1,0,0.427,0.427,NORMAL
2026-09-25 05:00:00,R101,26.32,0,0,1,0,0.15,0.15,NORMAL
2026-09-25 05:00:00,R102,26.32,0,0,1,0,0.15,0.15,NORMAL
2026-09-25 05:00:00,R103,26.32,0,0,1,0,0.15,0.15,NORMAL
2026-09-25 05:00:00,R104,26.32,0,0,1,0,0.15,0.15,NORMAL
2026-09-25 05:00:00,R105,26.32,0,0,1,0,0.15,0.15,NORMAL
2026-09-25 05:00:00,R106,26.32,0,0,1,0,0.15,0.15,NORMAL
2026-09-25 05:00:00,R107,26.32,0,0,1,0,0.15,0.15,NORMAL
2026-09-25 05:00:00,R108,26.32,1,0,1,0,0.459,0.459,NORMAL
2026-09-25 05:00:00,R109,26.32,0,0,1,0,0.15,0.15,NORMAL
2026-09-25 05:00:00,R110,26.32,0,0,1,0,0.15,0.15,NORMAL
2026-09-25 05:00:00,R111,26.32,0,0,1,0,0.15,0.15,NORMAL
2026-09-25 05:00:00,R112,26.32,0,0,1,0,0.15,0.15,NORMAL
2026-09-25 05:00:00,R113,26.32,0,0,1,0,0.15,0.15,NORMAL
2026-09-25 05:00:00,R114,26.32,0,0,1,0,0.15,0.15,NORMAL
2026-09-25 05:00:00,R115,26.32,1,0,1,0,0.394,0.394,NORMAL
2026-09-25 05:00:00,R116,26.32,0,0,1,0,0.15,0.15,NORMAL
2026-09-25 05:00:00,R117,26.32,0,0,1,0,0.15,0.15,NORMAL
2026-09-25 05:00:00,R118,26.32,0,0,1,0,0.15,0.15,NORMAL
2026-09-25 05:00:00,R119,26.32,0,0,1,0,0.15,0.15,NORMAL
2026-09-25 05:00:00,R120,26.32,0,0,1,0,0.15,0.15,NORMAL
2026-09-25 06:00:00,R101,27.59,1,0,0,1,0.269,0.269,NORMAL
2026-09-25 06:00:00,R102,27.59,1,0,0,1,0.276,0.276,NORMAL
2026-09-25 06:00:00,R103,27.59,2,0,0,1,0.416,0.416,NORMAL
2026-09-25 06:00:00,R104,27.59,2,0,0,1,0.439,0.439,NORMAL
2026-09-25 06:00:00,R105,27.59,1,0,0,1,0.212,0.212,NORMAL
2026-09-25 06:00:00,R106,27.59,1,0,0,1,0.202,0.202,NORMAL
2026-09-25 06:00:00,R107,27.59,0,0,0,1,0.15,0.15,NORMAL
2026-09-25 06:00:00,R108,27.59,1,0,0,1,0.23,0.23,NORMAL
2026-09-25 06:00:00,R109,27.59,2,0,0,1,0.278,0.278,NORMAL
2026-09-25 06:00:00,R110,27.59,0,0,0,1,0.15,0.15,NORMAL
2026-09-25 06:00:00,R111,27.59,2,0,0,1,0.442,0.442,NORMAL
2026-09-25 06:00:00,R112,27.59,2,0,0,1,0.344,0.344,NORMAL
2026-09-25 06:00:00,R113,27.59,2,0,0,1,0.269,0.269,NORMAL
2026-09-25 06:00:00,R114,27.59,1,0,0,1,0.227,0.227,NORMAL
2026-09-25 06:00:00,R115,27.59,0,0,0,1,0.15,0.15,NORMAL
2026-09-25 06:00:00,R116,27.59,1,0,0,1,0.265,0.265,NORMAL
2026-09-25 06:00:00,R117,27.59,2,0,0,1,0.402,0.402,NORMAL
2026-09-25 06:00:00,R118,27.59,1,0,0,1,0.281,0.281,NORMAL
2026-09-25 06:00:00,R119,27.59,1,0,0,1,0.274,0.274,NORMAL
2026-09-25 06:00:00,R120,27.59,1,0,0,1,0.267,0.267,NORMAL
2026-09-25 07:00:00,R101,29.26,1,1,0,1,1.666,1.666,NORMAL
2026-09-25 07:00:00,R102,29.26,1,1,0,1,2.036,2.036,NORMAL
2026-09-25 07:00:00,R103,29.26,2,1,0,1,1.776,1.776,NORMAL
2026-09-25 07:00:00,R104,29.26,1,1,0,1,1.792,1.792,NORMAL
2026-09-25 07:00:00,R105,29.26,1,1,0,1,1.982,1.982,NORMAL
2026-09-25 07:00:00,R106,29.26,1,1,0,1,1.842,1.842,NORMAL
2026-09-25 07:00:00,R107,29.26,2,1,0,1,1.682,1.682,NORMAL
2026-09-25 07:00:00,R108,29.26,1,1,0,1,1.956,1.956,NORMAL
2026-09-25 07:00:00,R109,29.26,0,0,0,1,0.15,0.15,NORMAL
2026-09-25 07:00:00,R110,29.26,0,0,0,1,0.15,0.15,NORMAL
2026-09-25 07:00:00,R111,29.26,1,1,0,1,1.753,1.753,NORMAL
2026-09-25 07:00:00,R112,29.26,1,1,0,1,2.062,2.062,NORMAL
2026-09-25 07:00:00,R113,29.26,1,1,0,1,1.933,1.933,NORMAL
2026-09-25 07:00:00,R114,29.26,1,1,0,1,1.464,1.464,NORMAL
2026-09-25 07:00:00,R115,29.26,0,0,0,1,0.15,0.15,NORMAL
2026-09-25 07:00:00,R116,29.26,0,0,0,1,0.15,0.15,NORMAL
2026-09-25 07:00:00,R117,29.26,1,1,0,1,1.599,1.599,NORMAL
2026-09-25 07:00:00,R118,29.26,1,1,0,1,1.561,1.561,NORMAL
2026-09-25 07:00:00,R119,29.26,0,0,0,1,0.15,0.15,NORMAL
2026-09-25 07:00:00,R120,29.26,1,1,0,1,1.816,1.816,NORMAL
2026-09-25 08:00:00,R101,31.98,0,0,0,1,0.15,0.15,NORMAL
2026-09-25 08:00:00,R102,31.98,0,0,0,1,0.15,0.15,NORMAL
2026-09-25 08:00:00,R103,31.98,0,0,0,1,0.15,0.15,NORMAL
2026-09-25 08:00:00,R104,31.98,2,1,0,1,1.964,1.964,NORMAL
2026-09-25 08:00:00,R105,31.98,1,1,0,1,1.864,1.864,NORMAL
2026-09-25 08:00:00,R106,31.98,2,1,0,1,1.844,1.844,NORMAL
2026-09-25 08:00:00,R107,31.98,2,1,0,1,1.935,1.935,NORMAL
2026-09-25 08:00:00,R108,31.98,2,1,0,1,1.76,1.76,NORMAL
2026-09-25 08:00:00,R109,31.98,1,1,0,1,2.007,2.007,NORMAL
2026-09-25 08:00:00,R110,31.98,1,1,0,1,1.762,1.762,NORMAL
2026-09-25 08:00:00,R111,31.98,2,1,0,1,1.952,1.952,NORMAL
2026-09-25 08:00:00,R112,31.98,2,1,0,1,1.652,1.652,NORMAL
2026-09-25 08:00:00,R113,31.98,1,1,0,1,1.832,1.832,NORMAL
2026-09-25 08:00:00,R114,31.98,1,1,0,1,1.996,1.996,NORMAL
2026-09-25 08:00:00,R115,31.98,2,1,0,1,2.091,2.091,NORMAL
2026-09-25 08:00:00,R116,31.98,2,1,0,1,2.021,2.021,NORMAL
2026-09-25 08:00:00,R117,31.98,2,1,0,1,1.72,1.72,NORMAL
2026-09-25 08:00:00,R118,31.98,1,1,0,1,1.644,1.644,NORMAL
2026-09-25 08:00:00,R119,31.98,0,0,0,1,0.15,0.15,NORMAL
2026-09-25 08:00:00,R120,31.98,1,1,0,1,1.449,1.449,NORMAL
2026-09-25 09:00:00,R101,31.41,1,1,0,1,1.433,1.433,NORMAL
2026-09-25 09:00:00,R102,31.41,0,0,0,1,0.15,0.15,NORMAL
2026-09-25 09:00:00,R103,31.41,0,1,0,1,1.595,1.595,AC_WASTE
2026-09-25 09:00:00,R104,31.41,2,1,0,1,1.69,1.69,NORMAL
2026-09-25 09:00:00,R105,31.41,1,1,0,1,1.976,1.976,NORMAL
2026-09-25 09:00:00,R106,31.41,0,0,0,1,0.15,0.15,NORMAL
2026-09-25 09:00:00,R107,31.41,0,0,0,1,0.15,0.15,NORMAL
2026-09-25 09:00:00,R108,31.41,0,0,0,1,0.15,0.15,NORMAL
2026-09-25 09:00:00,R109,31.41,0,0,0,1,0.15,0.15,NORMAL
2026-09-25 09:00:00,R110,31.41,2,1,0,1,1.52,1.52,NORMAL
2026-09-25 09:00:00,R111,31.41,1,1,0,1,1.795,1.795,NORMAL
2026-09-25 09:00:00,R112,31.41,0,0,0,1,0.15,0.15,NORMAL
2026-09-25 09:00:00,R113,31.41,0,0,0,1,0.15,0.15,NORMAL
2026-09-25 09:00:00,R114,31.41,0,0,0,1,0.15,0.15,NORMAL
2026-09-25 09:00:00,R115,31.41,1,1,0,1,1.902,1.902,NORMAL
2026-09-25 09:00:00,R116,31.41,0,0,0,1,0.15,0.15,NORMAL
2026-09-25 09:00:00,R117,31.41,0,0,0,1,0.15,0.15,NORMAL
2026-09-25 09:00:00,R118,31.41,0,0,0,1,0.15,0.15,NORMAL
2026-09-25 09:00:00,R119,31.41,0,0,0,1,0.15,0.15,NORMAL
2026-09-25 09:00:00,R120,31.41,1,1,0,1,1.798,1.798,NORMAL
2026-09-25 10:00:00,R101,32.36,1,1,0,1,1.855,1.855,NORMAL
2026-09-25 10:00:00,R102,32.36,0,0,0,1,0.15,0.15,NORMAL
2026-09-25 10:00:00,R103,32.36,0,1,0,1,1.329,1.329,AC_WASTE
2026-09-25 10:00:00,R104,32.36,0,0,0,1,0.15,0.15,NORMAL
2026-09-25 10:00:00,R105,32.36,0,0,0,1,0.15,0.15,NORMAL
2026-09-25 10:00:00,R106,32.36,0,0,0,1,0.15,0.15,NORMAL
2026-09-25 10:00:00,R107,32.36,0,0,0,1,0.15,0.15,NORMAL
2026-09-25 10:00:00,R108,32.36,0,0,0,1,0.15,0.15,NORMAL
2026-09-25 10:00:00,R109,32.36,0,0,0,1,0.15,0.15,NORMAL
2026-09-25 10:00:00,R110,32.36,2,1,0,1,1.718,1.718,NORMAL
2026-09-25 10:00:00,R111,32.36,1,1,0,1,1.635,1.635,NORMAL
2026-09-25 10:00:00,R112,32.36,0,0,0,1,0.15,0.15,NORMAL
2026-09-25 10:00:00,R113,32.36,0,0,0,1,0.15,0.15,NORMAL
2026-09-25 10:00:00,R114,32.36,1,1,0,1,1.652,1.652,NORMAL
2026-09-25 10:00:00,R115,32.36,0,0,0,1,0.15,0.15,NORMAL
2026-09-25 10:00:00,R116,32.36,2,1,0,1,1.664,1.664,NORMAL
2026-09-25 10:00:00,R117,32.36,0,0,0,1,0.15,0.15,NORMAL
2026-09-25 10:00:00,R118,32.36,0,0,0,1,0.15,0.15,NORMAL
2026-09-25 10:00:00,R119,32.36,2,1,0,1,2.156,2.156,NORMAL
2026-09-25 10:00:00,R120,32.36,0,0,0,1,0.15,0.15,NORMAL
2026-09-25 11:00:00,R101,33.49,0,0,0,1,0.15,0.15,NORMAL
2026-09-25 11:00:00,R102,33.49,0,1,0,1,1.736,1.736,AC_WASTE
2026-09-25 11:00:00,R103,33.49,0,0,0,1,0.15,0.15,NORMAL
2026-09-25 11:00:00,R104,33.49,1,1,0,1,1.948,1.948,NORMAL
2026-09-25 11:00:00,R105,33.49,0,0,0,1,0.15,0.15,NORMAL
2026-09-25 11:00:00,R106,33.49,1,1,0,1,1.744,1.744,NORMAL
2026-09-25 11:00:00,R107,33.49,0,0,0,1,0.15,0.15,NORMAL
2026-09-25 11:00:00,R108,33.49,0,0,0,1,0.15,0.15,NORMAL
2026-09-25 11:00:00,R109,33.49,2,1,0,1,1.608,1.608,NORMAL
2026-09-25 11:00:00,R110,33.49,0,0,0,1,0.15,0.15,NORMAL
2026-09-25 11:00:00,R111,33.49,0,0,0,1,0.15,0.15,NORMAL
2026-09-25 11:00:00,R112,33.49,1,1,0,1,1.985,1.985,NORMAL
2026-09-25 11:00:00,R113,33.49,0,0,0,1,0.15,0.15,NORMAL
2026-09-25 11:00:00,R114,33.49,0,0,0,1,0.15,0.15,NORMAL
2026-09-25 11:00:00,R115,33.49,1,1,0,1,1.982,1.982,NORMAL
2026-09-25 11:00:00,R116,33.49,0,0,0,1,0.15,0.15,NORMAL
2026-09-25 11:00:00,R117,33.49,1,1,0,1,1.606,1.606,NORMAL
2026-09-25 11:00:00,R118,33.49,0,0,0,1,0.15,0.15,NORMAL
2026-09-25 11:00:00,R119,33.49,1,1,0,1,1.547,1.547,NORMAL
2026-09-25 11:00:00,R120,33.49,1,1,0,1,1.611,1.611,NORMAL
2026-09-25 12:00:00,R101,33.37,1,1,0,1,1.684,1.684,NORMAL
2026-09-25 12:00:00,R102,33.37,2,1,0,1,1.596,1.596,NORMAL
2026-09-25 12:00:00,R103,33.37,2,1,0,1,2.074,2.074,NORMAL
2026-09-25 12:00:00,R104,33.37,1,1,0,1,1.988,1.988,NORMAL
2026-09-25 12:00:00,R105,33.37,0,0,0,1,0.15,0.15,NORMAL
2026-09-25 12:00:00,R106,33.37,0,0,0,1,0.15,0.15,NORMAL
2026-09-25 12:00:00,R107,33.37,2,1,0,1,1.898,1.898,NORMAL
2026-09-25 12:00:00,R108,33.37,2,1,0,1,2.158,2.158,NORMAL
2026-09-25 12:00:00,R109,33.37,0,0,0,1,0.15,0.15,NORMAL
2026-09-25 12:00:00,R110,33.37,0,0,0,1,0.15,0.15,NORMAL
2026-09-25 12:00:00,R111,33.37,0,0,0,1,0.15,0.15,NORMAL
2026-09-25 12:00:00,R112,33.37,1,1,0,1,1.464,1.464,NORMAL
2026-09-25 12:00:00,R113,33.37,0,0,0,1,0.15,0.15,NORMAL
2026-09-25 12:00:00,R114,33.37,1,1,0,1,1.982,1.982,NORMAL
2026-09-25 12:00:00,R115,33.37,1,1,0,1,1.968,1.968,NORMAL
2026-09-25 12:00:00,R116,33.37,1,1,0,1,1.594,1.594,NORMAL
2026-09-25 12:00:00,R117,33.37,1,1,0,1,1.903,1.903,NORMAL
2026-09-25 12:00:00,R118,33.37,0,0,0,1,0.15,0.15,NORMAL
2026-09-25 12:00:00,R119,33.37,2,1,0,1,1.659,1.659,NORMAL
2026-09-25 12:00:00,R120,33.37,0,0,0,1,0.15,0.15,NORMAL
2026-09-25 13:00:00,R101,35.12,1,1,0,1,1.633,1.633,NORMAL
2026-09-25 13:00:00,R102,35.12,0,0,0,1,0.15,0.15,NORMAL
2026-09-25 13:00:00,R103,35.12,1,1,0,1,1.639,1.639,NORMAL
2026-09-25 13:00:00,R104,35.12,0,0,0,1,0.15,0.15,NORMAL
2026-09-25 13:00:00,R105,35.12,0,0,0,1,0.15,0.15,NORMAL
2026-09-25 13:00:00,R106,35.12,0,0,0,1,0.15,0.15,NORMAL
2026-09-25 13:00:00,R107,35.12,0,0,0,1,0.15,0.15,NORMAL
2026-09-25 13:00:00,R108,35.12,1,1,0,1,1.583,1.583,NORMAL
2026-09-25 13:00:00,R109,35.12,0,0,0,1,0.15,0.15,NORMAL
2026-09-25 13:00:00,R110,35.12,1,1,0,1,1.775,1.775,NORMAL
2026-09-25 13:00:00,R111,35.12,0,0,0,1,0.15,0.15,NORMAL
2026-09-25 13:00:00,R112,35.12,0,0,0,1,0.15,0.15,NORMAL
2026-09-25 13:00:00,R113,35.12,1,1,0,1,1.64,1.64,NORMAL
2026-09-25 13:00:00,R114,35.12,1,1,0,1,1.609,1.609,NORMAL
2026-09-25 13:00:00,R115,35.12,0,0,0,1,0.15,0.15,NORMAL
2026-09-25 13:00:00,R116,35.12,1,1,0,1,2.078,2.078,NORMAL
2026-09-25 13:00:00,R117,35.12,1,1,0,1,1.878,1.878,NORMAL
2026-09-25 13:00:00,R118,35.12,0,0,0,1,0.15,0.15,NORMAL
2026-09-25 13:00:00,R119,35.12,1,1,0,1,1.979,1.979,NORMAL
2026-09-25 13:00:00,R120,35.12,0,0,0,1,0.15,0.15,NORMAL
2026-09-25 14:00:00,R101,33.03,1,1,0,1,1.996,1.996,NORMAL
2026-09-25 14:00:00,R102,33.03,2,1,0,1,1.725,1.725,NORMAL
2026-09-25 14:00:00,R103,33.03,0,0,0,1,0.15,0.15,NORMAL
2026-09-25 14:00:00,R104,33.03,0,0,0,1,0.15,0.15,NORMAL
2026-09-25 14:00:00,R105,33.03,0,0,0,1,0.15,0.15,NORMAL
2026-09-25 14:00:00,R106,33.03,0,0,0,1,0.15,0.15,NORMAL
2026-09-25 14:00:00,R107,33.03,0,0,0,1,0.15,0.15,NORMAL
2026-09-25 14:00:00,R108,33.03,0,0,0,1,0.15,0.15,NORMAL
2026-09-25 14:00:00,R109,33.03,0,0,0,1,0.15,0.15,NORMAL
2026-09-25 14:00:00,R110,33.03,1,1,0,1,1.583,1.583,NORMAL
2026-09-25 14:00:00,R111,33.03,0,0,0,1,0.15,0.15,NORMAL
2026-09-25 14:00:00,R112,33.03,0,0,0,1,0.15,0.15,NORMAL
2026-09-25 14:00:00,R113,33.03,0,0,0,1,0.15,0.15,NORMAL
2026-09-25 14:00:00,R114,33.03,0,0,0,1,0.15,0.15,NORMAL
2026-09-25 14:00:00,R115,33.03,2,1,0,1,1.691,1.691,NORMAL
2026-09-25 14:00:00,R116,33.03,1,1,0,1,1.879,1.879,NORMAL
2026-09-25 14:00:00,R117,33.03,0,0,0,1,0.15,0.15,NORMAL
2026-09-25 14:00:00,R118,33.03,2,1,0,1,2.018,2.018,NORMAL
2026-09-25 14:00:00,R119,33.03,2,1,0,1,1.607,1.607,NORMAL
2026-09-25 14:00:00,R120,33.03,1,1,0,1,1.583,1.583,NORMAL
2026-09-25 15:00:00,R101,31.46,0,0,0,1,0.15,0.15,NORMAL
2026-09-25 15:00:00,R102,31.46,0,0,0,1,0.15,0.15,NORMAL
2026-09-25 15:00:00,R103,31.46,0,0,0,1,0.15,0.15,NORMAL
2026-09-25 15:00:00,R104,31.46,0,0,0,1,0.15,0.15,NORMAL
2026-09-25 15:00:00,R105,31.46,0,0,0,1,0.15,0.15,NORMAL
2026-09-25 15:00:00,R106,31.46,0,0,0,1,0.15,0.15,NORMAL
2026-09-25 15:00:00,R107,31.46,1,1,0,1,1.651,1.651,NORMAL
2026-09-25 15:00:00,R108,31.46,2,1,0,1,1.724,1.724,NORMAL
2026-09-25 15:00:00,R109,31.46,0,0,0,1,0.15,0.15,NORMAL
2026-09-25 15:00:00,R110,31.46,1,1,0,1,1.708,1.708,NORMAL
2026-09-25 15:00:00,R111,31.46,0,0,0,1,0.15,0.15,NORMAL
2026-09-25 15:00:00,R112,31.46,2,1,0,1,1.781,1.781,NORMAL
2026-09-25 15:00:00,R113,31.46,0,0,0,1,0.15,0.15,NORMAL
2026-09-25 15:00:00,R114,31.46,1,1,0,1,1.566,1.566,NORMAL
2026-09-25 15:00:00,R115,31.46,0,0,0,1,0.15,0.15,NORMAL
2026-09-25 15:00:00,R116,31.46,2,1,0,1,2.118,2.118,NORMAL
2026-09-25 15:00:00,R117,31.46,0,0,0,1,0.15,0.15,NORMAL
2026-09-25 15:00:00,R118,31.46,1,1,0,1,1.951,1.951,NORMAL
2026-09-25 15:00:00,R119,31.46,0,0,0,1,0.15,0.15,NORMAL
2026-09-25 15:00:00,R120,31.46,2,1,0,1,1.787,1.787,NORMAL
2026-09-25 16:00:00,R101,30.68,1,1,0,1,1.967,1.967,NORMAL
2026-09-25 16:00:00,R102,30.68,0,1,0,1,1.408,1.408,AC_WASTE
2026-09-25 16:00:00,R103,30.68,0,0,0,1,0.15,0.15,NORMAL
2026-09-25 16:00:00,R104,30.68,0,0,0,1,0.15,0.15,NORMAL
2026-09-25 16:00:00,R105,30.68,0,0,0,1,0.15,0.15,NORMAL
2026-09-25 16:00:00,R106,30.68,0,0,0,1,0.15,0.15,NORMAL
2026-09-25 16:00:00,R107,30.68,1,1,0,1,1.732,1.732,NORMAL
2026-09-25 16:00:00,R108,30.68,0,0,0,1,0.15,0.15,NORMAL
2026-09-25 16:00:00,R109,30.68,0,0,0,1,0.934,0.934,STANDBY_WASTE
2026-09-25 16:00:00,R110,30.68,0,0,0,1,0.15,0.15,NORMAL
2026-09-25 16:00:00,R111,30.68,0,0,0,1,0.15,0.15,NORMAL
2026-09-25 16:00:00,R112,30.68,0,0,0,1,0.15,0.15,NORMAL
2026-09-25 16:00:00,R113,30.68,0,0,0,1,0.15,0.15,NORMAL
2026-09-25 16:00:00,R114,30.68,0,0,0,1,0.15,0.15,NORMAL
2026-09-25 16:00:00,R115,30.68,0,0,0,1,0.15,0.15,NORMAL
2026-09-25 16:00:00,R116,30.68,0,0,0,1,0.15,0.15,NORMAL
2026-09-25 16:00:00,R117,30.68,1,1,0,1,1.757,1.757,NORMAL
2026-09-25 16:00:00,R118,30.68,0,0,0,1,0.15,0.15,NORMAL
2026-09-25 16:00:00,R119,30.68,1,1,0,1,1.817,1.817,NORMAL
2026-09-25 16:00:00,R120,30.68,0,0,0,1,0.15,0.15,NORMAL
2026-09-25 17:00:00,R101,28.97,2,0,0,1,0.396,0.396,NORMAL
2026-09-25 17:00:00,R102,28.97,2,0,0,1,0.254,0.254,NORMAL
2026-09-25 17:00:00,R103,28.97,2,0,0,1,0.343,0.343,NORMAL
2026-09-25 17:00:00,R104,28.97,2,0,0,1,0.301,0.301,NORMAL
2026-09-25 17:00:00,R105,28.97,2,0,0,1,0.309,0.309,NORMAL
2026-09-25 17:00:00,R106,28.97,2,0,0,1,0.388,0.388,NORMAL
2026-09-25 17:00:00,R107,28.97,1,0,0,1,0.229,0.229,NORMAL
2026-09-25 17:00:00,R108,28.97,2,0,0,1,0.304,0.304,NORMAL
2026-09-25 17:00:00,R109,28.97,1,0,0,1,0.236,0.236,NORMAL
2026-09-25 17:00:00,R110,28.97,1,0,0,1,0.285,0.285,NORMAL
2026-09-25 17:00:00,R111,28.97,1,0,0,1,0.269,0.269,NORMAL
2026-09-25 17:00:00,R112,28.97,1,0,0,1,0.239,0.239,NORMAL
2026-09-25 17:00:00,R113,28.97,1,0,0,1,0.206,0.206,NORMAL
2026-09-25 17:00:00,R114,28.97,2,0,0,1,0.819,0.819,STANDBY_WASTE
2026-09-25 17:00:00,R115,28.97,2,0,0,1,0.409,0.409,NORMAL
2026-09-25 17:00:00,R116,28.97,2,0,0,1,0.25,0.25,NORMAL
2026-09-25 17:00:00,R117,28.97,1,0,0,1,1.027,1.027,STANDBY_WASTE
2026-09-25 17:00:00,R118,28.97,0,0,0,1,0.15,0.15,NORMAL
2026-09-25 17:00:00,R119,28.97,2,0,0,1,0.407,0.407,NORMAL
2026-09-25 17:00:00,R120,28.97,1,0,0,1,0.258,0.258,NORMAL
2026-09-25 18:00:00,R101,25.65,2,0,1,1,0.554,0.554,NORMAL
2026-09-25 18:00:00,R102,25.65,0,0,1,1,0.15,0.15,NORMAL
2026-09-25 18:00:00,R103,25.65,1,0,1,1,0.368,0.368,NORMAL
2026-09-25 18:00:00,R104,25.65,0,0,1,1,0.15,0.15,NORMAL
2026-09-25 18:00:00,R105,25.65,1,0,1,1,0.375,0.375,NORMAL
2026-09-25 18:00:00,R106,25.65,1,0,1,1,0.372,0.372,NORMAL
2026-09-25 18:00:00,R107,25.65,1,0,1,1,0.36,0.36,NORMAL
2026-09-25 18:00:00,R108,25.65,0,0,1,1,0.15,0.15,NORMAL
2026-09-25 18:00:00,R109,25.65,1,0,1,1,0.429,0.429,NORMAL
2026-09-25 18:00:00,R110,25.65,1,0,1,1,0.319,0.319,NORMAL
2026-09-25 18:00:00,R111,25.65,1,0,1,1,0.444,0.444,NORMAL
2026-09-25 18:00:00,R112,25.65,1,0,1,1,0.387,0.387,NORMAL
2026-09-25 18:00:00,R113,25.65,1,0,1,1,0.354,0.354,NORMAL
2026-09-25 18:00:00,R114,25.65,2,0,1,1,0.496,0.496,NORMAL
2026-09-25 18:00:00,R115,25.65,2,0,1,1,0.422,0.422,NORMAL
2026-09-25 18:00:00,R116,25.65,1,0,1,1,0.34,0.34,NORMAL
2026-09-25 18:00:00,R117,25.65,1,0,1,1,0.351,0.351,NORMAL
2026-09-25 18:00:00,R118,25.65,0,0,1,1,0.15,0.15,NORMAL
2026-09-25 18:00:00,R119,25.65,1,0,1,1,0.439,0.439,NORMAL
2026-09-25 18:00:00,R120,25.65,1,0,1,1,0.349,0.349,NORMAL
2026-09-25 19:00:00,R101,26.34,1,0,1,1,0.412,0.412,NORMAL
2026-09-25 19:00:00,R102,26.34,2,0,1,1,0.485,0.485,NORMAL
2026-09-25 19:00:00,R103,26.34,0,0,1,1,0.15,0.15,NORMAL
2026-09-25 19:00:00,R104,26.34,1,0,1,1,0.361,0.361,NORMAL
2026-09-25 19:00:00,R105,26.34,1,0,1,1,0.392,0.392,NORMAL
2026-09-25 19:00:00,R106,26.34,0,1,1,1,1.505,1.505,AC_WASTE
2026-09-25 19:00:00,R107,26.34,1,0,1,1,0.387,0.387,NORMAL
2026-09-25 19:00:00,R108,26.34,2,0,1,1,0.551,0.551,NORMAL
2026-09-25 19:00:00,R109,26.34,2,0,1,1,0.47,0.47,NORMAL
2026-09-25 19:00:00,R110,26.34,0,0,1,1,0.15,0.15,NORMAL
2026-09-25 19:00:00,R111,26.34,1,0,1,1,0.334,0.334,NORMAL
2026-09-25 19:00:00,R112,26.34,0,0,1,1,0.15,0.15,NORMAL
2026-09-25 19:00:00,R113,26.34,2,0,1,1,0.507,0.507,NORMAL
2026-09-25 19:00:00,R114,26.34,2,0,1,1,0.522,0.522,NORMAL
2026-09-25 19:00:00,R115,26.34,2,0,1,1,0.598,0.598,NORMAL
2026-09-25 19:00:00,R116,26.34,2,0,1,1,0.489,0.489,NORMAL
2026-09-25 19:00:00,R117,26.34,1,0,1,1,0.394,0.394,NORMAL
2026-09-25 19:00:00,R118,26.34,1,0,1,1,0.407,0.407,NORMAL
2026-09-25 19:00:00,R119,26.34,2,0,1,1,0.37,0.37,NORMAL
2026-09-25 19:00:00,R120,26.34,2,0,1,1,0.445,0.445,NORMAL
2026-09-25 20:00:00,R101,21.24,1,0,1,1,0.414,0.414,NORMAL
2026-09-25 20:00:00,R102,21.24,1,0,1,1,0.406,0.406,NORMAL
2026-09-25 20:00:00,R103,21.24,1,0,1,1,0.45,0.45,NORMAL
2026-09-25 20:00:00,R104,21.24,1,0,1,1,0.373,0.373,NORMAL
2026-09-25 20:00:00,R105,21.24,0,0,1,1,0.15,0.15,NORMAL
2026-09-25 20:00:00,R106,21.24,1,0,1,1,0.389,0.389,NORMAL
2026-09-25 20:00:00,R107,21.24,1,0,1,1,0.386,0.386,NORMAL
2026-09-25 20:00:00,R108,21.24,1,0,1,1,0.468,0.468,NORMAL
2026-09-25 20:00:00,R109,21.24,1,0,1,1,0.427,0.427,NORMAL
2026-09-25 20:00:00,R110,21.24,1,0,1,1,0.402,0.402,NORMAL
2026-09-25 20:00:00,R111,21.24,1,0,1,1,0.446,0.446,NORMAL
2026-09-25 20:00:00,R112,21.24,2,0,1,1,0.445,0.445,NORMAL
2026-09-25 20:00:00,R113,21.24,2,0,1,1,0.498,0.498,NORMAL
2026-09-25 20:00:00,R114,21.24,1,0,1,1,0.411,0.411,NORMAL
2026-09-25 20:00:00,R115,21.24,2,0,1,1,0.363,0.363,NORMAL
2026-09-25 20:00:00,R116,21.24,2,0,1,1,0.626,0.626,NORMAL
2026-09-25 20:00:00,R117,21.24,1,0,1,1,0.37,0.37,NORMAL
2026-09-25 20:00:00,R118,21.24,0,0,1,1,0.15,0.15,NORMAL
2026-09-25 20:00:00,R119,21.24,0,0,1,1,0.15,0.15,NORMAL
2026-09-25 20:00:00,R120,21.24,2,0,1,1,0.518,0.518,NORMAL
2026-09-25 21:00:00,R101,19.33,0,0,1,1,0.15,0.15,NORMAL
2026-09-25 21:00:00,R102,19.33,1,0,1,1,0.401,0.401,NORMAL
2026-09-25 21:00:00,R103,19.33,1,0,1,1,0.425,0.425,NORMAL
2026-09-25 21:00:00,R104,19.33,1,0,1,1,0.428,0.428,NORMAL
2026-09-25 21:00:00,R105,19.33,1,0,1,1,0.345,0.345,NORMAL
2026-09-25 21:00:00,R106,19.33,2,0,1,1,0.564,0.564,NORMAL
2026-09-25 21:00:00,R107,19.33,1,0,1,1,0.302,0.302,NORMAL
2026-09-25 21:00:00,R108,19.33,1,0,1,1,0.388,0.388,NORMAL
2026-09-25 21:00:00,R109,19.33,0,0,1,1,0.15,0.15,NORMAL
2026-09-25 21:00:00,R110,19.33,2,0,1,1,0.49,0.49,NORMAL
2026-09-25 21:00:00,R111,19.33,2,0,1,1,0.519,0.519,NORMAL
2026-09-25 21:00:00,R112,19.33,2,0,1,1,0.51,0.51,NORMAL
2026-09-25 21:00:00,R113,19.33,2,0,1,1,0.449,0.449,NORMAL
2026-09-25 21:00:00,R114,19.33,1,0,1,1,0.328,0.328,NORMAL
2026-09-25 21:00:00,R115,19.33,1,0,1,1,0.35,0.35,NORMAL
2026-09-25 21:00:00,R116,19.33,2,0,1,1,0.55,0.55,NORMAL
2026-09-25 21:00:00,R117,19.33,2,0,1,1,0.549,0.549,NORMAL
2026-09-25 21:00:00,R118,19.33,0,0,1,1,0.15,0.15,NORMAL
2026-09-25 21:00:00,R119,19.33,2,0,1,1,0.394,0.394,NORMAL
2026-09-25 21:00:00,R120,19.33,1,0,1,1,0.487,0.487,NORMAL
2026-09-25 22:00:00,R101,18.43,2,0,1,1,0.482,0.482,NORMAL
2026-09-25 22:00:00,R102,18.43,1,0,1,1,0.342,0.342,NORMAL
2026-09-25 22:00:00,R103,18.43,2,0,1,1,0.607,0.607,NORMAL
2026-09-25 22:00:00,R104,18.43,2,0,1,1,0.379,0.379,NORMAL
2026-09-25 22:00:00,R105,18.43,1,0,1,1,0.329,0.329,NORMAL
2026-09-25 22:00:00,R106,18.43,2,0,1,1,0.527,0.527,NORMAL
2026-09-25 22:00:00,R107,18.43,1,0,1,1,0.397,0.397,NORMAL
2026-09-25 22:00:00,R108,18.43,2,0,1,1,0.417,0.417,NORMAL
2026-09-25 22:00:00,R109,18.43,1,0,1,1,0.425,0.425,NORMAL
2026-09-25 22:00:00,R110,18.43,1,0,1,1,0.358,0.358,NORMAL
2026-09-25 22:00:00,R111,18.43,1,0,1,1,0.388,0.388,NORMAL
2026-09-25 22:00:00,R112,18.43,1,0,1,1,0.484,0.484,NORMAL
2026-09-25 22:00:00,R113,18.43,0,0,1,1,0.15,0.15,NORMAL
2026-09-25 22:00:00,R114,18.43,2,0,1,1,0.503,0.503,NORMAL
2026-09-25 22:00:00,R115,18.43,0,0,1,1,0.15,0.15,NORMAL
2026-09-25 22:00:00,R116,18.43,1,0,1,1,0.349,0.349,NORMAL
2026-09-25 22:00:00,R117,18.43,2,0,1,1,0.526,0.526,NORMAL
2026-09-25 22:00:00,R118,18.43,1,0,1,1,0.773,0.773,STANDBY_WASTE
2026-09-25 22:00:00,R119,18.43,2,0,1,1,0.414,0.414,NORMAL
2026-09-25 22:00:00,R120,18.43,2,0,1,1,0.491,0.491,NORMAL
2026-09-25 23:00:00,R101,19.28,0,0,1,0,0.15,0.15,NORMAL
2026-09-25 23:00:00,R102,19.28,0,0,1,0,0.15,0.15,NORMAL
2026-09-25 23:00:00,R103,19.28,0,0,1,0,0.15,0.15,NORMAL
2026-09-25 23:00:00,R104,19.28,0,0,1,0,0.15,0.15,NORMAL
2026-09-25 23:00:00,R105,19.28,0,0,1,0,0.15,0.15,NORMAL
2026-09-25 23:00:00,R106,19.28,0,0,1,0,0.15,0.15,NORMAL
2026-09-25 23:00:00,R107,19.28,0,0,1,0,0.15,0.15,NORMAL
2026-09-25 23:00:00,R108,19.28,0,0,1,0,0.15,0.15,NORMAL
2026-09-25 23:00:00,R109,19.28,0,0,1,0,0.15,0.15,NORMAL
2026-09-25 23:00:00,R110,19.28,0,0,1,0,0.652,0.652,STANDBY_WASTE
2026-09-25 23:00:00,R111,19.28,0,0,1,0,0.15,0.15,NORMAL
2026-09-25 23:00:00,R112,19.28,0,0,1,0,0.15,0.15,NORMAL
2026-09-25 23:00:00,R113,19.28,0,0,1,0,0.15,0.15,NORMAL
2026-09-25 23:00:00,R114,19.28,0,0,1,0,0.15,0.15,NORMAL
2026-09-25 23:00:00,R115,19.28,0,0,1,0,0.15,0.15,NORMAL
2026-09-25 23:00:00,R116,19.28,0,0,1,0,0.15,0.15,NORMAL
2026-09-25 23:00:00,R117,19.28,0,0,1,0,0.15,0.15,NORMAL
2026-09-25 23:00:00,R118,19.28,1,0,1,0,0.43,0.43,NORMAL
2026-09-25 23:00:00,R119,19.28,0,0,1,0,0.15,0.15,NORMAL
2026-09-25 23:00:00,R120,19.28,0,0,1,0,0.15,0.15,NORMAL
2026-09-26 00:00:00,R101,20.29,0,0,1,0,0.15,0.15,NORMAL
2026-09-26 00:00:00,R102,20.29,0,0,1,0,0.15,0.15,NORMAL
2026-09-26 00:00:00,R103,20.29,0,0,1,0,0.15,0.15,NORMAL
2026-09-26 00:00:00,R104,20.29,0,0,1,0,0.15,0.15,NORMAL
2026-09-26 00:00:00,R105,20.29,1,0,1,0,0.429,0.429,NORMAL
2026-09-26 00:00:00,R106,20.29,0,0,1,0,0.15,0.15,NORMAL
2026-09-26 00:00:00,R107,20.29,0,0,1,0,0.15,0.15,NORMAL
2026-09-26 00:00:00,R108,20.29,0,0,1,0,0.15,0.15,NORMAL
2026-09-26 00:00:00,R109,20.29,0,0,1,0,0.15,0.15,NORMAL
2026-09-26 00:00:00,R110,20.29,0,0,1,0,0.15,0.15,NORMAL
2026-09-26 00:00:00,R111,20.29,0,0,1,0,0.15,0.15,NORMAL
2026-09-26 00:00:00,R112,20.29,0,0,1,0,0.15,0.15,NORMAL
2026-09-26 00:00:00,R113,20.29,0,0,1,0,0.15,0.15,NORMAL
2026-09-26 00:00:00,R114,20.29,0,0,1,0,0.15,0.15,NORMAL
2026-09-26 00:00:00,R115,20.29,0,0,1,0,0.15,0.15,NORMAL
2026-09-26 00:00:00,R116,20.29,0,0,1,0,0.15,0.15,NORMAL
2026-09-26 00:00:00,R117,20.29,1,0,1,0,0.289,0.289,NORMAL
2026-09-26 00:00:00,R118,20.29,1,0,1,0,0.324,0.324,NORMAL
2026-09-26 00:00:00,R119,20.29,0,0,1,0,0.15,0.15,NORMAL
2026-09-26 00:00:00,R120,20.29,0,0,1,0,0.15,0.15,NORMAL
2026-09-26 01:00:00,R101,17.99,0,0,1,0,0.15,0.15,NORMAL
2026-09-26 01:00:00,R102,17.99,1,0,1,0,0.437,0.437,NORMAL
2026-09-26 01:00:00,R103,17.99,0,0,1,0,0.15,0.15,NORMAL
2026-09-26 01:00:00,R104,17.99,0,0,1,0,0.15,0.15,NORMAL
2026-09-26 01:00:00,R105,17.99,0,0,1,0,0.15,0.15,NORMAL
2026-09-26 01:00:00,R106,17.99,0,1,1,0,1.683,1.683,AC_WASTE
2026-09-26 01:00:00,R107,17.99,1,0,1,0,0.345,0.345,NORMAL
2026-09-26 01:00:00,R108,17.99,0,0,1,0,0.15,0.15,NORMAL
2026-09-26 01:00:00,R109,17.99,1,0,1,0,0.382,0.382,NORMAL
2026-09-26 01:00:00,R110,17.99,1,0,1,0,0.392,0.392,NORMAL
2026-09-26 01:00:00,R111,17.99,0,0,1,0,0.15,0.15,NORMAL
2026-09-26 01:00:00,R112,17.99,0,0,1,0,0.15,0.15,NORMAL
2026-09-26 01:00:00,R113,17.99,0,1,1,0,1.482,1.482,AC_WASTE
2026-09-26 01:00:00,R114,17.99,0,0,1,0,0.15,0.15,NORMAL
2026-09-26 01:00:00,R115,17.99,0,0,1,0,0.15,0.15,NORMAL
2026-09-26 01:00:00,R116,17.99,0,0,1,0,0.15,0.15,NORMAL
2026-09-26 01:00:00,R117,17.99,0,0,1,0,0.15,0.15,NORMAL
2026-09-26 01:00:00,R118,17.99,0,0,1,0,0.15,0.15,NORMAL
2026-09-26 01:00:00,R119,17.99,0,0,1,0,0.15,0.15,NORMAL
2026-09-26 01:00:00,R120,17.99,0,0,1,0,0.15,0.15,NORMAL
2026-09-26 02:00:00,R101,20.06,0,0,1,0,0.15,0.15,NORMAL
2026-09-26 02:00:00,R102,20.06,0,0,1,0,0.15,0.15,NORMAL
2026-09-26 02:00:00,R103,20.06,0,0,1,0,0.15,0.15,NORMAL
2026-09-26 02:00:00,R104,20.06,0,0,1,0,0.15,0.15,NORMAL
2026-09-26 02:00:00,R105,20.06,0,0,1,0,0.15,0.15,NORMAL
2026-09-26 02:00:00,R106,20.06,0,0,1,0,0.15,0.15,NORMAL
2026-09-26 02:00:00,R107,20.06,0,0,1,0,0.15,0.15,NORMAL
2026-09-26 02:00:00,R108,20.06,1,0,1,0,0.36,0.36,NORMAL
2026-09-26 02:00:00,R109,20.06,1,0,1,0,0.389,0.389,NORMAL
2026-09-26 02:00:00,R110,20.06,0,0,1,0,0.15,0.15,NORMAL
2026-09-26 02:00:00,R111,20.06,1,0,1,0,0.431,0.431,NORMAL
2026-09-26 02:00:00,R112,20.06,0,0,1,0,0.15,0.15,NORMAL
2026-09-26 02:00:00,R113,20.06,1,0,1,0,0.406,0.406,NORMAL
2026-09-26 02:00:00,R114,20.06,0,0,1,0,0.15,0.15,NORMAL
2026-09-26 02:00:00,R115,20.06,1,0,1,0,0.432,0.432,NORMAL
2026-09-26 02:00:00,R116,20.06,0,0,1,0,0.15,0.15,NORMAL
2026-09-26 02:00:00,R117,20.06,1,0,1,0,0.443,0.443,NORMAL
2026-09-26 02:00:00,R118,20.06,0,0,1,0,0.15,0.15,NORMAL
2026-09-26 02:00:00,R119,20.06,0,0,1,0,0.15,0.15,NORMAL
2026-09-26 02:00:00,R120,20.06,1,0,1,0,0.415,0.415,NORMAL
2026-09-26 03:00:00,R101,18.69,1,0,1,0,0.391,0.391,NORMAL
2026-09-26 03:00:00,R102,18.69,0,0,1,0,0.15,0.15,NORMAL
2026-09-26 03:00:00,R103,18.69,0,0,1,0,0.15,0.15,NORMAL
2026-09-26 03:00:00,R104,18.69,1,0,1,0,0.365,0.365,NORMAL
2026-09-26 03:00:00,R105,18.69,0,0,1,0,0.15,0.15,NORMAL
2026-09-26 03:00:00,R106,18.69,0,0,1,0,0.15,0.15,NORMAL
2026-09-26 03:00:00,R107,18.69,0,0,1,0,0.15,0.15,NORMAL
2026-09-26 03:00:00,R108,18.69,0,0,1,0,0.15,0.15,NORMAL
2026-09-26 03:00:00,R109,18.69,0,0,1,0,0.15,0.15,NORMAL
2026-09-26 03:00:00,R110,18.69,0,0,1,0,0.15,0.15,NORMAL
2026-09-26 03:00:00,R111,18.69,0,0,1,0,0.15,0.15,NORMAL
2026-09-26 03:00:00,R112,18.69,0,0,1,0,0.15,0.15,NORMAL
2026-09-26 03:00:00,R113,18.69,0,0,1,0,0.15,0.15,NORMAL
2026-09-26 03:00:00,R114,18.69,0,0,1,0,0.15,0.15,NORMAL
2026-09-26 03:00:00,R115,18.69,0,0,1,0,0.15,0.15,NORMAL
2026-09-26 03:00:00,R116,18.69,0,0,1,0,0.15,0.15,NORMAL
2026-09-26 03:00:00,R117,18.69,1,0,1,0,0.422,0.422,NORMAL
2026-09-26 03:00:00,R118,18.69,0,0,1,0,0.15,0.15,NORMAL
2026-09-26 03:00:00,R119,18.69,0,0,1,0,0.15,0.15,NORMAL
2026-09-26 03:00:00,R120,18.69,0,0,1,0,0.15,0.15,NORMAL
2026-09-26 04:00:00,R101,24.05,0,0,1,0,0.15,0.15,NORMAL
2026-09-26 04:00:00,R102,24.05,0,0,1,0,0.15,0.15,NORMAL
2026-09-26 04:00:00,R103,24.05,1,0,1,0,0.384,0.384,NORMAL
2026-09-26 04:00:00,R104,24.05,1,0,1,0,0.447,0.447,NORMAL
2026-09-26 04:00:00,R105,24.05,0,0,1,0,0.15,0.15,NORMAL
2026-09-26 04:00:00,R106,24.05,0,0,1,0,0.15,0.15,NORMAL
2026-09-26 04:00:00,R107,24.05,0,0,1,0,0.15,0.15,NORMAL
2026-09-26 04:00:00,R108,24.05,0,0,1,0,0.15,0.15,NORMAL
2026-09-26 04:00:00,R109,24.05,0,0,1,0,0.15,0.15,NORMAL
2026-09-26 04:00:00,R110,24.05,0,0,1,0,0.15,0.15,NORMAL
2026-09-26 04:00:00,R111,24.05,1,0,1,0,0.366,0.366,NORMAL
2026-09-26 04:00:00,R112,24.05,0,0,1,0,0.15,0.15,NORMAL
2026-09-26 04:00:00,R113,24.05,1,0,1,0,0.437,0.437,NORMAL
2026-09-26 04:00:00,R114,24.05,0,0,1,0,0.15,0.15,NORMAL
2026-09-26 04:00:00,R115,24.05,0,0,1,0,0.15,0.15,NORMAL
2026-09-26 04:00:00,R116,24.05,0,0,1,0,0.15,0.15,NORMAL
2026-09-26 04:00:00,R117,24.05,0,1,1,0,1.492,1.492,AC_WASTE
2026-09-26 04:00:00,R118,24.05,1,0,1,0,0.377,0.377,NORMAL
2026-09-26 04:00:00,R119,24.05,0,0,1,0,0.15,0.15,NORMAL
2026-09-26 04:00:00,R120,24.05,0,0,1,0,0.15,0.15,NORMAL
2026-09-26 05:00:00,R101,25.73,0,0,1,0,0.15,0.15,NORMAL
2026-09-26 05:00:00,R102,25.73,0,0,1,0,0.15,0.15,NORMAL
2026-09-26 05:00:00,R103,25.73,0,0,1,0,0.15,0.15,NORMAL
2026-09-26 05:00:00,R104,25.73,0,0,1,0,0.15,0.15,NORMAL
2026-09-26 05:00:00,R105,25.73,0,0,1,0,0.15,0.15,NORMAL
2026-09-26 05:00:00,R106,25.73,0,0,1,0,0.15,0.15,NORMAL
2026-09-26 05:00:00,R107,25.73,0,0,1,0,0.15,0.15,NORMAL
2026-09-26 05:00:00,R108,25.73,1,0,1,0,0.383,0.383,NORMAL
2026-09-26 05:00:00,R109,25.73,0,0,1,0,0.15,0.15,NORMAL
2026-09-26 05:00:00,R110,25.73,0,0,1,0,0.15,0.15,NORMAL
2026-09-26 05:00:00,R111,25.73,0,0,1,0,0.586,0.586,STANDBY_WASTE
2026-09-26 05:00:00,R112,25.73,0,0,1,0,0.15,0.15,NORMAL
2026-09-26 05:00:00,R113,25.73,0,0,1,0,0.15,0.15,NORMAL
2026-09-26 05:00:00,R114,25.73,0,0,1,0,0.15,0.15,NORMAL
2026-09-26 05:00:00,R115,25.73,0,0,1,0,0.15,0.15,NORMAL
2026-09-26 05:00:00,R116,25.73,0,0,1,0,0.15,0.15,NORMAL
2026-09-26 05:00:00,R117,25.73,1,0,1,0,0.425,0.425,NORMAL
2026-09-26 05:00:00,R118,25.73,0,0,1,0,0.15,0.15,NORMAL
2026-09-26 05:00:00,R119,25.73,0,1,1,0,1.448,1.448,AC_WASTE
2026-09-26 05:00:00,R120,25.73,1,0,1,0,0.374,0.374,NORMAL
2026-09-26 06:00:00,R101,23.47,2,0,0,1,0.363,0.363,NORMAL
2026-09-26 06:00:00,R102,23.47,1,0,0,1,0.287,0.287,NORMAL
2026-09-26 06:00:00,R103,23.47,1,0,0,1,0.254,0.254,NORMAL
2026-09-26 06:00:00,R104,23.47,2,0,0,1,0.392,0.392,NORMAL
2026-09-26 06:00:00,R105,23.47,2,0,0,1,0.304,0.304,NORMAL
2026-09-26 06:00:00,R106,23.47,1,0,0,1,0.273,0.273,NORMAL
2026-09-26 06:00:00,R107,23.47,2,0,0,1,0.377,0.377,NORMAL
2026-09-26 06:00:00,R108,23.47,1,0,0,1,0.234,0.234,NORMAL
2026-09-26 06:00:00,R109,23.47,1,0,0,1,0.206,0.206,NORMAL
2026-09-26 06:00:00,R110,23.47,0,1,0,1,1.514,1.514,AC_WASTE
2026-09-26 06:00:00,R111,23.47,1,0,0,1,0.27,0.27,NORMAL
2026-09-26 06:00:00,R112,23.47,1,0,0,1,0.234,0.234,NORMAL
2026-09-26 06:00:00,R113,23.47,1,0,0,1,0.21,0.21,NORMAL
2026-09-26 06:00:00,R114,23.47,1,0,0,1,0.214,0.214,NORMAL
2026-09-26 06:00:00,R115,23.47,1,0,0,1,0.278,0.278,NORMAL
2026-09-26 06:00:00,R116,23.47,1,0,0,1,0.222,0.222,NORMAL
2026-09-26 06:00:00,R117,23.47,1,0,0,1,0.214,0.214,NORMAL
2026-09-26 06:00:00,R118,23.47,1,0,0,1,0.207,0.207,NORMAL
2026-09-26 06:00:00,R119,23.47,1,0,0,1,0.264,0.264,NORMAL
2026-09-26 06:00:00,R120,23.47,0,0,0,1,0.15,0.15,NORMAL
2026-09-26 07:00:00,R101,28.83,2,0,0,1,0.393,0.393,NORMAL
2026-09-26 07:00:00,R102,28.83,2,0,0,1,0.26,0.26,NORMAL
2026-09-26 07:00:00,R103,28.83,2,0,0,1,0.336,0.336,NORMAL
2026-09-26 07:00:00,R104,28.83,0,0,0,1,0.15,0.15,NORMAL
2026-09-26 07:00:00,R105,28.83,1,0,0,1,0.293,0.293,NORMAL
2026-09-26 07:00:00,R106,28.83,1,0,0,1,0.233,0.233,NORMAL
2026-09-26 07:00:00,R107,28.83,2,0,0,1,0.432,0.432,NORMAL
2026-09-26 07:00:00,R108,28.83,0,0,0,1,0.15,0.15,NORMAL
2026-09-26 07:00:00,R109,28.83,1,0,0,1,0.263,0.263,NORMAL
2026-09-26 07:00:00,R110,28.83,1,0,0,1,0.258,0.258,NORMAL
2026-09-26 07:00:00,R111,28.83,1,0,0,1,0.24,0.24,NORMAL
2026-09-26 07:00:00,R112,28.83,1,0,0,1,0.251,0.251,NORMAL
2026-09-26 07:00:00,R113,28.83,1,0,0,1,0.216,0.216,NORMAL
2026-09-26 07:00:00,R114,28.83,2,0,0,1,0.358,0.358,NORMAL
2026-09-26 07:00:00,R115,28.83,2,0,0,1,0.27,0.27,NORMAL
2026-09-26 07:00:00,R116,28.83,1,0,0,1,0.231,0.231,NORMAL
2026-09-26 07:00:00,R117,28.83,2,0,0,1,0.356,0.356,NORMAL
2026-09-26 07:00:00,R118,28.83,1,0,0,1,0.291,0.291,NORMAL
2026-09-26 07:00:00,R119,28.83,1,0,0,1,0.27,0.27,NORMAL
2026-09-26 07:00:00,R120,28.83,1,0,0,1,0.2,0.2,NORMAL
2026-09-26 08:00:00,R101,32.19,1,1,0,1,1.694,1.694,NORMAL
2026-09-26 08:00:00,R102,32.19,1,1,0,1,1.556,1.556,NORMAL
2026-09-26 08:00:00,R103,32.19,1,1,0,1,1.764,1.764,NORMAL
2026-09-26 08:00:00,R104,32.19,2,1,0,1,1.574,1.574,NORMAL
2026-09-26 08:00:00,R105,32.19,1,1,0,1,1.928,1.928,NORMAL
2026-09-26 08:00:00,R106,32.19,2,1,0,1,1.755,1.755,NORMAL
2026-09-26 08:00:00,R107,32.19,1,1,0,1,1.58,1.58,NORMAL
2026-09-26 08:00:00,R108,32.19,2,1,0,1,1.902,1.902,NORMAL
2026-09-26 08:00:00,R109,32.19,1,1,0,1,1.851,1.851,NORMAL
2026-09-26 08:00:00,R110,32.19,1,1,0,1,1.589,1.589,NORMAL
2026-09-26 08:00:00,R111,32.19,0,0,0,1,0.15,0.15,NORMAL
2026-09-26 08:00:00,R112,32.19,1,1,0,1,1.842,1.842,NORMAL
2026-09-26 08:00:00,R113,32.19,0,0,0,1,0.15,0.15,NORMAL
2026-09-26 08:00:00,R114,32.19,0,0,0,1,0.15,0.15,NORMAL
2026-09-26 08:00:00,R115,32.19,2,1,0,1,2.104,2.104,NORMAL
2026-09-26 08:00:00,R116,32.19,2,1,0,1,1.725,1.725,NORMAL
2026-09-26 08:00:00,R117,32.19,1,1,0,1,1.868,1.868,NORMAL
2026-09-26 08:00:00,R118,32.19,1,1,0,1,1.828,1.828,NORMAL
2026-09-26 08:00:00,R119,32.19,2,1,0,1,1.726,1.726,NORMAL
2026-09-26 08:00:00,R120,32.19,2,1,0,1,1.947,1.947,NORMAL
2026-09-26 09:00:00,R101,31.72,0,0,0,1,0.15,0.15,NORMAL
2026-09-26 09:00:00,R102,31.72,0,0,0,1,0.15,0.15,NORMAL
2026-09-26 09:00:00,R103,31.72,1,1,0,1,1.686,1.686,NORMAL
2026-09-26 09:00:00,R104,31.72,0,0,0,1,0.15,0.15,NORMAL
2026-09-26 09:00:00,R105,31.72,0,0,0,1,0.15,0.15,NORMAL
2026-09-26 09:00:00,R106,31.72,1,1,0,1,1.675,1.675,NORMAL
2026-09-26 09:00:00,R107,31.72,1,1,0,1,1.666,1.666,NORMAL
2026-09-26 09:00:00,R108,31.72,0,0,0,1,0.15,0.15,NORMAL
2026-09-26 09:00:00,R109,31.72,0,0,0,1,0.15,0.15,NORMAL
2026-09-26 09:00:00,R110,31.72,1,1,0,1,2.668,2.668,STANDBY_WASTE
2026-09-26 09:00:00,R111,31.72,0,0,0,1,0.15,0.15,NORMAL
2026-09-26 09:00:00,R112,31.72,1,1,0,1,1.629,1.629,NORMAL
2026-09-26 09:00:00,R113,31.72,0,0,0,1,0.646,0.646,STANDBY_WASTE
2026-09-26 09:00:00,R114,31.72,0,0,0,1,0.15,0.15,NORMAL
2026-09-26 09:00:00,R115,31.72,0,0,0,1,0.15,0.15,NORMAL
2026-09-26 09:00:00,R116,31.72,0,0,0,1,0.15,0.15,NORMAL
2026-09-26 09:00:00,R117,31.72,0,0,0,1,0.15,0.15,NORMAL
2026-09-26 09:00:00,R118,31.72,0,0,0,1,0.15,0.15,NORMAL
2026-09-26 09:00:00,R119,31.72,1,1,0,1,1.624,1.624,NORMAL
2026-09-26 09:00:00,R120,31.72,2,1,0,1,1.669,1.669,NORMAL
2026-09-26 10:00:00,R101,37.18,2,1,0,1,1.526,1.526,NORMAL
2026-09-26 10:00:00,R102,37.18,0,0,0,1,0.15,0.15,NORMAL
2026-09-26 10:00:00,R103,37.18,1,1,0,1,1.775,1.775,NORMAL
2026-09-26 10:00:00,R104,37.18,0,0,0,1,0.15,0.15,NORMAL
2026-09-26 10:00:00,R105,37.18,0,0,0,1,0.15,0.15,NORMAL
2026-09-26 10:00:00,R106,37.18,0,0,0,1,0.15,0.15,NORMAL
2026-09-26 10:00:00,R107,37.18,0,0,0,1,0.15,0.15,NORMAL
2026-09-26 10:00:00,R108,37.18,0,0,0,1,0.15,0.15,NORMAL
2026-09-26 10:00:00,R109,37.18,0,0,0,1,0.15,0.15,NORMAL
2026-09-26 10:00:00,R110,37.18,0,0,0,1,0.15,0.15,NORMAL
2026-09-26 10:00:00,R111,37.18,0,0,0,1,0.15,0.15,NORMAL
2026-09-26 10:00:00,R112,37.18,2,1,0,1,1.693,1.693,NORMAL
2026-09-26 10:00:00,R113,37.18,0,0,0,1,0.15,0.15,NORMAL
2026-09-26 10:00:00,R114,37.18,1,1,0,1,1.962,1.962,NORMAL
2026-09-26 10:00:00,R115,37.18,0,0,0,1,0.15,0.15,NORMAL
2026-09-26 10:00:00,R116,37.18,1,1,0,1,1.86,1.86,NORMAL
2026-09-26 10:00:00,R117,37.18,2,1,0,1,1.8,1.8,NORMAL
2026-09-26 10:00:00,R118,37.18,0,0,0,1,0.15,0.15,NORMAL
2026-09-26 10:00:00,R119,37.18,0,0,0,1,0.15,0.15,NORMAL
2026-09-26 10:00:00,R120,37.18,1,1,0,1,1.485,1.485,NORMAL
2026-09-26 11:00:00,R101,35.79,0,0,0,1,0.15,0.15,NORMAL
2026-09-26 11:00:00,R102,35.79,1,1,0,1,2.002,2.002,NORMAL
2026-09-26 11:00:00,R103,35.79,0,0,0,1,0.15,0.15,NORMAL
2026-09-26 11:00:00,R104,35.79,2,1,0,1,1.879,1.879,NORMAL
2026-09-26 11:00:00,R105,35.79,0,0,0,1,0.15,0.15,NORMAL
2026-09-26 11:00:00,R106,35.79,0,0,0,1,0.15,0.15,NORMAL
2026-09-26 11:00:00,R107,35.79,1,1,0,1,1.744,1.744,NORMAL
2026-09-26 11:00:00,R108,35.79,0,0,0,1,0.15,0.15,NORMAL
2026-09-26 11:00:00,R109,35.79,0,0,0,1,0.15,0.15,NORMAL
2026-09-26 11:00:00,R110,35.79,0,0,0,1,0.15,0.15,NORMAL
2026-09-26 11:00:00,R111,35.79,1,1,0,1,1.941,1.941,NORMAL
2026-09-26 11:00:00,R112,35.79,2,1,0,1,1.474,1.474,NORMAL
2026-09-26 11:00:00,R113,35.79,2,1,0,1,2.015,2.015,NORMAL
2026-09-26 11:00:00,R114,35.79,1,1,0,1,1.615,1.615,NORMAL
2026-09-26 11:00:00,R115,35.79,1,1,0,1,1.755,1.755,NORMAL
2026-09-26 11:00:00,R116,35.79,0,0,0,1,0.15,0.15,NORMAL
2026-09-26 11:00:00,R117,35.79,1,1,0,1,1.862,1.862,NORMAL
2026-09-26 11:00:00,R118,35.79,0,0,0,1,0.15,0.15,NORMAL
2026-09-26 11:00:00,R119,35.79,0,0,0,1,0.15,0.15,NORMAL
2026-09-26 11:00:00,R120,35.79,0,0,0,1,0.15,0.15,NORMAL
2026-09-26 12:00:00,R101,38.22,2,1,0,1,1.565,1.565,NORMAL
2026-09-26 12:00:00,R102,38.22,1,1,0,1,1.404,1.404,NORMAL
2026-09-26 12:00:00,R103,38.22,0,0,0,1,0.15,0.15,NORMAL
2026-09-26 12:00:00,R104,38.22,0,0,0,1,0.15,0.15,NORMAL
2026-09-26 12:00:00,R105,38.22,0,0,0,1,0.15,0.15,NORMAL
2026-09-26 12:00:00,R106,38.22,0,0,0,1,0.15,0.15,NORMAL
2026-09-26 12:00:00,R107,38.22,0,0,0,1,0.15,0.15,NORMAL
2026-09-26 12:00:00,R108,38.22,0,0,0,1,0.15,0.15,NORMAL
2026-09-26 12:00:00,R109,38.22,1,1,0,1,1.986,1.986,NORMAL
2026-09-26 12:00:00,R110,38.22,0,0,0,1,0.15,0.15,NORMAL
2026-09-26 12:00:00,R111,38.22,0,0,0,1,0.15,0.15,NORMAL
2026-09-26 12:00:00,R112,38.22,0,0,0,1,0.15,0.15,NORMAL
2026-09-26 12:00:00,R113,38.22,0,0,0,1,0.15,0.15,NORMAL
2026-09-26 12:00:00,R114,38.22,0,0,0,1,0.15,0.15,NORMAL
2026-09-26 12:00:00,R115,38.22,0,0,0,1,0.15,0.15,NORMAL
2026-09-26 12:00:00,R116,38.22,0,0,0,1,0.15,0.15,NORMAL
2026-09-26 12:00:00,R117,38.22,0,0,0,1,0.15,0.15,NORMAL
2026-09-26 12:00:00,R118,38.22,1,1,0,1,1.965,1.965,NORMAL
2026-09-26 12:00:00,R119,38.22,1,1,0,1,1.764,1.764,NORMAL
2026-09-26 12:00:00,R120,38.22,0,0,0,1,0.15,0.15,NORMAL
2026-09-26 13:00:00,R101,36.1,0,0,0,1,0.15,0.15,NORMAL
2026-09-26 13:00:00,R102,36.1,0,0,0,1,0.15,0.15,NORMAL
2026-09-26 13:00:00,R103,36.1,1,1,0,1,1.817,1.817,NORMAL
2026-09-26 13:00:00,R104,36.1,2,1,0,1,1.821,1.821,NORMAL
2026-09-26 13:00:00,R105,36.1,1,1,0,1,1.562,1.562,NORMAL
2026-09-26 13:00:00,R106,36.1,0,0,0,1,0.15,0.15,NORMAL
2026-09-26 13:00:00,R107,36.1,0,0,0,1,0.15,0.15,NORMAL
2026-09-26 13:00:00,R108,36.1,0,0,0,1,0.15,0.15,NORMAL
2026-09-26 13:00:00,R109,36.1,2,1,0,1,1.792,1.792,NORMAL
2026-09-26 13:00:00,R110,36.1,2,1,0,1,1.787,1.787,NORMAL
2026-09-26 13:00:00,R111,36.1,0,0,0,1,0.15,0.15,NORMAL
2026-09-26 13:00:00,R112,36.1,1,1,0,1,1.614,1.614,NORMAL
2026-09-26 13:00:00,R113,36.1,1,1,0,1,2.002,2.002,NORMAL
2026-09-26 13:00:00,R114,36.1,0,0,0,1,0.15,0.15,NORMAL
2026-09-26 13:00:00,R115,36.1,2,1,0,1,1.622,1.622,NORMAL
2026-09-26 13:00:00,R116,36.1,0,0,0,1,0.15,0.15,NORMAL
2026-09-26 13:00:00,R117,36.1,1,1,0,1,1.727,1.727,NORMAL
2026-09-26 13:00:00,R118,36.1,1,1,0,1,1.805,1.805,NORMAL
2026-09-26 13:00:00,R119,36.1,0,0,0,1,0.15,0.15,NORMAL
2026-09-26 13:00:00,R120,36.1,1,1,0,1,1.657,1.657,NORMAL
2026-09-26 14:00:00,R101,33.25,0,0,0,1,0.15,0.15,NORMAL
2026-09-26 14:00:00,R102,33.25,0,0,0,1,0.15,0.15,NORMAL
2026-09-26 14:00:00,R103,33.25,0,0,0,1,0.15,0.15,NORMAL
2026-09-26 14:00:00,R104,33.25,0,0,0,1,0.15,0.15,NORMAL
2026-09-26 14:00:00,R105,33.25,1,1,0,1,1.48,1.48,NORMAL
2026-09-26 14:00:00,R106,33.25,1,1,0,1,1.859,1.859,NORMAL
2026-09-26 14:00:00,R107,33.25,0,1,0,1,1.455,1.455,AC_WASTE
2026-09-26 14:00:00,R108,33.25,0,0,0,1,0.15,0.15,NORMAL
2026-09-26 14:00:00,R109,33.25,0,0,0,1,0.15,0.15,NORMAL
2026-09-26 14:00:00,R110,33.25,1,1,0,1,1.927,1.927,NORMAL
2026-09-26 14:00:00,R111,33.25,0,1,0,1,1.672,1.672,AC_WASTE
2026-09-26 14:00:00,R112,33.25,0,0,0,1,0.15,0.15,NORMAL
2026-09-26 14:00:00,R113,33.25,0,0,0,1,0.15,0.15,NORMAL
2026-09-26 14:00:00,R114,33.25,0,0,0,1,0.15,0.15,NORMAL
2026-09-26 14:00:00,R115,33.25,1,1,0,1,1.842,1.842,NORMAL
2026-09-26 14:00:00,R116,33.25,1,1,0,1,1.934,1.934,NORMAL
2026-09-26 14:00:00,R117,33.25,1,1,0,1,1.51,1.51,NORMAL
2026-09-26 14:00:00,R118,33.25,0,0,0,1,0.15,0.15,NORMAL
2026-09-26 14:00:00,R119,33.25,1,1,0,1,1.581,1.581,NORMAL
2026-09-26 14:00:00,R120,33.25,0,0,0,1,0.15,0.15,NORMAL
2026-09-26 15:00:00,R101,32.6,0,0,0,1,0.15,0.15,NORMAL
2026-09-26 15:00:00,R102,32.6,0,0,0,1,0.15,0.15,NORMAL
2026-09-26 15:00:00,R103,32.6,0,0,0,1,0.15,0.15,NORMAL
2026-09-26 15:00:00,R104,32.6,0,0,0,1,0.15,0.15,NORMAL
2026-09-26 15:00:00,R105,32.6,2,1,0,1,1.732,1.732,NORMAL
2026-09-26 15:00:00,R106,32.6,0,0,0,1,0.15,0.15,NORMAL
2026-09-26 15:00:00,R107,32.6,1,1,0,1,1.539,1.539,NORMAL
2026-09-26 15:00:00,R108,32.6,0,0,0,1,0.15,0.15,NORMAL
2026-09-26 15:00:00,R109,32.6,0,0,0,1,0.15,0.15,NORMAL
2026-09-26 15:00:00,R110,32.6,0,0,0,1,0.15,0.15,NORMAL
2026-09-26 15:00:00,R111,32.6,0,0,0,1,0.15,0.15,NORMAL
2026-09-26 15:00:00,R112,32.6,0,0,0,1,0.15,0.15,NORMAL
2026-09-26 15:00:00,R113,32.6,1,1,0,1,1.958,1.958,NORMAL
2026-09-26 15:00:00,R114,32.6,0,0,0,1,0.15,0.15,NORMAL
2026-09-26 15:00:00,R115,32.6,1,1,0,1,1.658,1.658,NORMAL
2026-09-26 15:00:00,R116,32.6,1,1,0,1,1.787,1.787,NORMAL
2026-09-26 15:00:00,R117,32.6,1,1,0,1,1.796,1.796,NORMAL
2026-09-26 15:00:00,R118,32.6,0,0,0,1,0.15,0.15,NORMAL
2026-09-26 15:00:00,R119,32.6,1,1,0,1,1.654,1.654,NORMAL
2026-09-26 15:00:00,R120,32.6,1,1,0,1,1.653,1.653,NORMAL
2026-09-26 16:00:00,R101,30.37,0,0,0,1,0.15,0.15,NORMAL
2026-09-26 16:00:00,R102,30.37,1,1,0,1,1.823,1.823,NORMAL
2026-09-26 16:00:00,R103,30.37,0,0,0,1,0.15,0.15,NORMAL
2026-09-26 16:00:00,R104,30.37,1,1,0,1,1.905,1.905,NORMAL
2026-09-26 16:00:00,R105,30.37,1,1,0,1,1.843,1.843,NORMAL
2026-09-26 16:00:00,R106,30.37,0,0,0,1,0.15,0.15,NORMAL
2026-09-26 16:00:00,R107,30.37,0,0,0,1,0.15,0.15,NORMAL
2026-09-26 16:00:00,R108,30.37,1,1,0,1,1.603,1.603,NORMAL
2026-09-26 16:00:00,R109,30.37,2,1,0,1,1.988,1.988,NORMAL
2026-09-26 16:00:00,R110,30.37,0,0,0,1,0.15,0.15,NORMAL
2026-09-26 16:00:00,R111,30.37,0,0,0,1,0.15,0.15,NORMAL
2026-09-26 16:00:00,R112,30.37,1,1,0,1,1.799,1.799,NORMAL
2026-09-26 16:00:00,R113,30.37,0,0,0,1,0.15,0.15,NORMAL
2026-09-26 16:00:00,R114,30.37,2,1,0,1,2.146,2.146,NORMAL
2026-09-26 16:00:00,R115,30.37,1,1,0,1,1.562,1.562,NORMAL
2026-09-26 16:00:00,R116,30.37,0,0,0,1,0.15,0.15,NORMAL
2026-09-26 16:00:00,R117,30.37,0,0,0,1,0.15,0.15,NORMAL
2026-09-26 16:00:00,R118,30.37,0,0,0,1,0.15,0.15,NORMAL
2026-09-26 16:00:00,R119,30.37,0,0,0,1,0.15,0.15,NORMAL
2026-09-26 16:00:00,R120,30.37,0,0,0,1,0.15,0.15,NORMAL
2026-09-26 17:00:00,R101,28.93,1,0,0,1,0.241,0.241,NORMAL
2026-09-26 17:00:00,R102,28.93,2,0,0,1,0.282,0.282,NORMAL
2026-09-26 17:00:00,R103,28.93,0,0,0,1,0.15,0.15,NORMAL
2026-09-26 17:00:00,R104,28.93,1,0,0,1,0.241,0.241,NORMAL
2026-09-26 17:00:00,R105,28.93,2,0,0,1,0.36,0.36,NORMAL
2026-09-26 17:00:00,R106,28.93,2,0,0,1,0.367,0.367,NORMAL
2026-09-26 17:00:00,R107,28.93,1,0,0,1,0.217,0.217,NORMAL
2026-09-26 17:00:00,R108,28.93,2,0,0,1,0.345,0.345,NORMAL
2026-09-26 17:00:00,R109,28.93,2,0,0,1,0.322,0.322,NORMAL
2026-09-26 17:00:00,R110,28.93,1,0,0,1,0.201,0.201,NORMAL
2026-09-26 17:00:00,R111,28.93,1,0,0,1,0.235,0.235,NORMAL
2026-09-26 17:00:00,R112,28.93,0,0,0,1,0.15,0.15,NORMAL
2026-09-26 17:00:00,R113,28.93,0,0,0,1,0.15,0.15,NORMAL
2026-09-26 17:00:00,R114,28.93,1,0,0,1,0.215,0.215,NORMAL
2026-09-26 17:00:00,R115,28.93,2,0,0,1,0.391,0.391,NORMAL
2026-09-26 17:00:00,R116,28.93,1,0,0,1,0.224,0.224,NORMAL
2026-09-26 17:00:00,R117,28.93,1,0,0,1,0.225,0.225,NORMAL
2026-09-26 17:00:00,R118,28.93,2,0,0,1,0.362,0.362,NORMAL
2026-09-26 17:00:00,R119,28.93,2,0,0,1,0.263,0.263,NORMAL
2026-09-26 17:00:00,R120,28.93,2,0,0,1,0.337,0.337,NORMAL
2026-09-26 18:00:00,R101,27.36,1,0,1,1,0.436,0.436,NORMAL
2026-09-26 18:00:00,R102,27.36,0,1,1,1,1.444,1.444,AC_WASTE
2026-09-26 18:00:00,R103,27.36,0,0,1,1,0.15,0.15,NORMAL
2026-09-26 18:00:00,R104,27.36,1,0,1,1,0.39,0.39,NORMAL
2026-09-26 18:00:00,R105,27.36,2,0,1,1,0.383,0.383,NORMAL
2026-09-26 18:00:00,R106,27.36,1,0,1,1,0.379,0.379,NORMAL
2026-09-26 18:00:00,R107,27.36,2,0,1,1,0.525,0.525,NORMAL
2026-09-26 18:00:00,R108,27.36,1,0,1,1,0.36,0.36,NORMAL
2026-09-26 18:00:00,R109,27.36,1,0,1,1,0.313,0.313,NORMAL
2026-09-26 18:00:00,R110,27.36,2,0,1,1,0.444,0.444,NORMAL
2026-09-26 18:00:00,R111,27.36,1,0,1,1,0.449,0.449,NORMAL
2026-09-26 18:00:00,R112,27.36,1,0,1,1,0.445,0.445,NORMAL
2026-09-26 18:00:00,R113,27.36,2,0,1,1,0.476,0.476,NORMAL
2026-09-26 18:00:00,R114,27.36,2,0,1,1,0.458,0.458,NORMAL
2026-09-26 18:00:00,R115,27.36,1,0,1,1,0.365,0.365,NORMAL
2026-09-26 18:00:00,R116,27.36,1,0,1,1,0.352,0.352,NORMAL
2026-09-26 18:00:00,R117,27.36,1,0,1,1,0.436,0.436,NORMAL
2026-09-26 18:00:00,R118,27.36,1,0,1,1,0.447,0.447,NORMAL
2026-09-26 18:00:00,R119,27.36,1,0,1,1,0.379,0.379,NORMAL
2026-09-26 18:00:00,R120,27.36,2,0,1,1,0.477,0.477,NORMAL
2026-09-26 19:00:00,R101,24.7,2,0,1,1,0.601,0.601,NORMAL
2026-09-26 19:00:00,R102,24.7,2,0,1,1,0.578,0.578,NORMAL
2026-09-26 19:00:00,R103,24.7,1,0,1,1,0.416,0.416,NORMAL
2026-09-26 19:00:00,R104,24.7,1,0,1,1,0.387,0.387,NORMAL
2026-09-26 19:00:00,R105,24.7,1,0,1,1,0.388,0.388,NORMAL
2026-09-26 19:00:00,R106,24.7,2,0,1,1,0.381,0.381,NORMAL
2026-09-26 19:00:00,R107,24.7,1,0,1,1,0.399,0.399,NORMAL
2026-09-26 19:00:00,R108,24.7,1,0,1,1,0.357,0.357,NORMAL
2026-09-26 19:00:00,R109,24.7,1,0,1,1,0.428,0.428,NORMAL
2026-09-26 19:00:00,R110,24.7,1,0,1,1,0.356,0.356,NORMAL
2026-09-26 19:00:00,R111,24.7,2,0,1,1,0.435,0.435,NORMAL
2026-09-26 19:00:00,R112,24.7,0,0,1,1,0.15,0.15,NORMAL
2026-09-26 19:00:00,R113,24.7,1,0,1,1,0.387,0.387,NORMAL
2026-09-26 19:00:00,R114,24.7,2,0,1,1,0.544,0.544,NORMAL
2026-09-26 19:00:00,R115,24.7,0,0,1,1,0.15,0.15,NORMAL
2026-09-26 19:00:00,R116,24.7,1,0,1,1,0.407,0.407,NORMAL
2026-09-26 19:00:00,R117,24.7,1,0,1,1,0.42,0.42,NORMAL
2026-09-26 19:00:00,R118,24.7,2,0,1,1,0.483,0.483,NORMAL
2026-09-26 19:00:00,R119,24.7,0,0,1,1,0.15,0.15,NORMAL
2026-09-26 19:00:00,R120,24.7,1,0,1,1,0.434,0.434,NORMAL
2026-09-26 20:00:00,R101,23.3,2,0,1,1,0.412,0.412,NORMAL
2026-09-26 20:00:00,R102,23.3,1,0,1,1,0.343,0.343,NORMAL
2026-09-26 20:00:00,R103,23.3,2,0,1,1,0.488,0.488,NORMAL
2026-09-26 20:00:00,R104,23.3,2,0,1,1,0.528,0.528,NORMAL
2026-09-26 20:00:00,R105,23.3,0,1,1,1,1.511,1.511,AC_WASTE
2026-09-26 20:00:00,R106,23.3,1,0,1,1,0.392,0.392,NORMAL
2026-09-26 20:00:00,R107,23.3,1,0,1,1,0.408,0.408,NORMAL
2026-09-26 20:00:00,R108,23.3,0,0,1,1,0.15,0.15,NORMAL
2026-09-26 20:00:00,R109,23.3,1,0,1,1,0.441,0.441,NORMAL
2026-09-26 20:00:00,R110,23.3,1,0,1,1,0.318,0.318,NORMAL
2026-09-26 20:00:00,R111,23.3,2,0,1,1,0.583,0.583,NORMAL
2026-09-26 20:00:00,R112,23.3,1,0,1,1,0.336,0.336,NORMAL
2026-09-26 20:00:00,R113,23.3,0,0,1,1,0.15,0.15,NORMAL
2026-09-26 20:00:00,R114,23.3,2,0,1,1,0.4,0.4,NORMAL
2026-09-26 20:00:00,R115,23.3,2,0,1,1,0.474,0.474,NORMAL
2026-09-26 20:00:00,R116,23.3,1,0,1,1,0.364,0.364,NORMAL
2026-09-26 20:00:00,R117,23.3,2,0,1,1,0.59,0.59,NORMAL
2026-09-26 20:00:00,R118,23.3,2,0,1,1,0.509,0.509,NORMAL
2026-09-26 20:00:00,R119,23.3,1,0,1,1,0.363,0.363,NORMAL
2026-09-26 20:00:00,R120,23.3,1,0,1,1,0.449,0.449,NORMAL
2026-09-26 21:00:00,R101,20.09,2,0,1,1,0.372,0.372,NORMAL
2026-09-26 21:00:00,R102,20.09,1,0,1,1,0.4,0.4,NORMAL
2026-09-26 21:00:00,R103,20.09,1,0,1,1,0.308,0.308,NORMAL
2026-09-26 21:00:00,R104,20.09,2,0,1,1,0.608,0.608,NORMAL
2026-09-26 21:00:00,R105,20.09,2,0,1,1,0.45,0.45,NORMAL
2026-09-26 21:00:00,R106,20.09,1,0,1,1,0.435,0.435,NORMAL
2026-09-26 21:00:00,R107,20.09,2,0,1,1,0.467,0.467,NORMAL
2026-09-26 21:00:00,R108,20.09,1,0,1,1,0.4,0.4,NORMAL
2026-09-26 21:00:00,R109,20.09,2,0,1,1,0.584,0.584,NORMAL
2026-09-26 21:00:00,R110,20.09,2,0,1,1,0.435,0.435,NORMAL
2026-09-26 21:00:00,R111,20.09,1,0,1,1,0.353,0.353,NORMAL
2026-09-26 21:00:00,R112,20.09,2,0,1,1,0.636,0.636,NORMAL
2026-09-26 21:00:00,R113,20.09,1,0,1,1,0.368,0.368,NORMAL
2026-09-26 21:00:00,R114,20.09,2,0,1,1,0.545,0.545,NORMAL
2026-09-26 21:00:00,R115,20.09,2,0,1,1,0.5,0.5,NORMAL
2026-09-26 21:00:00,R116,20.09,1,0,1,1,0.325,0.325,NORMAL
2026-09-26 21:00:00,R117,20.09,2,0,1,1,1.116,1.116,STANDBY_WASTE
2026-09-26 21:00:00,R118,20.09,2,0,1,1,0.506,0.506,NORMAL
2026-09-26 21:00:00,R119,20.09,1,0,1,1,0.397,0.397,NORMAL
2026-09-26 21:00:00,R120,20.09,1,0,1,1,0.318,0.318,NORMAL
2026-09-26 22:00:00,R101,20.17,2,0,1,1,0.494,0.494,NORMAL
2026-09-26 22:00:00,R102,20.17,2,0,1,1,0.474,0.474,NORMAL
2026-09-26 22:00:00,R103,20.17,2,0,1,1,0.606,0.606,NORMAL
2026-09-26 22:00:00,R104,20.17,1,0,1,1,0.307,0.307,NORMAL
2026-09-26 22:00:00,R105,20.17,1,0,1,1,0.394,0.394,NORMAL
2026-09-26 22:00:00,R106,20.17,1,0,1,1,0.413,0.413,NORMAL
2026-09-26 22:00:00,R107,20.17,1,0,1,1,0.459,0.459,NORMAL
2026-09-26 22:00:00,R108,20.17,1,0,1,1,0.312,0.312,NORMAL
2026-09-26 22:00:00,R109,20.17,2,0,1,1,0.535,0.535,NORMAL
2026-09-26 22:00:00,R110,20.17,2,0,1,1,0.382,0.382,NORMAL
2026-09-26 22:00:00,R111,20.17,1,0,1,1,0.349,0.349,NORMAL
2026-09-26 22:00:00,R112,20.17,2,0,1,1,0.611,0.611,NORMAL
2026-09-26 22:00:00,R113,20.17,2,0,1,1,0.454,0.454,NORMAL
2026-09-26 22:00:00,R114,20.17,2,0,1,1,0.53,0.53,NORMAL
2026-09-26 22:00:00,R115,20.17,1,0,1,1,0.39,0.39,NORMAL
2026-09-26 22:00:00,R116,20.17,1,0,1,1,0.454,0.454,NORMAL
2026-09-26 22:00:00,R117,20.17,2,0,1,1,0.42,0.42,NORMAL
2026-09-26 22:00:00,R118,20.17,1,0,1,1,0.425,0.425,NORMAL
2026-09-26 22:00:00,R119,20.17,2,0,1,1,0.424,0.424,NORMAL
2026-09-26 22:00:00,R120,20.17,2,0,1,1,0.636,0.636,NORMAL
2026-09-26 23:00:00,R101,20.64,1,0,1,0,0.31,0.31,NORMAL
2026-09-26 23:00:00,R102,20.64,0,0,1,0,0.15,0.15,NORMAL
2026-09-26 23:00:00,R103,20.64,0,0,1,0,0.15,0.15,NORMAL
2026-09-26 23:00:00,R104,20.64,0,0,1,0,0.15,0.15,NORMAL
2026-09-26 23:00:00,R105,20.64,0,0,1,0,0.15,0.15,NORMAL
2026-09-26 23:00:00,R106,20.64,0,0,1,0,0.15,0.15,NORMAL
2026-09-26 23:00:00,R107,20.64,0,0,1,0,0.15,0.15,NORMAL
2026-09-26 23:00:00,R108,20.64,0,0,1,0,0.15,0.15,NORMAL
2026-09-26 23:00:00,R109,20.64,1,0,1,0,0.354,0.354,NORMAL
2026-09-26 23:00:00,R110,20.64,0,0,1,0,0.15,0.15,NORMAL
2026-09-26 23:00:00,R111,20.64,1,0,1,0,0.411,0.411,NORMAL
2026-09-26 23:00:00,R112,20.64,0,0,1,0,0.15,0.15,NORMAL
2026-09-26 23:00:00,R113,20.64,1,0,1,0,0.42,0.42,NORMAL
2026-09-26 23:00:00,R114,20.64,1,0,1,0,0.41,0.41,NORMAL
2026-09-26 23:00:00,R115,20.64,1,0,1,0,0.468,0.468,NORMAL
2026-09-26 23:00:00,R116,20.64,1,0,1,0,0.402,0.402,NORMAL
2026-09-26 23:00:00,R117,20.64,1,0,1,0,0.341,0.341,NORMAL
2026-09-26 23:00:00,R118,20.64,0,0,1,0,0.15,0.15,NORMAL
2026-09-26 23:00:00,R119,20.64,0,0,1,0,0.15,0.15,NORMAL
2026-09-26 23:00:00,R120,20.64,0,0,1,0,0.15,0.15,NORMAL
2026-09-27 00:00:00,R101,19.23,1,0,1,0,0.356,0.356,NORMAL
2026-09-27 00:00:00,R102,19.23,0,0,1,0,0.15,0.15,NORMAL
2026-09-27 00:00:00,R103,19.23,0,0,1,0,0.15,0.15,NORMAL
2026-09-27 00:00:00,R104,19.23,1,0,1,0,0.33,0.33,NORMAL
2026-09-27 00:00:00,R105,19.23,0,0,1,0,0.15,0.15,NORMAL
2026-09-27 00:00:00,R106,19.23,0,0,1,0,0.15,0.15,NORMAL
2026-09-27 00:00:00,R107,19.23,0,0,1,0,0.15,0.15,NORMAL
2026-09-27 00:00:00,R108,19.23,0,1,1,0,1.395,1.395,AC_WASTE
2026-09-27 00:00:00,R109,19.23,0,0,1,0,0.15,0.15,NORMAL
2026-09-27 00:00:00,R110,19.23,0,0,1,0,0.15,0.15,NORMAL
2026-09-27 00:00:00,R111,19.23,0,0,1,0,0.15,0.15,NORMAL
2026-09-27 00:00:00,R112,19.23,0,0,1,0,0.15,0.15,NORMAL
2026-09-27 00:00:00,R113,19.23,1,0,1,0,0.33,0.33,NORMAL
2026-09-27 00:00:00,R114,19.23,0,0,1,0,0.15,0.15,NORMAL
2026-09-27 00:00:00,R115,19.23,0,0,1,0,0.15,0.15,NORMAL
2026-09-27 00:00:00,R116,19.23,0,0,1,0,0.15,0.15,NORMAL
2026-09-27 00:00:00,R117,19.23,0,0,1,0,0.15,0.15,NORMAL
2026-09-27 00:00:00,R118,19.23,1,0,1,0,0.436,0.436,NORMAL
2026-09-27 00:00:00,R119,19.23,0,0,1,0,0.15,0.15,NORMAL
2026-09-27 00:00:00,R120,19.23,0,0,1,0,0.15,0.15,NORMAL
2026-09-27 01:00:00,R101,21.67,1,0,1,0,0.422,0.422,NORMAL
2026-09-27 01:00:00,R102,21.67,0,0,1,0,0.15,0.15,NORMAL
2026-09-27 01:00:00,R103,21.67,0,0,1,0,0.15,0.15,NORMAL
2026-09-27 01:00:00,R104,21.67,0,0,1,0,0.15,0.15,NORMAL
2026-09-27 01:00:00,R105,21.67,0,1,1,0,1.609,1.609,AC_WASTE
2026-09-27 01:00:00,R106,21.67,0,0,1,0,0.15,0.15,NORMAL
2026-09-27 01:00:00,R107,21.67,0,0,1,0,0.15,0.15,NORMAL
2026-09-27 01:00:00,R108,21.67,1,0,1,0,0.355,0.355,NORMAL
2026-09-27 01:00:00,R109,21.67,0,0,1,0,0.15,0.15,NORMAL
2026-09-27 01:00:00,R110,21.67,1,0,1,0,0.324,0.324,NORMAL
2026-09-27 01:00:00,R111,21.67,0,0,1,0,0.15,0.15,NORMAL
2026-09-27 01:00:00,R112,21.67,0,0,1,0,0.15,0.15,NORMAL
2026-09-27 01:00:00,R113,21.67,0,0,1,0,0.15,0.15,NORMAL
2026-09-27 01:00:00,R114,21.67,1,0,1,0,0.4,0.4,NORMAL
2026-09-27 01:00:00,R115,21.67,0,0,1,0,0.15,0.15,NORMAL
2026-09-27 01:00:00,R116,21.67,0,0,1,0,0.15,0.15,NORMAL
2026-09-27 01:00:00,R117,21.67,0,0,1,0,0.15,0.15,NORMAL
2026-09-27 01:00:00,R118,21.67,1,0,1,0,0.388,0.388,NORMAL
2026-09-27 01:00:00,R119,21.67,1,0,1,0,0.414,0.414,NORMAL
2026-09-27 01:00:00,R120,21.67,0,0,1,0,0.15,0.15,NORMAL
2026-09-27 02:00:00,R101,20.23,0,0,1,0,0.15,0.15,NORMAL
2026-09-27 02:00:00,R102,20.23,0,0,1,0,0.15,0.15,NORMAL
2026-09-27 02:00:00,R103,20.23,1,0,1,0,0.466,0.466,NORMAL
2026-09-27 02:00:00,R104,20.23,1,0,1,0,0.426,0.426,NORMAL
2026-09-27 02:00:00,R105,20.23,0,0,1,0,0.15,0.15,NORMAL
2026-09-27 02:00:00,R106,20.23,1,0,1,0,0.37,0.37,NORMAL
2026-09-27 02:00:00,R107,20.23,0,0,1,0,0.15,0.15,NORMAL
2026-09-27 02:00:00,R108,20.23,0,0,1,0,0.15,0.15,NORMAL
2026-09-27 02:00:00,R109,20.23,0,0,1,0,0.15,0.15,NORMAL
2026-09-27 02:00:00,R110,20.23,0,0,1,0,0.15,0.15,NORMAL
2026-09-27 02:00:00,R111,20.23,0,0,1,0,0.15,0.15,NORMAL
2026-09-27 02:00:00,R112,20.23,0,0,1,0,0.15,0.15,NORMAL
2026-09-27 02:00:00,R113,20.23,0,0,1,0,0.15,0.15,NORMAL
2026-09-27 02:00:00,R114,20.23,0,0,1,0,0.15,0.15,NORMAL
2026-09-27 02:00:00,R115,20.23,0,0,1,0,0.15,0.15,NORMAL
2026-09-27 02:00:00,R116,20.23,0,1,1,0,1.617,1.617,AC_WASTE
2026-09-27 02:00:00,R117,20.23,0,0,1,0,0.15,0.15,NORMAL
2026-09-27 02:00:00,R118,20.23,0,0,1,0,0.15,0.15,NORMAL
2026-09-27 02:00:00,R119,20.23,0,0,1,0,0.15,0.15,NORMAL
2026-09-27 02:00:00,R120,20.23,0,0,1,0,0.15,0.15,NORMAL
2026-09-27 03:00:00,R101,20.47,0,0,1,0,0.15,0.15,NORMAL
2026-09-27 03:00:00,R102,20.47,1,0,1,0,0.352,0.352,NORMAL
2026-09-27 03:00:00,R103,20.47,0,0,1,0,0.15,0.15,NORMAL
2026-09-27 03:00:00,R104,20.47,1,0,1,0,0.361,0.361,NORMAL
2026-09-27 03:00:00,R105,20.47,0,0,1,0,0.15,0.15,NORMAL
2026-09-27 03:00:00,R106,20.47,1,0,1,0,0.403,0.403,NORMAL
2026-09-27 03:00:00,R107,20.47,0,0,1,0,0.15,0.15,NORMAL
2026-09-27 03:00:00,R108,20.47,0,0,1,0,0.15,0.15,NORMAL
2026-09-27 03:00:00,R109,20.47,0,0,1,0,0.15,0.15,NORMAL
2026-09-27 03:00:00,R110,20.47,1,0,1,0,0.374,0.374,NORMAL
2026-09-27 03:00:00,R111,20.47,0,0,1,0,0.15,0.15,NORMAL
2026-09-27 03:00:00,R112,20.47,0,0,1,0,0.15,0.15,NORMAL
2026-09-27 03:00:00,R113,20.47,0,0,1,0,0.15,0.15,NORMAL
2026-09-27 03:00:00,R114,20.47,0,0,1,0,0.15,0.15,NORMAL
2026-09-27 03:00:00,R115,20.47,0,0,1,0,0.15,0.15,NORMAL
2026-09-27 03:00:00,R116,20.47,0,0,1,0,0.15,0.15,NORMAL
2026-09-27 03:00:00,R117,20.47,0,0,1,0,0.15,0.15,NORMAL
2026-09-27 03:00:00,R118,20.47,0,0,1,0,0.15,0.15,NORMAL
2026-09-27 03:00:00,R119,20.47,0,0,1,0,0.15,0.15,NORMAL
2026-09-27 03:00:00,R120,20.47,0,0,1,0,0.15,0.15,NORMAL
2026-09-27 04:00:00,R101,21.63,0,0,1,0,0.15,0.15,NORMAL
2026-09-27 04:00:00,R102,21.63,0,0,1,0,0.15,0.15,NORMAL
2026-09-27 04:00:00,R103,21.63,0,0,1,0,0.15,0.15,NORMAL
2026-09-27 04:00:00,R104,21.63,1,0,1,0,0.421,0.421,NORMAL
2026-09-27 04:00:00,R105,21.63,0,0,1,0,0.15,0.15,NORMAL
2026-09-27 04:00:00,R106,21.63,0,0,1,0,0.15,0.15,NORMAL
2026-09-27 04:00:00,R107,21.63,0,1,1,0,1.525,1.525,AC_WASTE
2026-09-27 04:00:00,R108,21.63,0,0,1,0,0.15,0.15,NORMAL
2026-09-27 04:00:00,R109,21.63,0,0,1,0,0.15,0.15,NORMAL
2026-09-27 04:00:00,R110,21.63,1,0,1,0,0.358,0.358,NORMAL
2026-09-27 04:00:00,R111,21.63,0,0,1,0,0.15,0.15,NORMAL
2026-09-27 04:00:00,R112,21.63,0,0,1,0,0.15,0.15,NORMAL
2026-09-27 04:00:00,R113,21.63,0,0,1,0,0.15,0.15,NORMAL
2026-09-27 04:00:00,R114,21.63,0,0,1,0,0.15,0.15,NORMAL
2026-09-27 04:00:00,R115,21.63,1,0,1,0,0.432,0.432,NORMAL
2026-09-27 04:00:00,R116,21.63,0,0,1,0,0.15,0.15,NORMAL
2026-09-27 04:00:00,R117,21.63,0,0,1,0,0.15,0.15,NORMAL
2026-09-27 04:00:00,R118,21.63,0,0,1,0,0.15,0.15,NORMAL
2026-09-27 04:00:00,R119,21.63,0,0,1,0,0.15,0.15,NORMAL
2026-09-27 04:00:00,R120,21.63,0,0,1,0,0.15,0.15,NORMAL
2026-09-27 05:00:00,R101,26.6,0,0,1,0,0.15,0.15,NORMAL
2026-09-27 05:00:00,R102,26.6,1,0,1,0,0.36,0.36,NORMAL
2026-09-27 05:00:00,R103,26.6,0,0,1,0,0.15,0.15,NORMAL
2026-09-27 05:00:00,R104,26.6,1,0,1,0,0.352,0.352,NORMAL
2026-09-27 05:00:00,R105,26.6,0,0,1,0,0.15,0.15,NORMAL
2026-09-27 05:00:00,R106,26.6,0,0,1,0,0.15,0.15,NORMAL
2026-09-27 05:00:00,R107,26.6,0,0,1,0,0.15,0.15,NORMAL
2026-09-27 05:00:00,R108,26.6,0,0,1,0,0.15,0.15,NORMAL
2026-09-27 05:00:00,R109,26.6,1,0,1,0,0.455,0.455,NORMAL
2026-09-27 05:00:00,R110,26.6,0,0,1,0,0.15,0.15,NORMAL
2026-09-27 05:00:00,R111,26.6,0,0,1,0,0.15,0.15,NORMAL
2026-09-27 05:00:00,R112,26.6,0,0,1,0,0.15,0.15,NORMAL
2026-09-27 05:00:00,R113,26.6,0,0,1,0,0.15,0.15,NORMAL
2026-09-27 05:00:00,R114,26.6,1,0,1,0,0.408,0.408,NORMAL
2026-09-27 05:00:00,R115,26.6,0,0,1,0,0.15,0.15,NORMAL
2026-09-27 05:00:00,R116,26.6,1,0,1,0,0.337,0.337,NORMAL
2026-09-27 05:00:00,R117,26.6,0,0,1,0,0.15,0.15,NORMAL
2026-09-27 05:00:00,R118,26.6,0,0,1,0,0.15,0.15,NORMAL
2026-09-27 05:00:00,R119,26.6,1,0,1,0,0.374,0.374,NORMAL
2026-09-27 05:00:00,R120,26.6,0,0,1,0,0.15,0.15,NORMAL
2026-09-27 06:00:00,R101,27.92,1,0,0,1,0.27,0.27,NORMAL
2026-09-27 06:00:00,R102,27.92,1,0,0,1,0.292,0.292,NORMAL
2026-09-27 06:00:00,R103,27.92,1,0,0,1,0.214,0.214,NORMAL
2026-09-27 06:00:00,R104,27.92,1,0,0,1,0.265,0.265,NORMAL
2026-09-27 06:00:00,R105,27.92,1,0,0,1,0.253,0.253,NORMAL
2026-09-27 06:00:00,R106,27.92,1,0,0,1,0.229,0.229,NORMAL
2026-09-27 06:00:00,R107,27.92,2,0,0,1,0.437,0.437,NORMAL
2026-09-27 06:00:00,R108,27.92,1,0,0,1,0.26,0.26,NORMAL
2026-09-27 06:00:00,R109,27.92,0,0,0,1,0.15,0.15,NORMAL
2026-09-27 06:00:00,R110,27.92,2,0,0,1,0.327,0.327,NORMAL
2026-09-27 06:00:00,R111,27.92,1,0,0,1,0.223,0.223,NORMAL
2026-09-27 06:00:00,R112,27.92,1,0,0,1,0.264,0.264,NORMAL
2026-09-27 06:00:00,R113,27.92,0,0,0,1,0.15,0.15,NORMAL
2026-09-27 06:00:00,R114,27.92,1,0,0,1,0.208,0.208,NORMAL
2026-09-27 06:00:00,R115,27.92,0,0,0,1,0.15,0.15,NORMAL
2026-09-27 06:00:00,R116,27.92,2,0,0,1,0.317,0.317,NORMAL
2026-09-27 06:00:00,R117,27.92,1,0,0,1,0.28,0.28,NORMAL
2026-09-27 06:00:00,R118,27.92,1,0,0,1,0.237,0.237,NORMAL
2026-09-27 06:00:00,R119,27.92,0,0,0,1,0.15,0.15,NORMAL
2026-09-27 06:00:00,R120,27.92,0,0,0,1,0.15,0.15,NORMAL
2026-09-27 07:00:00,R101,28.99,1,0,0,1,0.246,0.246,NORMAL
2026-09-27 07:00:00,R102,28.99,1,0,0,1,0.216,0.216,NORMAL
2026-09-27 07:00:00,R103,28.99,1,0,0,1,0.284,0.284,NORMAL
2026-09-27 07:00:00,R104,28.99,1,0,0,1,0.293,0.293,NORMAL
2026-09-27 07:00:00,R105,28.99,1,0,0,1,0.278,0.278,NORMAL
2026-09-27 07:00:00,R106,28.99,1,0,0,1,0.247,0.247,NORMAL
2026-09-27 07:00:00,R107,28.99,1,0,0,1,0.25,0.25,NORMAL
2026-09-27 07:00:00,R108,28.99,1,0,0,1,0.225,0.225,NORMAL
2026-09-27 07:00:00,R109,28.99,1,0,0,1,0.283,0.283,NORMAL
2026-09-27 07:00:00,R110,28.99,2,0,0,1,0.391,0.391,NORMAL
2026-09-27 07:00:00,R111,28.99,2,0,0,1,0.418,0.418,NORMAL
2026-09-27 07:00:00,R112,28.99,1,0,0,1,0.239,0.239,NORMAL
2026-09-27 07:00:00,R113,28.99,0,1,0,1,1.683,1.683,AC_WASTE
2026-09-27 07:00:00,R114,28.99,1,0,0,1,0.231,0.231,NORMAL
2026-09-27 07:00:00,R115,28.99,0,1,0,1,1.58,1.58,AC_WASTE
2026-09-27 07:00:00,R116,28.99,2,0,0,1,0.304,0.304,NORMAL
2026-09-27 07:00:00,R117,28.99,1,0,0,1,0.208,0.208,NORMAL
2026-09-27 07:00:00,R118,28.99,1,0,0,1,0.273,0.273,NORMAL
2026-09-27 07:00:00,R119,28.99,0,0,0,1,0.15,0.15,NORMAL
2026-09-27 07:00:00,R120,28.99,2,0,0,1,0.285,0.285,NORMAL
2026-09-27 08:00:00,R101,28.25,1,0,0,1,0.226,0.226,NORMAL
2026-09-27 08:00:00,R102,28.25,0,0,0,1,0.15,0.15,NORMAL
2026-09-27 08:00:00,R103,28.25,0,0,0,1,0.15,0.15,NORMAL
2026-09-27 08:00:00,R104,28.25,1,0,0,1,0.256,0.256,NORMAL
2026-09-27 08:00:00,R105,28.25,1,0,0,1,0.225,0.225,NORMAL
2026-09-27 08:00:00,R106,28.25,2,0,0,1,0.276,0.276,NORMAL
2026-09-27 08:00:00,R107,28.25,1,0,0,1,0.215,0.215,NORMAL
2026-09-27 08:00:00,R108,28.25,1,0,0,1,0.21,0.21,NORMAL
2026-09-27 08:00:00,R109,28.25,0,0,0,1,0.15,0.15,NORMAL
2026-09-27 08:00:00,R110,28.25,2,0,0,1,0.307,0.307,NORMAL
2026-09-27 08:00:00,R111,28.25,1,0,0,1,0.266,0.266,NORMAL
2026-09-27 08:00:00,R112,28.25,1,0,0,1,0.254,0.254,NORMAL
2026-09-27 08:00:00,R113,28.25,2,0,0,1,0.403,0.403,NORMAL
2026-09-27 08:00:00,R114,28.25,1,0,0,1,0.215,0.215,NORMAL
2026-09-27 08:00:00,R115,28.25,1,0,0,1,0.231,0.231,NORMAL
2026-09-27 08:00:00,R116,28.25,1,0,0,1,0.268,0.268,NORMAL
2026-09-27 08:00:00,R117,28.25,1,0,0,1,0.289,0.289,NORMAL
2026-09-27 08:00:00,R118,28.25,2,0,0,1,0.342,0.342,NORMAL
2026-09-27 08:00:00,R119,28.25,1,0,0,1,0.203,0.203,NORMAL
2026-09-27 08:00:00,R120,28.25,2,0,0,1,0.417,0.417,NORMAL
2026-09-27 09:00:00,R101,34.14,1,1,0,1,1.834,1.834,NORMAL
2026-09-27 09:00:00,R102,34.14,0,0,0,1,0.15,0.15,NORMAL
2026-09-27 09:00:00,R103,34.14,0,0,0,1,0.15,0.15,NORMAL
2026-09-27 09:00:00,R104,34.14,1,1,0,1,2.364,2.364,STANDBY_WASTE
2026-09-27 09:00:00,R105,34.14,0,1,0,1,1.729,1.729,AC_WASTE
2026-09-27 09:00:00,R106,34.14,1,1,0,1,1.557,1.557,NORMAL
2026-09-27 09:00:00,R107,34.14,1,1,0,1,1.716,1.716,NORMAL
2026-09-27 09:00:00,R108,34.14,1,1,0,1,2.025,2.025,NORMAL
2026-09-27 09:00:00,R109,34.14,0,0,0,1,0.15,0.15,NORMAL
2026-09-27 09:00:00,R110,34.14,1,1,0,1,1.658,1.658,NORMAL
2026-09-27 09:00:00,R111,34.14,1,1,0,1,1.971,1.971,NORMAL
2026-09-27 09:00:00,R112,34.14,1,1,0,1,1.614,1.614,NORMAL
2026-09-27 09:00:00,R113,34.14,1,1,0,1,1.43,1.43,NORMAL
2026-09-27 09:00:00,R114,34.14,1,1,0,1,1.929,1.929,NORMAL
2026-09-27 09:00:00,R115,34.14,1,1,0,1,2.06,2.06,NORMAL
2026-09-27 09:00:00,R116,34.14,0,0,0,1,0.15,0.15,NORMAL
2026-09-27 09:00:00,R117,34.14,1,1,0,1,1.608,1.608,NORMAL
2026-09-27 09:00:00,R118,34.14,0,0,0,1,0.15,0.15,NORMAL
2026-09-27 09:00:00,R119,34.14,0,0,0,1,0.15,0.15,NORMAL
2026-09-27 09:00:00,R120,34.14,0,0,0,1,0.15,0.15,NORMAL
2026-09-27 10:00:00,R101,34.07,1,1,0,1,1.482,1.482,NORMAL
2026-09-27 10:00:00,R102,34.07,1,1,0,1,1.634,1.634,NORMAL
2026-09-27 10:00:00,R103,34.07,0,0,0,1,0.15,0.15,NORMAL
2026-09-27 10:00:00,R104,34.07,0,0,0,1,0.15,0.15,NORMAL
2026-09-27 10:00:00,R105,34.07,0,1,0,1,1.647,1.647,AC_WASTE
2026-09-27 10:00:00,R106,34.07,2,1,0,1,2.053,2.053,NORMAL
2026-09-27 10:00:00,R107,34.07,0,1,0,1,1.773,1.773,AC_WASTE
2026-09-27 10:00:00,R108,34.07,0,0,0,1,0.15,0.15,NORMAL
2026-09-27 10:00:00,R109,34.07,0,1,0,1,1.462,1.462,AC_WASTE
2026-09-27 10:00:00,R110,34.07,2,1,0,1,1.652,1.652,NORMAL
2026-09-27 10:00:00,R111,34.07,0,0,0,1,0.15,0.15,NORMAL
2026-09-27 10:00:00,R112,34.07,1,1,0,1,1.971,1.971,NORMAL
2026-09-27 10:00:00,R113,34.07,1,1,0,1,1.961,1.961,NORMAL
2026-09-27 10:00:00,R114,34.07,0,0,0,1,0.15,0.15,NORMAL
2026-09-27 10:00:00,R115,34.07,0,0,0,1,0.15,0.15,NORMAL
2026-09-27 10:00:00,R116,34.07,1,1,0,1,1.934,1.934,NORMAL
2026-09-27 10:00:00,R117,34.07,1,1,0,1,1.611,1.611,NORMAL
2026-09-27 10:00:00,R118,34.07,0,0,0,1,0.15,0.15,NORMAL
2026-09-27 10:00:00,R119,34.07,0,0,0,1,0.15,0.15,NORMAL
2026-09-27 10:00:00,R120,34.07,0,0,0,1,0.15,0.15,NORMAL
2026-09-27 11:00:00,R101,33.38,0,0,0,1,0.15,0.15,NORMAL
2026-09-27 11:00:00,R102,33.38,1,1,0,1,1.691,1.691,NORMAL
2026-09-27 11:00:00,R103,33.38,0,0,0,1,0.15,0.15,NORMAL
2026-09-27 11:00:00,R104,33.38,0,0,0,1,0.15,0.15,NORMAL
2026-09-27 11:00:00,R105,33.38,0,0,0,1,0.15,0.15,NORMAL
2026-09-27 11:00:00,R106,33.38,2,1,0,1,1.809,1.809,NORMAL
2026-09-27 11:00:00,R107,33.38,0,0,0,1,0.15,0.15,NORMAL
2026-09-27 11:00:00,R108,33.38,1,1,0,1,1.724,1.724,NORMAL
2026-09-27 11:00:00,R109,33.38,0,0,0,1,0.15,0.15,NORMAL
2026-09-27 11:00:00,R110,33.38,0,0,0,1,0.15,0.15,NORMAL
2026-09-27 11:00:00,R111,33.38,1,1,0,1,1.97,1.97,NORMAL
2026-09-27 11:00:00,R112,33.38,2,1,0,1,1.623,1.623,NORMAL
2026-09-27 11:00:00,R113,33.38,0,0,0,1,0.15,0.15,NORMAL
2026-09-27 11:00:00,R114,33.38,0,0,0,1,0.15,0.15,NORMAL
2026-09-27 11:00:00,R115,33.38,1,1,0,1,1.733,1.733,NORMAL
2026-09-27 11:00:00,R116,33.38,0,0,0,1,0.15,0.15,NORMAL
2026-09-27 11:00:00,R117,33.38,0,0,0,1,0.15,0.15,NORMAL
2026-09-27 11:00:00,R118,33.38,1,1,0,1,1.952,1.952,NORMAL
2026-09-27 11:00:00,R119,33.38,1,1,0,1,1.804,1.804,NORMAL
2026-09-27 11:00:00,R120,33.38,0,0,0,1,0.15,0.15,NORMAL
2026-09-27 12:00:00,R101,34.53,1,1,0,1,1.775,1.775,NORMAL
2026-09-27 12:00:00,R102,34.53,1,1,0,1,1.502,1.502,NORMAL
2026-09-27 12:00:00,R103,34.53,2,1,0,1,1.782,1.782,NORMAL
2026-09-27 12:00:00,R104,34.53,0,0,0,1,0.15,0.15,NORMAL
2026-09-27 12:00:00,R105,34.53,2,1,0,1,2.124,2.124,NORMAL
2026-09-27 12:00:00,R106,34.53,0,0,0,1,0.15,0.15,NORMAL
2026-09-27 12:00:00,R107,34.53,0,1,0,1,1.52,1.52,AC_WASTE
2026-09-27 12:00:00,R108,34.53,1,1,0,1,1.962,1.962,NORMAL
2026-09-27 12:00:00,R109,34.53,2,1,0,1,1.832,1.832,NORMAL
2026-09-27 12:00:00,R110,34.53,0,0,0,1,0.15,0.15,NORMAL
2026-09-27 12:00:00,R111,34.53,0,0,0,1,0.15,0.15,NORMAL
2026-09-27 12:00:00,R112,34.53,1,1,0,1,2.094,2.094,NORMAL
2026-09-27 12:00:00,R113,34.53,0,0,0,1,0.15,0.15,NORMAL
2026-09-27 12:00:00,R114,34.53,1,1,0,1,1.45,1.45,NORMAL
2026-09-27 12:00:00,R115,34.53,0,0,0,1,0.15,0.15,NORMAL
2026-09-27 12:00:00,R116,34.53,1,1,0,1,1.638,1.638,NORMAL
2026-09-27 12:00:00,R117,34.53,0,0,0,1,0.568,0.568,STANDBY_WASTE
2026-09-27 12:00:00,R118,34.53,0,0,0,1,0.15,0.15,NORMAL
2026-09-27 12:00:00,R119,34.53,0,0,0,1,0.15,0.15,NORMAL
2026-09-27 12:00:00,R120,34.53,2,1,0,1,1.964,1.964,NORMAL
2026-09-27 13:00:00,R101,32.02,0,0,0,1,0.15,0.15,NORMAL
2026-09-27 13:00:00,R102,32.02,0,0,0,1,0.15,0.15,NORMAL
2026-09-27 13:00:00,R103,32.02,1,1,0,1,1.913,1.913,NORMAL
2026-09-27 13:00:00,R104,32.02,2,1,0,1,1.945,1.945,NORMAL
2026-09-27 13:00:00,R105,32.02,1,1,0,1,1.905,1.905,NORMAL
2026-09-27 13:00:00,R106,32.02,0,0,0,1,0.15,0.15,NORMAL
2026-09-27 13:00:00,R107,32.02,1,1,0,1,1.653,1.653,NORMAL
2026-09-27 13:00:00,R108,32.02,1,1,0,1,1.951,1.951,NORMAL
2026-09-27 13:00:00,R109,32.02,2,1,0,1,1.658,1.658,NORMAL
2026-09-27 13:00:00,R110,32.02,0,0,0,1,0.15,0.15,NORMAL
2026-09-27 13:00:00,R111,32.02,0,0,0,1,0.15,0.15,NORMAL
2026-09-27 13:00:00,R112,32.02,0,0,0,1,0.15,0.15,NORMAL
2026-09-27 13:00:00,R113,32.02,0,0,0,1,0.15,0.15,NORMAL
2026-09-27 13:00:00,R114,32.02,0,0,0,1,0.15,0.15,NORMAL
2026-09-27 13:00:00,R115,32.02,0,0,0,1,0.15,0.15,NORMAL
2026-09-27 13:00:00,R116,32.02,0,0,0,1,0.15,0.15,NORMAL
2026-09-27 13:00:00,R117,32.02,0,0,0,1,0.15,0.15,NORMAL
2026-09-27 13:00:00,R118,32.02,0,0,0,1,0.15,0.15,NORMAL
2026-09-27 13:00:00,R119,32.02,0,0,0,1,0.15,0.15,NORMAL
2026-09-27 13:00:00,R120,32.02,1,1,0,1,1.578,1.578,NORMAL
2026-09-27 14:00:00,R101,35.51,0,0,0,1,0.15,0.15,NORMAL
2026-09-27 14:00:00,R102,35.51,0,0,0,1,0.15,0.15,NORMAL
2026-09-27 14:00:00,R103,35.51,1,1,0,1,2.061,2.061,NORMAL
2026-09-27 14:00:00,R104,35.51,0,0,0,1,0.15,0.15,NORMAL
2026-09-27 14:00:00,R105,35.51,0,0,0,1,0.15,0.15,NORMAL
2026-09-27 14:00:00,R106,35.51,2,1,0,1,1.622,1.622,NORMAL
2026-09-27 14:00:00,R107,35.51,0,0,0,1,0.15,0.15,NORMAL
2026-09-27 14:00:00,R108,35.51,0,0,0,1,0.698,0.698,STANDBY_WASTE
2026-09-27 14:00:00,R109,35.51,0,0,0,1,0.15,0.15,NORMAL
2026-09-27 14:00:00,R110,35.51,1,1,0,1,1.589,1.589,NORMAL
2026-09-27 14:00:00,R111,35.51,0,0,0,1,0.15,0.15,NORMAL
2026-09-27 14:00:00,R112,35.51,0,0,0,1,0.15,0.15,NORMAL
2026-09-27 14:00:00,R113,35.51,1,1,0,1,1.518,1.518,NORMAL
2026-09-27 14:00:00,R114,35.51,0,0,0,1,0.15,0.15,NORMAL
2026-09-27 14:00:00,R115,35.51,0,0,0,1,0.15,0.15,NORMAL
2026-09-27 14:00:00,R116,35.51,2,1,0,1,1.825,1.825,NORMAL
2026-09-27 14:00:00,R117,35.51,0,0,0,1,0.15,0.15,NORMAL
2026-09-27 14:00:00,R118,35.51,0,0,0,1,0.15,0.15,NORMAL
2026-09-27 14:00:00,R119,35.51,0,0,0,1,0.15,0.15,NORMAL
2026-09-27 14:00:00,R120,35.51,0,0,0,1,0.15,0.15,NORMAL
2026-09-27 15:00:00,R101,32.35,0,0,0,1,0.15,0.15,NORMAL
2026-09-27 15:00:00,R102,32.35,0,0,0,1,0.15,0.15,NORMAL
2026-09-27 15:00:00,R103,32.35,0,0,0,1,0.15,0.15,NORMAL
2026-09-27 15:00:00,R104,32.35,0,0,0,1,0.15,0.15,NORMAL
2026-09-27 15:00:00,R105,32.35,0,0,0,1,0.15,0.15,NORMAL
2026-09-27 15:00:00,R106,32.35,0,0,0,1,0.15,0.15,NORMAL
2026-09-27 15:00:00,R107,32.35,0,0,0,1,0.15,0.15,NORMAL
2026-09-27 15:00:00,R108,32.35,0,0,0,1,0.15,0.15,NORMAL
2026-09-27 15:00:00,R109,32.35,1,1,0,1,2.025,2.025,NORMAL
2026-09-27 15:00:00,R110,32.35,1,1,0,1,1.623,1.623,NORMAL
2026-09-27 15:00:00,R111,32.35,1,1,0,1,1.979,1.979,NORMAL
2026-09-27 15:00:00,R112,32.35,2,1,0,1,1.924,1.924,NORMAL
2026-09-27 15:00:00,R113,32.35,1,1,0,1,1.899,1.899,NORMAL
2026-09-27 15:00:00,R114,32.35,0,0,0,1,0.15,0.15,NORMAL
2026-09-27 15:00:00,R115,32.35,1,1,0,1,1.679,1.679,NORMAL
2026-09-27 15:00:00,R116,32.35,0,0,0,1,0.15,0.15,NORMAL
2026-09-27 15:00:00,R117,32.35,0,1,0,1,1.546,1.546,AC_WASTE
2026-09-27 15:00:00,R118,32.35,0,0,0,1,0.15,0.15,NORMAL
2026-09-27 15:00:00,R119,32.35,0,0,0,1,0.15,0.15,NORMAL
2026-09-27 15:00:00,R120,32.35,0,0,0,1,0.15,0.15,NORMAL
2026-09-27 16:00:00,R101,28.74,1,0,0,1,0.254,0.254,NORMAL
2026-09-27 16:00:00,R102,28.74,0,0,0,1,0.15,0.15,NORMAL
2026-09-27 16:00:00,R103,28.74,0,0,0,1,0.15,0.15,NORMAL
2026-09-27 16:00:00,R104,28.74,0,0,0,1,0.15,0.15,NORMAL
2026-09-27 16:00:00,R105,28.74,0,0,0,1,0.15,0.15,NORMAL
2026-09-27 16:00:00,R106,28.74,1,0,0,1,0.269,0.269,NORMAL
2026-09-27 16:00:00,R107,28.74,0,0,0,1,0.15,0.15,NORMAL
2026-09-27 16:00:00,R108,28.74,1,0,0,1,0.252,0.252,NORMAL
2026-09-27 16:00:00,R109,28.74,0,0,0,1,0.15,0.15,NORMAL
2026-09-27 16:00:00,R110,28.74,0,0,0,1,0.15,0.15,NORMAL
2026-09-27 16:00:00,R111,28.74,1,0,0,1,0.225,0.225,NORMAL
2026-09-27 16:00:00,R112,28.74,0,0,0,1,0.15,0.15,NORMAL
2026-09-27 16:00:00,R113,28.74,0,0,0,1,0.15,0.15,NORMAL
2026-09-27 16:00:00,R114,28.74,0,0,0,1,0.15,0.15,NORMAL
2026-09-27 16:00:00,R115,28.74,0,0,0,1,0.15,0.15,NORMAL
2026-09-27 16:00:00,R116,28.74,0,0,0,1,0.15,0.15,NORMAL
2026-09-27 16:00:00,R117,28.74,0,0,0,1,0.15,0.15,NORMAL
2026-09-27 16:00:00,R118,28.74,0,0,0,1,0.15,0.15,NORMAL
2026-09-27 16:00:00,R119,28.74,2,0,0,1,0.269,0.269,NORMAL
2026-09-27 16:00:00,R120,28.74,1,0,0,1,0.221,0.221,NORMAL
2026-09-27 17:00:00,R101,30.66,1,1,0,1,1.541,1.541,NORMAL
2026-09-27 17:00:00,R102,30.66,1,1,0,1,1.907,1.907,NORMAL
2026-09-27 17:00:00,R103,30.66,2,1,0,1,1.657,1.657,NORMAL
2026-09-27 17:00:00,R104,30.66,1,1,0,1,1.881,1.881,NORMAL
2026-09-27 17:00:00,R105,30.66,2,1,0,1,1.931,1.931,NORMAL
2026-09-27 17:00:00,R106,30.66,2,1,0,1,2.034,2.034,NORMAL
2026-09-27 17:00:00,R107,30.66,1,1,0,1,1.756,1.756,NORMAL
2026-09-27 17:00:00,R108,30.66,2,1,0,1,2.18,2.18,NORMAL
2026-09-27 17:00:00,R109,30.66,1,1,0,1,1.72,1.72,NORMAL
2026-09-27 17:00:00,R110,30.66,2,1,0,1,2.019,2.019,NORMAL
2026-09-27 17:00:00,R111,30.66,1,1,0,1,2.071,2.071,NORMAL
2026-09-27 17:00:00,R112,30.66,2,1,0,1,1.55,1.55,NORMAL
2026-09-27 17:00:00,R113,30.66,2,1,0,1,1.822,1.822,NORMAL
2026-09-27 17:00:00,R114,30.66,1,1,0,1,1.894,1.894,NORMAL
2026-09-27 17:00:00,R115,30.66,1,1,0,1,1.697,1.697,NORMAL
2026-09-27 17:00:00,R116,30.66,2,1,0,1,1.608,1.608,NORMAL
2026-09-27 17:00:00,R117,30.66,1,1,0,1,1.765,1.765,NORMAL
2026-09-27 17:00:00,R118,30.66,2,1,0,1,2.013,2.013,NORMAL
2026-09-27 17:00:00,R119,30.66,1,1,0,1,1.54,1.54,NORMAL
2026-09-27 17:00:00,R120,30.66,2,1,0,1,1.767,1.767,NORMAL
2026-09-27 18:00:00,R101,25.77,0,0,1,1,0.15,0.15,NORMAL
2026-09-27 18:00:00,R102,25.77,1,0,1,1,0.308,0.308,NORMAL
2026-09-27 18:00:00,R103,25.77,0,0,1,1,0.15,0.15,NORMAL
2026-09-27 18:00:00,R104,25.77,1,0,1,1,0.35,0.35,NORMAL
2026-09-27 18:00:00,R105,25.77,1,0,1,1,0.439,0.439,NORMAL
2026-09-27 18:00:00,R106,25.77,0,0,1,1,0.15,0.15,NORMAL
2026-09-27 18:00:00,R107,25.77,2,0,1,1,0.467,0.467,NORMAL
2026-09-27 18:00:00,R108,25.77,1,0,1,1,0.368,0.368,NORMAL
2026-09-27 18:00:00,R109,25.77,2,0,1,1,0.527,0.527,NORMAL
2026-09-27 18:00:00,R110,25.77,2,0,1,1,0.386,0.386,NORMAL
2026-09-27 18:00:00,R111,25.77,1,0,1,1,0.404,0.404,NORMAL
2026-09-27 18:00:00,R112,25.77,1,0,1,1,0.394,0.394,NORMAL
2026-09-27 18:00:00,R113,25.77,2,0,1,1,0.46,0.46,NORMAL
2026-09-27 18:00:00,R114,25.77,2,0,1,1,0.586,0.586,NORMAL
2026-09-27 18:00:00,R115,25.77,0,0,1,1,0.15,0.15,NORMAL
2026-09-27 18:00:00,R116,25.77,1,0,1,1,0.368,0.368,NORMAL
2026-09-27 18:00:00,R117,25.77,1,0,1,1,0.377,0.377,NORMAL
2026-09-27 18:00:00,R118,25.77,2,0,1,1,0.499,0.499,NORMAL
2026-09-27 18:00:00,R119,25.77,2,0,1,1,0.51,0.51,NORMAL
2026-09-27 18:00:00,R120,25.77,2,0,1,1,0.474,0.474,NORMAL
2026-09-27 19:00:00,R101,22.83,1,0,1,1,0.348,0.348,NORMAL
2026-09-27 19:00:00,R102,22.83,0,0,1,1,0.15,0.15,NORMAL
2026-09-27 19:00:00,R103,22.83,2,0,1,1,0.947,0.947,STANDBY_WASTE
2026-09-27 19:00:00,R104,22.83,2,0,1,1,0.461,0.461,NORMAL
2026-09-27 19:00:00,R105,22.83,0,0,1,1,0.15,0.15,NORMAL
2026-09-27 19:00:00,R106,22.83,1,0,1,1,0.418,0.418,NORMAL
2026-09-27 19:00:00,R107,22.83,1,0,1,1,0.39,0.39,NORMAL
2026-09-27 19:00:00,R108,22.83,2,0,1,1,0.537,0.537,NORMAL
2026-09-27 19:00:00,R109,22.83,1,0,1,1,0.4,0.4,NORMAL
2026-09-27 19:00:00,R110,22.83,1,0,1,1,0.497,0.497,NORMAL
2026-09-27 19:00:00,R111,22.83,1,0,1,1,0.401,0.401,NORMAL
2026-09-27 19:00:00,R112,22.83,1,0,1,1,0.382,0.382,NORMAL
2026-09-27 19:00:00,R113,22.83,0,0,1,1,0.15,0.15,NORMAL
2026-09-27 19:00:00,R114,22.83,2,0,1,1,0.421,0.421,NORMAL
2026-09-27 19:00:00,R115,22.83,2,0,1,1,0.353,0.353,NORMAL
2026-09-27 19:00:00,R116,22.83,2,0,1,1,0.525,0.525,NORMAL
2026-09-27 19:00:00,R117,22.83,1,0,1,1,0.353,0.353,NORMAL
2026-09-27 19:00:00,R118,22.83,2,0,1,1,0.52,0.52,NORMAL
2026-09-27 19:00:00,R119,22.83,1,0,1,1,0.431,0.431,NORMAL
2026-09-27 19:00:00,R120,22.83,2,0,1,1,0.613,0.613,NORMAL
2026-09-27 20:00:00,R101,23.76,2,0,1,1,0.403,0.403,NORMAL
2026-09-27 20:00:00,R102,23.76,1,0,1,1,0.462,0.462,NORMAL
2026-09-27 20:00:00,R103,23.76,1,0,1,1,0.396,0.396,NORMAL
2026-09-27 20:00:00,R104,23.76,2,0,1,1,0.483,0.483,NORMAL
2026-09-27 20:00:00,R105,23.76,1,0,1,1,0.436,0.436,NORMAL
2026-09-27 20:00:00,R106,23.76,1,0,1,1,0.442,0.442,NORMAL
2026-09-27 20:00:00,R107,23.76,2,0,1,1,0.604,0.604,NORMAL
2026-09-27 20:00:00,R108,23.76,1,0,1,1,0.319,0.319,NORMAL
2026-09-27 20:00:00,R109,23.76,1,0,1,1,0.476,0.476,NORMAL
2026-09-27 20:00:00,R110,23.76,1,0,1,1,0.36,0.36,NORMAL
2026-09-27 20:00:00,R111,23.76,1,0,1,1,0.382,0.382,NORMAL
2026-09-27 20:00:00,R112,23.76,2,0,1,1,0.469,0.469,NORMAL
2026-09-27 20:00:00,R113,23.76,1,0,1,1,0.357,0.357,NORMAL
2026-09-27 20:00:00,R114,23.76,2,0,1,1,0.547,0.547,NORMAL
2026-09-27 20:00:00,R115,23.76,2,0,1,1,0.462,0.462,NORMAL
2026-09-27 20:00:00,R116,23.76,2,0,1,1,0.49,0.49,NORMAL
2026-09-27 20:00:00,R117,23.76,0,0,1,1,0.15,0.15,NORMAL
2026-09-27 20:00:00,R118,23.76,1,0,1,1,0.401,0.401,NORMAL
2026-09-27 20:00:00,R119,23.76,2,0,1,1,0.484,0.484,NORMAL
2026-09-27 20:00:00,R120,23.76,2,0,1,1,0.404,0.404,NORMAL
2026-09-27 21:00:00,R101,21.72,1,0,1,1,0.355,0.355,NORMAL
2026-09-27 21:00:00,R102,21.72,1,0,1,1,0.399,0.399,NORMAL
2026-09-27 21:00:00,R103,21.72,1,0,1,1,0.369,0.369,NORMAL
2026-09-27 21:00:00,R104,21.72,1,0,1,1,0.392,0.392,NORMAL
2026-09-27 21:00:00,R105,21.72,2,0,1,1,0.458,0.458,NORMAL
2026-09-27 21:00:00,R106,21.72,1,0,1,1,0.39,0.39,NORMAL
2026-09-27 21:00:00,R107,21.72,2,0,1,1,0.578,0.578,NORMAL
2026-09-27 21:00:00,R108,21.72,1,0,1,1,0.422,0.422,NORMAL
2026-09-27 21:00:00,R109,21.72,0,0,1,1,0.15,0.15,NORMAL
2026-09-27 21:00:00,R110,21.72,1,0,1,1,0.339,0.339,NORMAL
2026-09-27 21:00:00,R111,21.72,2,0,1,1,0.48,0.48,NORMAL
2026-09-27 21:00:00,R112,21.72,1,0,1,1,0.372,0.372,NORMAL
2026-09-27 21:00:00,R113,21.72,1,0,1,1,0.489,0.489,NORMAL
2026-09-27 21:00:00,R114,21.72,1,0,1,1,0.395,0.395,NORMAL
2026-09-27 21:00:00,R115,21.72,1,0,1,1,0.421,0.421,NORMAL
2026-09-27 21:00:00,R116,21.72,1,0,1,1,0.442,0.442,NORMAL
2026-09-27 21:00:00,R117,21.72,1,0,1,1,0.336,0.336,NORMAL
2026-09-27 21:00:00,R118,21.72,0,0,1,1,0.15,0.15,NORMAL
2026-09-27 21:00:00,R119,21.72,1,0,1,1,0.403,0.403,NORMAL
2026-09-27 21:00:00,R120,21.72,1,0,1,1,0.433,0.433,NORMAL
2026-09-27 22:00:00,R101,19.82,2,0,1,1,0.428,0.428,NORMAL
2026-09-27 22:00:00,R102,19.82,1,0,1,1,0.349,0.349,NORMAL
2026-09-27 22:00:00,R103,19.82,1,0,1,1,0.44,0.44,NORMAL
2026-09-27 22:00:00,R104,19.82,2,0,1,1,0.591,0.591,NORMAL
2026-09-27 22:00:00,R105,19.82,1,0,1,1,0.406,0.406,NORMAL
2026-09-27 22:00:00,R106,19.82,2,0,1,1,0.903,0.903,STANDBY_WASTE
2026-09-27 22:00:00,R107,19.82,2,0,1,1,0.601,0.601,NORMAL
2026-09-27 22:00:00,R108,19.82,2,0,1,1,0.489,0.489,NORMAL
2026-09-27 22:00:00,R109,19.82,1,0,1,1,0.398,0.398,NORMAL
2026-09-27 22:00:00,R110,19.82,1,0,1,1,0.421,0.421,NORMAL
2026-09-27 22:00:00,R111,19.82,1,0,1,1,0.348,0.348,NORMAL
2026-09-27 22:00:00,R112,19.82,2,0,1,1,0.632,0.632,NORMAL
2026-09-27 22:00:00,R113,19.82,2,0,1,1,0.523,0.523,NORMAL
2026-09-27 22:00:00,R114,19.82,2,0,1,1,0.581,0.581,NORMAL
2026-09-27 22:00:00,R115,19.82,1,0,1,1,0.425,0.425,NORMAL
2026-09-27 22:00:00,R116,19.82,1,0,1,1,0.359,0.359,NORMAL
2026-09-27 22:00:00,R117,19.82,1,0,1,1,0.4,0.4,NORMAL
2026-09-27 22:00:00,R118,19.82,2,0,1,1,0.478,0.478,NORMAL
2026-09-27 22:00:00,R119,19.82,1,0,1,1,0.371,0.371,NORMAL
2026-09-27 22:00:00,R120,19.82,2,0,1,1,0.54,0.54,NORMAL
2026-09-27 23:00:00,R101,19.23,1,0,1,0,0.477,0.477,NORMAL
2026-09-27 23:00:00,R102,19.23,1,0,1,0,0.378,0.378,NORMAL
2026-09-27 23:00:00,R103,19.23,0,0,1,0,0.15,0.15,NORMAL
2026-09-27 23:00:00,R104,19.23,0,0,1,0,0.15,0.15,NORMAL
2026-09-27 23:00:00,R105,19.23,1,0,1,0,0.339,0.339,NORMAL
2026-09-27 23:00:00,R106,19.23,0,0,1,0,0.15,0.15,NORMAL
2026-09-27 23:00:00,R107,19.23,1,0,1,0,0.345,0.345,NORMAL
2026-09-27 23:00:00,R108,19.23,0,0,1,0,0.15,0.15,NORMAL
2026-09-27 23:00:00,R109,19.23,1,0,1,0,0.446,0.446,NORMAL
2026-09-27 23:00:00,R110,19.23,0,0,1,0,0.15,0.15,NORMAL
2026-09-27 23:00:00,R111,19.23,0,0,1,0,0.15,0.15,NORMAL
2026-09-27 23:00:00,R112,19.23,0,0,1,0,0.15,0.15,NORMAL
2026-09-27 23:00:00,R113,19.23,1,0,1,0,0.467,0.467,NORMAL
2026-09-27 23:00:00,R114,19.23,0,0,1,0,0.15,0.15,NORMAL
2026-09-27 23:00:00,R115,19.23,0,0,1,0,0.15,0.15,NORMAL
2026-09-27 23:00:00,R116,19.23,0,0,1,0,0.15,0.15,NORMAL
2026-09-27 23:00:00,R117,19.23,0,0,1,0,0.15,0.15,NORMAL
2026-09-27 23:00:00,R118,19.23,0,0,1,0,0.15,0.15,NORMAL
2026-09-27 23:00:00,R119,19.23,0,0,1,0,0.15,0.15,NORMAL
2026-09-27 23:00:00,R120,19.23,1,0,1,0,0.413,0.413,NORMAL
2026-09-28 00:00:00,R101,19.06,0,0,1,0,0.15,0.15,NORMAL
2026-09-28 00:00:00,R102,19.06,0,0,1,0,0.15,0.15,NORMAL
2026-09-28 00:00:00,R103,19.06,0,0,1,0,0.15,0.15,NORMAL
2026-09-28 00:00:00,R104,19.06,0,0,1,0,0.15,0.15,NORMAL
2026-09-28 00:00:00,R105,19.06,0,0,1,0,0.15,0.15,NORMAL
2026-09-28 00:00:00,R106,19.06,0,0,1,0,0.15,0.15,NORMAL
2026-09-28 00:00:00,R107,19.06,0,0,1,0,0.15,0.15,NORMAL
2026-09-28 00:00:00,R108,19.06,0,0,1,0,0.15,0.15,NORMAL
2026-09-28 00:00:00,R109,19.06,0,0,1,0,0.15,0.15,NORMAL
2026-09-28 00:00:00,R110,19.06,0,0,1,0,0.15,0.15,NORMAL
2026-09-28 00:00:00,R111,19.06,0,0,1,0,0.15,0.15,NORMAL
2026-09-28 00:00:00,R112,19.06,0,0,1,0,0.15,0.15,NORMAL
2026-09-28 00:00:00,R113,19.06,0,0,1,0,0.15,0.15,NORMAL
2026-09-28 00:00:00,R114,19.06,0,0,1,0,0.15,0.15,NORMAL
2026-09-28 00:00:00,R115,19.06,0,0,1,0,0.15,0.15,NORMAL
2026-09-28 00:00:00,R116,19.06,0,0,1,0,0.15,0.15,NORMAL
2026-09-28 00:00:00,R117,19.06,0,0,1,0,0.15,0.15,NORMAL
2026-09-28 00:00:00,R118,19.06,0,0,1,0,0.15,0.15,NORMAL
2026-09-28 00:00:00,R119,19.06,1,0,1,0,0.366,0.366,NORMAL
2026-09-28 00:00:00,R120,19.06,0,0,1,0,0.15,0.15,NORMAL
2026-09-28 01:00:00,R101,18.7,0,0,1,0,0.15,0.15,NORMAL
2026-09-28 01:00:00,R102,18.7,0,0,1,0,0.15,0.15,NORMAL
2026-09-28 01:00:00,R103,18.7,0,0,1,0,0.15,0.15,NORMAL
2026-09-28 01:00:00,R104,18.7,0,0,1,0,0.15,0.15,NORMAL
2026-09-28 01:00:00,R105,18.7,0,0,1,0,0.15,0.15,NORMAL
2026-09-28 01:00:00,R106,18.7,0,0,1,0,0.15,0.15,NORMAL
2026-09-28 01:00:00,R107,18.7,0,0,1,0,0.15,0.15,NORMAL
2026-09-28 01:00:00,R108,18.7,0,0,1,0,0.15,0.15,NORMAL
2026-09-28 01:00:00,R109,18.7,0,0,1,0,0.15,0.15,NORMAL
2026-09-28 01:00:00,R110,18.7,0,0,1,0,0.15,0.15,NORMAL
2026-09-28 01:00:00,R111,18.7,1,0,1,0,0.445,0.445,NORMAL
2026-09-28 01:00:00,R112,18.7,0,0,1,0,0.15,0.15,NORMAL
2026-09-28 01:00:00,R113,18.7,0,0,1,0,0.15,0.15,NORMAL
2026-09-28 01:00:00,R114,18.7,0,0,1,0,0.15,0.15,NORMAL
2026-09-28 01:00:00,R115,18.7,1,0,1,0,0.389,0.389,NORMAL
2026-09-28 01:00:00,R116,18.7,0,0,1,0,0.15,0.15,NORMAL
2026-09-28 01:00:00,R117,18.7,1,0,1,0,0.304,0.304,NORMAL
2026-09-28 01:00:00,R118,18.7,0,0,1,0,0.15,0.15,NORMAL
2026-09-28 01:00:00,R119,18.7,0,0,1,0,0.15,0.15,NORMAL
2026-09-28 01:00:00,R120,18.7,0,0,1,0,0.15,0.15,NORMAL
2026-09-28 02:00:00,R101,20.7,0,0,1,0,0.15,0.15,NORMAL
2026-09-28 02:00:00,R102,20.7,0,0,1,0,0.15,0.15,NORMAL
2026-09-28 02:00:00,R103,20.7,0,0,1,0,0.15,0.15,NORMAL
2026-09-28 02:00:00,R104,20.7,0,0,1,0,0.15,0.15,NORMAL
2026-09-28 02:00:00,R105,20.7,0,0,1,0,0.15,0.15,NORMAL
2026-09-28 02:00:00,R106,20.7,0,0,1,0,0.15,0.15,NORMAL
2026-09-28 02:00:00,R107,20.7,0,0,1,0,0.15,0.15,NORMAL
2026-09-28 02:00:00,R108,20.7,1,0,1,0,0.405,0.405,NORMAL
2026-09-28 02:00:00,R109,20.7,0,0,1,0,0.15,0.15,NORMAL
2026-09-28 02:00:00,R110,20.7,0,0,1,0,0.15,0.15,NORMAL
2026-09-28 02:00:00,R111,20.7,0,0,1,0,0.15,0.15,NORMAL
2026-09-28 02:00:00,R112,20.7,0,0,1,0,0.15,0.15,NORMAL
2026-09-28 02:00:00,R113,20.7,0,0,1,0,0.15,0.15,NORMAL
2026-09-28 02:00:00,R114,20.7,0,0,1,0,0.15,0.15,NORMAL
2026-09-28 02:00:00,R115,20.7,0,0,1,0,0.15,0.15,NORMAL
2026-09-28 02:00:00,R116,20.7,0,0,1,0,0.15,0.15,NORMAL
2026-09-28 02:00:00,R117,20.7,0,0,1,0,0.15,0.15,NORMAL
2026-09-28 02:00:00,R118,20.7,0,0,1,0,0.15,0.15,NORMAL
2026-09-28 02:00:00,R119,20.7,0,0,1,0,0.15,0.15,NORMAL
2026-09-28 02:00:00,R120,20.7,0,0,1,0,0.15,0.15,NORMAL
2026-09-28 03:00:00,R101,18.72,0,0,1,0,0.15,0.15,NORMAL
2026-09-28 03:00:00,R102,18.72,0,0,1,0,0.15,0.15,NORMAL
2026-09-28 03:00:00,R103,18.72,0,0,1,0,0.15,0.15,NORMAL
2026-09-28 03:00:00,R104,18.72,0,0,1,0,0.15,0.15,NORMAL
2026-09-28 03:00:00,R105,18.72,0,0,1,0,0.15,0.15,NORMAL
2026-09-28 03:00:00,R106,18.72,0,0,1,0,0.15,0.15,NORMAL
2026-09-28 03:00:00,R107,18.72,0,0,1,0,0.15,0.15,NORMAL
2026-09-28 03:00:00,R108,18.72,1,0,1,0,0.415,0.415,NORMAL
2026-09-28 03:00:00,R109,18.72,0,0,1,0,0.15,0.15,NORMAL
2026-09-28 03:00:00,R110,18.72,0,0,1,0,0.15,0.15,NORMAL
2026-09-28 03:00:00,R111,18.72,0,1,1,0,1.354,1.354,AC_WASTE
2026-09-28 03:00:00,R112,18.72,0,0,1,0,0.15,0.15,NORMAL
2026-09-28 03:00:00,R113,18.72,1,0,1,0,0.324,0.324,NORMAL
2026-09-28 03:00:00,R114,18.72,0,0,1,0,0.15,0.15,NORMAL
2026-09-28 03:00:00,R115,18.72,1,0,1,0,0.307,0.307,NORMAL
2026-09-28 03:00:00,R116,18.72,0,0,1,0,0.15,0.15,NORMAL
2026-09-28 03:00:00,R117,18.72,0,0,1,0,0.15,0.15,NORMAL
2026-09-28 03:00:00,R118,18.72,0,0,1,0,0.15,0.15,NORMAL
2026-09-28 03:00:00,R119,18.72,0,0,1,0,0.15,0.15,NORMAL
2026-09-28 03:00:00,R120,18.72,0,0,1,0,0.15,0.15,NORMAL
2026-09-28 04:00:00,R101,25.06,0,0,1,0,0.15,0.15,NORMAL
2026-09-28 04:00:00,R102,25.06,0,1,1,0,1.383,1.383,AC_WASTE
2026-09-28 04:00:00,R103,25.06,0,0,1,0,0.15,0.15,NORMAL
2026-09-28 04:00:00,R104,25.06,0,0,1,0,0.15,0.15,NORMAL
2026-09-28 04:00:00,R105,25.06,0,1,1,0,1.599,1.599,AC_WASTE
2026-09-28 04:00:00,R106,25.06,0,0,1,0,0.15,0.15,NORMAL
2026-09-28 04:00:00,R107,25.06,0,0,1,0,0.15,0.15,NORMAL
2026-09-28 04:00:00,R108,25.06,0,0,1,0,0.857,0.857,STANDBY_WASTE
2026-09-28 04:00:00,R109,25.06,0,0,1,0,0.15,0.15,NORMAL
2026-09-28 04:00:00,R110,25.06,0,0,1,0,0.15,0.15,NORMAL
2026-09-28 04:00:00,R111,25.06,1,0,1,0,0.422,0.422,NORMAL
2026-09-28 04:00:00,R112,25.06,0,0,1,0,0.15,0.15,NORMAL
2026-09-28 04:00:00,R113,25.06,0,0,1,0,0.15,0.15,NORMAL
2026-09-28 04:00:00,R114,25.06,0,0,1,0,0.15,0.15,NORMAL
2026-09-28 04:00:00,R115,25.06,0,0,1,0,0.15,0.15,NORMAL
2026-09-28 04:00:00,R116,25.06,0,0,1,0,0.15,0.15,NORMAL
2026-09-28 04:00:00,R117,25.06,1,0,1,0,0.386,0.386,NORMAL
2026-09-28 04:00:00,R118,25.06,0,0,1,0,0.15,0.15,NORMAL
2026-09-28 04:00:00,R119,25.06,0,0,1,0,0.15,0.15,NORMAL
2026-09-28 04:00:00,R120,25.06,0,0,1,0,0.15,0.15,NORMAL
2026-09-28 05:00:00,R101,26.99,0,0,1,0,0.15,0.15,NORMAL
2026-09-28 05:00:00,R102,26.99,0,0,1,0,0.15,0.15,NORMAL
2026-09-28 05:00:00,R103,26.99,0,0,1,0,0.15,0.15,NORMAL
2026-09-28 05:00:00,R104,26.99,1,0,1,0,0.36,0.36,NORMAL
2026-09-28 05:00:00,R105,26.99,0,0,1,0,0.15,0.15,NORMAL
2026-09-28 05:00:00,R106,26.99,0,0,1,0,0.15,0.15,NORMAL
2026-09-28 05:00:00,R107,26.99,0,0,1,0,0.15,0.15,NORMAL
2026-09-28 05:00:00,R108,26.99,0,0,1,0,0.15,0.15,NORMAL
2026-09-28 05:00:00,R109,26.99,1,0,1,0,0.392,0.392,NORMAL
2026-09-28 05:00:00,R110,26.99,0,0,1,0,0.15,0.15,NORMAL
2026-09-28 05:00:00,R111,26.99,0,0,1,0,0.15,0.15,NORMAL
2026-09-28 05:00:00,R112,26.99,0,0,1,0,0.15,0.15,NORMAL
2026-09-28 05:00:00,R113,26.99,0,0,1,0,0.15,0.15,NORMAL
2026-09-28 05:00:00,R114,26.99,0,0,1,0,0.15,0.15,NORMAL
2026-09-28 05:00:00,R115,26.99,0,0,1,0,0.15,0.15,NORMAL
2026-09-28 05:00:00,R116,26.99,1,0,1,0,0.363,0.363,NORMAL
2026-09-28 05:00:00,R117,26.99,1,0,1,0,0.367,0.367,NORMAL
2026-09-28 05:00:00,R118,26.99,0,0,1,0,0.15,0.15,NORMAL
2026-09-28 05:00:00,R119,26.99,0,0,1,0,0.15,0.15,NORMAL
2026-09-28 05:00:00,R120,26.99,0,0,1,0,0.15,0.15,NORMAL
2026-09-28 06:00:00,R101,28.21,2,0,0,1,0.401,0.401,NORMAL
2026-09-28 06:00:00,R102,28.21,1,0,0,1,0.248,0.248,NORMAL
2026-09-28 06:00:00,R103,28.21,1,0,0,1,0.234,0.234,NORMAL
2026-09-28 06:00:00,R104,28.21,1,0,0,1,0.292,0.292,NORMAL
2026-09-28 06:00:00,R105,28.21,1,0,0,1,0.288,0.288,NORMAL
2026-09-28 06:00:00,R106,28.21,1,0,0,1,0.239,0.239,NORMAL
2026-09-28 06:00:00,R107,28.21,0,0,0,1,0.15,0.15,NORMAL
2026-09-28 06:00:00,R108,28.21,1,0,0,1,0.293,0.293,NORMAL
2026-09-28 06:00:00,R109,28.21,0,0,0,1,0.15,0.15,NORMAL
2026-09-28 06:00:00,R110,28.21,1,0,0,1,0.267,0.267,NORMAL
2026-09-28 06:00:00,R111,28.21,0,0,0,1,0.15,0.15,NORMAL
2026-09-28 06:00:00,R112,28.21,2,0,0,1,0.343,0.343,NORMAL
2026-09-28 06:00:00,R113,28.21,0,0,0,1,0.15,0.15,NORMAL
2026-09-28 06:00:00,R114,28.21,1,0,0,1,0.257,0.257,NORMAL
2026-09-28 06:00:00,R115,28.21,0,1,0,1,1.7,1.7,AC_WASTE
2026-09-28 06:00:00,R116,28.21,1,0,0,1,0.273,0.273,NORMAL
2026-09-28 06:00:00,R117,28.21,1,0,0,1,0.26,0.26,NORMAL
2026-09-28 06:00:00,R118,28.21,1,0,0,1,0.273,0.273,NORMAL
2026-09-28 06:00:00,R119,28.21,2,0,0,1,0.405,0.405,NORMAL
2026-09-28 06:00:00,R120,28.21,1,0,0,1,0.21,0.21,NORMAL
2026-09-28 07:00:00,R101,30.25,1,1,0,1,1.533,1.533,NORMAL
2026-09-28 07:00:00,R102,30.25,2,1,0,1,1.685,1.685,NORMAL
2026-09-28 07:00:00,R103,30.25,2,1,0,1,2.116,2.116,NORMAL
2026-09-28 07:00:00,R104,30.25,2,1,0,1,1.669,1.669,NORMAL
2026-09-28 07:00:00,R105,30.25,1,1,0,1,1.935,1.935,NORMAL
2026-09-28 07:00:00,R106,30.25,2,1,0,1,1.946,1.946,NORMAL
2026-09-28 07:00:00,R107,30.25,1,1,0,1,2.069,2.069,NORMAL
2026-09-28 07:00:00,R108,30.25,1,1,0,1,1.979,1.979,NORMAL
2026-09-28 07:00:00,R109,30.25,0,0,0,1,0.15,0.15,NORMAL
2026-09-28 07:00:00,R110,30.25,1,1,0,1,1.764,1.764,NORMAL
2026-09-28 07:00:00,R111,30.25,0,0,0,1,0.15,0.15,NORMAL
2026-09-28 07:00:00,R112,30.25,1,1,0,1,1.698,1.698,NORMAL
2026-09-28 07:00:00,R113,30.25,2,1,0,1,1.605,1.605,NORMAL
2026-09-28 07:00:00,R114,30.25,0,0,0,1,0.15,0.15,NORMAL
2026-09-28 07:00:00,R115,30.25,1,1,0,1,1.573,1.573,NORMAL
2026-09-28 07:00:00,R116,30.25,2,1,0,1,2.057,2.057,NORMAL
2026-09-28 07:00:00,R117,30.25,2,1,0,1,1.801,1.801,NORMAL
2026-09-28 07:00:00,R118,30.25,1,1,0,1,2.015,2.015,NORMAL
2026-09-28 07:00:00,R119,30.25,1,1,0,1,1.782,1.782,NORMAL
2026-09-28 07:00:00,R120,30.25,0,0,0,1,0.15,0.15,NORMAL
2026-09-28 08:00:00,R101,31.58,1,1,0,1,1.71,1.71,NORMAL
2026-09-28 08:00:00,R102,31.58,1,1,0,1,1.853,1.853,NORMAL
2026-09-28 08:00:00,R103,31.58,1,1,0,1,1.544,1.544,NORMAL
2026-09-28 08:00:00,R104,31.58,1,1,0,1,1.707,1.707,NORMAL
2026-09-28 08:00:00,R105,31.58,2,1,0,1,1.682,1.682,NORMAL
2026-09-28 08:00:00,R106,31.58,1,1,0,1,1.61,1.61,NORMAL
2026-09-28 08:00:00,R107,31.58,2,1,0,1,1.772,1.772,NORMAL
2026-09-28 08:00:00,R108,31.58,1,1,0,1,1.717,1.717,NORMAL
2026-09-28 08:00:00,R109,31.58,2,1,0,1,1.773,1.773,NORMAL
2026-09-28 08:00:00,R110,31.58,2,1,0,1,1.694,1.694,NORMAL
2026-09-28 08:00:00,R111,31.58,1,1,0,1,1.816,1.816,NORMAL
2026-09-28 08:00:00,R112,31.58,2,1,0,1,1.899,1.899,NORMAL
2026-09-28 08:00:00,R113,31.58,0,0,0,1,0.15,0.15,NORMAL
2026-09-28 08:00:00,R114,31.58,2,1,0,1,1.856,1.856,NORMAL
2026-09-28 08:00:00,R115,31.58,0,0,0,1,0.15,0.15,NORMAL
2026-09-28 08:00:00,R116,31.58,1,1,0,1,1.962,1.962,NORMAL
2026-09-28 08:00:00,R117,31.58,2,1,0,1,1.642,1.642,NORMAL
2026-09-28 08:00:00,R118,31.58,0,0,0,1,0.15,0.15,NORMAL
2026-09-28 08:00:00,R119,31.58,0,0,0,1,0.15,0.15,NORMAL
2026-09-28 08:00:00,R120,31.58,1,1,0,1,1.479,1.479,NORMAL
2026-09-28 09:00:00,R101,31.75,0,0,0,1,0.15,0.15,NORMAL
2026-09-28 09:00:00,R102,31.75,0,0,0,1,0.15,0.15,NORMAL
2026-09-28 09:00:00,R103,31.75,0,0,0,1,0.15,0.15,NORMAL
2026-09-28 09:00:00,R104,31.75,0,0,0,1,0.15,0.15,NORMAL
2026-09-28 09:00:00,R105,31.75,0,0,0,1,0.15,0.15,NORMAL
2026-09-28 09:00:00,R106,31.75,1,1,0,1,1.74,1.74,NORMAL
2026-09-28 09:00:00,R107,31.75,2,1,0,1,1.614,1.614,NORMAL
2026-09-28 09:00:00,R108,31.75,0,0,0,1,0.15,0.15,NORMAL
2026-09-28 09:00:00,R109,31.75,0,0,0,1,0.15,0.15,NORMAL
2026-09-28 09:00:00,R110,31.75,0,0,0,1,0.15,0.15,NORMAL
2026-09-28 09:00:00,R111,31.75,2,1,0,1,1.775,1.775,NORMAL
2026-09-28 09:00:00,R112,31.75,1,1,0,1,1.683,1.683,NORMAL
2026-09-28 09:00:00,R113,31.75,0,0,0,1,0.15,0.15,NORMAL
2026-09-28 09:00:00,R114,31.75,0,0,0,1,0.15,0.15,NORMAL
2026-09-28 09:00:00,R115,31.75,0,0,0,1,0.15,0.15,NORMAL
2026-09-28 09:00:00,R116,31.75,1,1,0,1,1.679,1.679,NORMAL
2026-09-28 09:00:00,R117,31.75,2,1,0,1,2.074,2.074,NORMAL
2026-09-28 09:00:00,R118,31.75,0,0,0,1,0.15,0.15,NORMAL
2026-09-28 09:00:00,R119,31.75,2,1,0,1,1.784,1.784,NORMAL
2026-09-28 09:00:00,R120,31.75,0,0,0,1,0.15,0.15,NORMAL
2026-09-28 10:00:00,R101,34.27,1,1,0,1,1.446,1.446,NORMAL
2026-09-28 10:00:00,R102,34.27,0,0,0,1,0.945,0.945,STANDBY_WASTE
2026-09-28 10:00:00,R103,34.27,1,1,0,1,1.715,1.715,NORMAL
2026-09-28 10:00:00,R104,34.27,0,0,0,1,0.15,0.15,NORMAL
2026-09-28 10:00:00,R105,34.27,0,0,0,1,0.15,0.15,NORMAL
2026-09-28 10:00:00,R106,34.27,0,0,0,1,0.15,0.15,NORMAL
2026-09-28 10:00:00,R107,34.27,2,1,0,1,1.928,1.928,NORMAL
2026-09-28 10:00:00,R108,34.27,0,0,0,1,0.15,0.15,NORMAL
2026-09-28 10:00:00,R109,34.27,1,1,0,1,1.739,1.739,NORMAL
2026-09-28 10:00:00,R110,34.27,0,0,0,1,0.15,0.15,NORMAL
2026-09-28 10:00:00,R111,34.27,2,1,0,1,1.556,1.556,NORMAL
2026-09-28 10:00:00,R112,34.27,0,0,0,1,0.15,0.15,NORMAL
2026-09-28 10:00:00,R113,34.27,2,1,0,1,2.196,2.196,NORMAL
2026-09-28 10:00:00,R114,34.27,2,1,0,1,1.974,1.974,NORMAL
2026-09-28 10:00:00,R115,34.27,1,1,0,1,1.54,1.54,NORMAL
2026-09-28 10:00:00,R116,34.27,2,1,0,1,2.017,2.017,NORMAL
2026-09-28 10:00:00,R117,34.27,1,1,0,1,1.541,1.541,NORMAL
2026-09-28 10:00:00,R118,34.27,0,0,0,1,0.15,0.15,NORMAL
2026-09-28 10:00:00,R119,34.27,0,0,0,1,0.15,0.15,NORMAL
2026-09-28 10:00:00,R120,34.27,0,0,0,1,0.15,0.15,NORMAL
2026-09-28 11:00:00,R101,35.71,1,1,0,1,1.826,1.826,NORMAL
2026-09-28 11:00:00,R102,35.71,0,0,0,1,0.15,0.15,NORMAL
2026-09-28 11:00:00,R103,35.71,0,0,0,1,0.15,0.15,NORMAL
2026-09-28 11:00:00,R104,35.71,2,1,0,1,1.717,1.717,NORMAL
2026-09-28 11:00:00,R105,35.71,0,0,0,1,0.15,0.15,NORMAL
2026-09-28 11:00:00,R106,35.71,1,1,0,1,1.995,1.995,NORMAL
2026-09-28 11:00:00,R107,35.71,0,0,0,1,0.15,0.15,NORMAL
2026-09-28 11:00:00,R108,35.71,0,0,0,1,0.15,0.15,NORMAL
2026-09-28 11:00:00,R109,35.71,2,1,0,1,2.044,2.044,NORMAL
2026-09-28 11:00:00,R110,35.71,0,0,0,1,0.15,0.15,NORMAL
2026-09-28 11:00:00,R111,35.71,0,0,0,1,0.15,0.15,NORMAL
2026-09-28 11:00:00,R112,35.71,0,0,0,1,0.15,0.15,NORMAL
2026-09-28 11:00:00,R113,35.71,0,0,0,1,0.15,0.15,NORMAL
2026-09-28 11:00:00,R114,35.71,0,0,0,1,0.15,0.15,NORMAL
2026-09-28 11:00:00,R115,35.71,0,0,0,1,0.15,0.15,NORMAL
2026-09-28 11:00:00,R116,35.71,1,1,0,1,1.927,1.927,NORMAL
2026-09-28 11:00:00,R117,35.71,0,0,0,1,0.15,0.15,NORMAL
2026-09-28 11:00:00,R118,35.71,0,0,0,1,0.15,0.15,NORMAL
2026-09-28 11:00:00,R119,35.71,0,0,0,1,0.15,0.15,NORMAL
2026-09-28 11:00:00,R120,35.71,0,0,0,1,0.15,0.15,NORMAL
2026-09-28 12:00:00,R101,34.43,0,0,0,1,0.15,0.15,NORMAL
2026-09-28 12:00:00,R102,34.43,2,1,0,1,1.907,1.907,NORMAL
2026-09-28 12:00:00,R103,34.43,0,0,0,1,0.15,0.15,NORMAL
2026-09-28 12:00:00,R104,34.43,0,1,0,1,1.475,1.475,AC_WASTE
2026-09-28 12:00:00,R105,34.43,0,0,0,1,0.15,0.15,NORMAL
2026-09-28 12:00:00,R106,34.43,0,0,0,1,0.15,0.15,NORMAL
2026-09-28 12:00:00,R107,34.43,0,1,0,1,1.352,1.352,AC_WASTE
2026-09-28 12:00:00,R108,34.43,1,1,0,1,1.638,1.638,NORMAL
2026-09-28 12:00:00,R109,34.43,0,0,0,1,0.15,0.15,NORMAL
2026-09-28 12:00:00,R110,34.43,1,1,0,1,1.976,1.976,NORMAL
2026-09-28 12:00:00,R111,34.43,1,1,0,1,1.683,1.683,NORMAL
2026-09-28 12:00:00,R112,34.43,1,1,0,1,1.688,1.688,NORMAL
2026-09-28 12:00:00,R113,34.43,1,1,0,1,1.953,1.953,NORMAL
2026-09-28 12:00:00,R114,34.43,0,0,0,1,0.15,0.15,NORMAL
2026-09-28 12:00:00,R115,34.43,0,0,0,1,0.15,0.15,NORMAL
2026-09-28 12:00:00,R116,34.43,0,0,0,1,0.15,0.15,NORMAL
2026-09-28 12:00:00,R117,34.43,0,0,0,1,0.15,0.15,NORMAL
2026-09-28 12:00:00,R118,34.43,0,0,0,1,0.15,0.15,NORMAL
2026-09-28 12:00:00,R119,34.43,0,0,0,1,0.15,0.15,NORMAL
2026-09-28 12:00:00,R120,34.43,0,0,0,1,0.15,0.15,NORMAL
2026-09-28 13:00:00,R101,32.73,0,0,0,1,0.15,0.15,NORMAL
2026-09-28 13:00:00,R102,32.73,0,1,0,1,1.46,1.46,AC_WASTE
2026-09-28 13:00:00,R103,32.73,0,0,0,1,0.15,0.15,NORMAL
2026-09-28 13:00:00,R104,32.73,2,1,0,1,2.018,2.018,NORMAL
2026-09-28 13:00:00,R105,32.73,0,0,0,1,0.15,0.15,NORMAL
2026-09-28 13:00:00,R106,32.73,1,1,0,1,1.585,1.585,NORMAL
2026-09-28 13:00:00,R107,32.73,0,0,0,1,0.15,0.15,NORMAL
2026-09-28 13:00:00,R108,32.73,1,1,0,1,1.723,1.723,NORMAL
2026-09-28 13:00:00,R109,32.73,0,0,0,1,0.15,0.15,NORMAL
2026-09-28 13:00:00,R110,32.73,0,0,0,1,0.15,0.15,NORMAL
2026-09-28 13:00:00,R111,32.73,0,0,0,1,0.15,0.15,NORMAL
2026-09-28 13:00:00,R112,32.73,0,0,0,1,0.15,0.15,NORMAL
2026-09-28 13:00:00,R113,32.73,2,1,0,1,2.144,2.144,NORMAL
2026-09-28 13:00:00,R114,32.73,0,0,0,1,0.15,0.15,NORMAL
2026-09-28 13:00:00,R115,32.73,1,1,0,1,1.785,1.785,NORMAL
2026-09-28 13:00:00,R116,32.73,0,0,0,1,0.15,0.15,NORMAL
2026-09-28 13:00:00,R117,32.73,1,1,0,1,1.644,1.644,NORMAL
2026-09-28 13:00:00,R118,32.73,0,0,0,1,0.15,0.15,NORMAL
2026-09-28 13:00:00,R119,32.73,1,1,0,1,2.051,2.051,NORMAL
2026-09-28 13:00:00,R120,32.73,0,0,0,1,0.15,0.15,NORMAL
2026-09-28 14:00:00,R101,33.76,0,0,0,1,0.15,0.15,NORMAL
2026-09-28 14:00:00,R102,33.76,0,0,0,1,0.15,0.15,NORMAL
2026-09-28 14:00:00,R103,33.76,0,0,0,1,0.15,0.15,NORMAL
2026-09-28 14:00:00,R104,33.76,0,0,0,1,0.15,0.15,NORMAL
2026-09-28 14:00:00,R105,33.76,0,0,0,1,0.15,0.15,NORMAL
2026-09-28 14:00:00,R106,33.76,0,1,0,1,1.518,1.518,AC_WASTE
2026-09-28 14:00:00,R107,33.76,1,1,0,1,1.973,1.973,NORMAL
2026-09-28 14:00:00,R108,33.76,1,1,0,1,1.605,1.605,NORMAL
2026-09-28 14:00:00,R109,33.76,0,0,0,1,0.15,0.15,NORMAL
2026-09-28 14:00:00,R110,33.76,1,1,0,1,2.072,2.072,NORMAL
2026-09-28 14:00:00,R111,33.76,0,0,0,1,0.15,0.15,NORMAL
2026-09-28 14:00:00,R112,33.76,1,1,0,1,1.49,1.49,NORMAL
2026-09-28 14:00:00,R113,33.76,0,0,0,1,0.15,0.15,NORMAL
2026-09-28 14:00:00,R114,33.76,0,0,0,1,0.15,0.15,NORMAL
2026-09-28 14:00:00,R115,33.76,2,1,0,1,1.622,1.622,NORMAL
2026-09-28 14:00:00,R116,33.76,1,1,0,1,1.763,1.763,NORMAL
2026-09-28 14:00:00,R117,33.76,2,1,0,1,1.932,1.932,NORMAL
2026-09-28 14:00:00,R118,33.76,2,1,0,1,1.908,1.908,NORMAL
2026-09-28 14:00:00,R119,33.76,1,1,0,1,1.913,1.913,NORMAL
2026-09-28 14:00:00,R120,33.76,0,0,0,1,0.15,0.15,NORMAL
2026-09-28 15:00:00,R101,31.41,0,0,0,1,0.15,0.15,NORMAL
2026-09-28 15:00:00,R102,31.41,0,0,0,1,0.15,0.15,NORMAL
2026-09-28 15:00:00,R103,31.41,0,0,0,1,0.15,0.15,NORMAL
2026-09-28 15:00:00,R104,31.41,2,1,0,1,1.529,1.529,NORMAL
2026-09-28 15:00:00,R105,31.41,0,0,0,1,0.15,0.15,NORMAL
2026-09-28 15:00:00,R106,31.41,1,1,0,1,1.56,1.56,NORMAL
2026-09-28 15:00:00,R107,31.41,0,0,0,1,0.15,0.15,NORMAL
2026-09-28 15:00:00,R108,31.41,1,1,0,1,1.767,1.767,NORMAL
2026-09-28 15:00:00,R109,31.41,0,0,0,1,0.15,0.15,NORMAL
2026-09-28 15:00:00,R110,31.41,1,1,0,1,1.832,1.832,NORMAL
2026-09-28 15:00:00,R111,31.41,0,0,0,1,0.15,0.15,NORMAL
2026-09-28 15:00:00,R112,31.41,0,0,0,1,0.15,0.15,NORMAL
2026-09-28 15:00:00,R113,31.41,0,0,0,1,0.15,0.15,NORMAL
2026-09-28 15:00:00,R114,31.41,0,0,0,1,0.15,0.15,NORMAL
2026-09-28 15:00:00,R115,31.41,0,0,0,1,0.15,0.15,NORMAL
2026-09-28 15:00:00,R116,31.41,0,0,0,1,0.15,0.15,NORMAL
2026-09-28 15:00:00,R117,31.41,1,1,0,1,1.505,1.505,NORMAL
2026-09-28 15:00:00,R118,31.41,1,1,0,1,1.74,1.74,NORMAL
2026-09-28 15:00:00,R119,31.41,1,1,0,1,1.615,1.615,NORMAL
2026-09-28 15:00:00,R120,31.41,0,0,0,1,0.15,0.15,NORMAL
2026-09-28 16:00:00,R101,31.67,0,0,0,1,0.15,0.15,NORMAL
2026-09-28 16:00:00,R102,31.67,0,0,0,1,0.15,0.15,NORMAL
2026-09-28 16:00:00,R103,31.67,1,1,0,1,1.923,1.923,NORMAL
2026-09-28 16:00:00,R104,31.67,0,0,0,1,0.15,0.15,NORMAL
2026-09-28 16:00:00,R105,31.67,0,0,0,1,0.15,0.15,NORMAL
2026-09-28 16:00:00,R106,31.67,0,0,0,1,0.15,0.15,NORMAL
2026-09-28 16:00:00,R107,31.67,0,0,0,1,0.15,0.15,NORMAL
2026-09-28 16:00:00,R108,31.67,0,0,0,1,0.15,0.15,NORMAL
2026-09-28 16:00:00,R109,31.67,1,1,0,1,1.945,1.945,NORMAL
2026-09-28 16:00:00,R110,31.67,0,0,0,1,0.15,0.15,NORMAL
2026-09-28 16:00:00,R111,31.67,0,0,0,1,0.15,0.15,NORMAL
2026-09-28 16:00:00,R112,31.67,0,0,0,1,0.15,0.15,NORMAL
2026-09-28 16:00:00,R113,31.67,1,1,0,1,1.977,1.977,NORMAL
2026-09-28 16:00:00,R114,31.67,0,0,0,1,0.15,0.15,NORMAL
2026-09-28 16:00:00,R115,31.67,1,1,0,1,1.803,1.803,NORMAL
2026-09-28 16:00:00,R116,31.67,0,0,0,1,0.15,0.15,NORMAL
2026-09-28 16:00:00,R117,31.67,0,0,0,1,0.15,0.15,NORMAL
2026-09-28 16:00:00,R118,31.67,1,1,0,1,1.754,1.754,NORMAL
2026-09-28 16:00:00,R119,31.67,0,0,0,1,0.15,0.15,NORMAL
2026-09-28 16:00:00,R120,31.67,1,1,0,1,2.054,2.054,NORMAL
2026-09-28 17:00:00,R101,29.62,1,1,0,1,1.63,1.63,NORMAL
2026-09-28 17:00:00,R102,29.62,2,1,0,1,1.749,1.749,NORMAL
2026-09-28 17:00:00,R103,29.62,2,1,0,1,1.762,1.762,NORMAL
2026-09-28 17:00:00,R104,29.62,1,1,0,1,2.333,2.333,STANDBY_WASTE
2026-09-28 17:00:00,R105,29.62,1,1,0,1,2.664,2.664,STANDBY_WASTE
2026-09-28 17:00:00,R106,29.62,2,1,0,1,1.726,1.726,NORMAL
2026-09-28 17:00:00,R107,29.62,1,1,0,1,1.598,1.598,NORMAL
2026-09-28 17:00:00,R108,29.62,1,1,0,1,1.432,1.432,NORMAL
2026-09-28 17:00:00,R109,29.62,1,1,0,1,2.042,2.042,NORMAL
2026-09-28 17:00:00,R110,29.62,1,1,0,1,1.618,1.618,NORMAL
2026-09-28 17:00:00,R111,29.62,2,1,0,1,1.758,1.758,NORMAL
2026-09-28 17:00:00,R112,29.62,2,1,0,1,1.812,1.812,NORMAL
2026-09-28 17:00:00,R113,29.62,2,1,0,1,1.879,1.879,NORMAL
2026-09-28 17:00:00,R114,29.62,2,1,0,1,1.775,1.775,NORMAL
2026-09-28 17:00:00,R115,29.62,1,1,0,1,1.72,1.72,NORMAL
2026-09-28 17:00:00,R116,29.62,2,1,0,1,1.763,1.763,NORMAL
2026-09-28 17:00:00,R117,29.62,2,1,0,1,1.909,1.909,NORMAL
2026-09-28 17:00:00,R118,29.62,1,1,0,1,1.45,1.45,NORMAL
2026-09-28 17:00:00,R119,29.62,2,1,0,1,2.021,2.021,NORMAL
2026-09-28 17:00:00,R120,29.62,2,1,0,1,2.08,2.08,NORMAL
2026-09-28 18:00:00,R101,27.76,1,0,1,1,0.387,0.387,NORMAL
2026-09-28 18:00:00,R102,27.76,1,0,1,1,0.419,0.419,NORMAL
2026-09-28 18:00:00,R103,27.76,2,0,1,1,0.536,0.536,NORMAL
2026-09-28 18:00:00,R104,27.76,2,0,1,1,0.594,0.594,NORMAL
2026-09-28 18:00:00,R105,27.76,2,0,1,1,0.601,0.601,NORMAL
2026-09-28 18:00:00,R106,27.76,2,0,1,1,0.431,0.431,NORMAL
2026-09-28 18:00:00,R107,27.76,2,0,1,1,0.492,0.492,NORMAL
2026-09-28 18:00:00,R108,27.76,1,0,1,1,0.401,0.401,NORMAL
2026-09-28 18:00:00,R109,27.76,1,0,1,1,0.422,0.422,NORMAL
2026-09-28 18:00:00,R110,27.76,2,0,1,1,0.537,0.537,NORMAL
2026-09-28 18:00:00,R111,27.76,0,0,1,1,0.15,0.15,NORMAL
2026-09-28 18:00:00,R112,27.76,1,0,1,1,0.37,0.37,NORMAL
2026-09-28 18:00:00,R113,27.76,1,0,1,1,0.397,0.397,NORMAL
2026-09-28 18:00:00,R114,27.76,1,0,1,1,0.468,0.468,NORMAL
2026-09-28 18:00:00,R115,27.76,2,0,1,1,0.531,0.531,NORMAL
2026-09-28 18:00:00,R116,27.76,2,0,1,1,0.469,0.469,NORMAL
2026-09-28 18:00:00,R117,27.76,1,0,1,1,0.363,0.363,NORMAL
2026-09-28 18:00:00,R118,27.76,2,0,1,1,0.499,0.499,NORMAL
2026-09-28 18:00:00,R119,27.76,1,0,1,1,0.358,0.358,NORMAL
2026-09-28 18:00:00,R120,27.76,1,0,1,1,0.362,0.362,NORMAL
2026-09-28 19:00:00,R101,24.75,0,0,1,1,0.15,0.15,NORMAL
2026-09-28 19:00:00,R102,24.75,0,1,1,1,1.549,1.549,AC_WASTE
2026-09-28 19:00:00,R103,24.75,1,0,1,1,0.332,0.332,NORMAL
2026-09-28 19:00:00,R104,24.75,1,0,1,1,0.387,0.387,NORMAL
2026-09-28 19:00:00,R105,24.75,1,0,1,1,0.313,0.313,NORMAL
2026-09-28 19:00:00,R106,24.75,1,0,1,1,0.386,0.386,NORMAL
2026-09-28 19:00:00,R107,24.75,1,0,1,1,0.314,0.314,NORMAL
2026-09-28 19:00:00,R108,24.75,2,0,1,1,0.494,0.494,NORMAL
2026-09-28 19:00:00,R109,24.75,1,0,1,1,0.428,0.428,NORMAL
2026-09-28 19:00:00,R110,24.75,2,0,1,1,0.624,0.624,NORMAL
2026-09-28 19:00:00,R111,24.75,0,0,1,1,0.15,0.15,NORMAL
2026-09-28 19:00:00,R112,24.75,1,0,1,1,0.44,0.44,NORMAL
2026-09-28 19:00:00,R113,24.75,1,0,1,1,0.369,0.369,NORMAL
2026-09-28 19:00:00,R114,24.75,2,0,1,1,0.539,0.539,NORMAL
2026-09-28 19:00:00,R115,24.75,1,0,1,1,0.427,0.427,NORMAL
2026-09-28 19:00:00,R116,24.75,2,0,1,1,0.589,0.589,NORMAL
2026-09-28 19:00:00,R117,24.75,0,0,1,1,0.15,0.15,NORMAL
2026-09-28 19:00:00,R118,24.75,2,0,1,1,0.543,0.543,NORMAL
2026-09-28 19:00:00,R119,24.75,2,0,1,1,1.112,1.112,STANDBY_WASTE
2026-09-28 19:00:00,R120,24.75,2,0,1,1,0.531,0.531,NORMAL
2026-09-28 20:00:00,R101,22.69,2,0,1,1,0.464,0.464,NORMAL
2026-09-28 20:00:00,R102,22.69,2,0,1,1,0.377,0.377,NORMAL
2026-09-28 20:00:00,R103,22.69,1,0,1,1,0.332,0.332,NORMAL
2026-09-28 20:00:00,R104,22.69,1,0,1,1,0.406,0.406,NORMAL
2026-09-28 20:00:00,R105,22.69,1,0,1,1,0.47,0.47,NORMAL
2026-09-28 20:00:00,R106,22.69,0,0,1,1,0.15,0.15,NORMAL
2026-09-28 20:00:00,R107,22.69,1,0,1,1,0.345,0.345,NORMAL
2026-09-28 20:00:00,R108,22.69,1,0,1,1,0.472,0.472,NORMAL
2026-09-28 20:00:00,R109,22.69,0,0,1,1,0.15,0.15,NORMAL
2026-09-28 20:00:00,R110,22.69,0,0,1,1,0.15,0.15,NORMAL
2026-09-28 20:00:00,R111,22.69,1,0,1,1,0.357,0.357,NORMAL
2026-09-28 20:00:00,R112,22.69,1,0,1,1,0.345,0.345,NORMAL
2026-09-28 20:00:00,R113,22.69,1,0,1,1,0.313,0.313,NORMAL
2026-09-28 20:00:00,R114,22.69,2,0,1,1,0.493,0.493,NORMAL
2026-09-28 20:00:00,R115,22.69,1,0,1,1,0.464,0.464,NORMAL
2026-09-28 20:00:00,R116,22.69,0,0,1,1,0.15,0.15,NORMAL
2026-09-28 20:00:00,R117,22.69,1,0,1,1,0.341,0.341,NORMAL
2026-09-28 20:00:00,R118,22.69,2,0,1,1,0.502,0.502,NORMAL
2026-09-28 20:00:00,R119,22.69,0,0,1,1,0.15,0.15,NORMAL
2026-09-28 20:00:00,R120,22.69,1,0,1,1,0.391,0.391,NORMAL
2026-09-28 21:00:00,R101,23.13,1,0,1,1,0.374,0.374,NORMAL
2026-09-28 21:00:00,R102,23.13,1,0,1,1,0.351,0.351,NORMAL
2026-09-28 21:00:00,R103,23.13,1,0,1,1,0.413,0.413,NORMAL
2026-09-28 21:00:00,R104,23.13,0,0,1,1,0.15,0.15,NORMAL
2026-09-28 21:00:00,R105,23.13,1,0,1,1,0.415,0.415,NORMAL
2026-09-28 21:00:00,R106,23.13,1,0,1,1,0.434,0.434,NORMAL
2026-09-28 21:00:00,R107,23.13,1,0,1,1,0.342,0.342,NORMAL
2026-09-28 21:00:00,R108,23.13,1,0,1,1,0.408,0.408,NORMAL
2026-09-28 21:00:00,R109,23.13,1,0,1,1,0.408,0.408,NORMAL
2026-09-28 21:00:00,R110,23.13,2,0,1,1,0.42,0.42,NORMAL
2026-09-28 21:00:00,R111,23.13,2,0,1,1,0.416,0.416,NORMAL
2026-09-28 21:00:00,R112,23.13,1,0,1,1,0.379,0.379,NORMAL
2026-09-28 21:00:00,R113,23.13,1,0,1,1,0.426,0.426,NORMAL
2026-09-28 21:00:00,R114,23.13,2,0,1,1,0.455,0.455,NORMAL
2026-09-28 21:00:00,R115,23.13,1,0,1,1,0.477,0.477,NORMAL
2026-09-28 21:00:00,R116,23.13,2,0,1,1,0.436,0.436,NORMAL
2026-09-28 21:00:00,R117,23.13,2,0,1,1,0.48,0.48,NORMAL
2026-09-28 21:00:00,R118,23.13,2,0,1,1,0.414,0.414,NORMAL
2026-09-28 21:00:00,R119,23.13,1,0,1,1,0.442,0.442,NORMAL
2026-09-28 21:00:00,R120,23.13,2,0,1,1,0.415,0.415,NORMAL
2026-09-28 22:00:00,R101,19.56,1,0,1,1,0.441,0.441,NORMAL
2026-09-28 22:00:00,R102,19.56,1,0,1,1,0.353,0.353,NORMAL
2026-09-28 22:00:00,R103,19.56,1,0,1,1,0.371,0.371,NORMAL
2026-09-28 22:00:00,R104,19.56,2,0,1,1,0.455,0.455,NORMAL
2026-09-28 22:00:00,R105,19.56,2,0,1,1,0.451,0.451,NORMAL
2026-09-28 22:00:00,R106,19.56,2,0,1,1,0.479,0.479,NORMAL
2026-09-28 22:00:00,R107,19.56,2,0,1,1,0.481,0.481,NORMAL
2026-09-28 22:00:00,R108,19.56,2,0,1,1,0.441,0.441,NORMAL
2026-09-28 22:00:00,R109,19.56,1,0,1,1,0.354,0.354,NORMAL
2026-09-28 22:00:00,R110,19.56,2,0,1,1,0.412,0.412,NORMAL
2026-09-28 22:00:00,R111,19.56,2,0,1,1,1.35,1.35,STANDBY_WASTE
2026-09-28 22:00:00,R112,19.56,2,0,1,1,0.607,0.607,NORMAL
2026-09-28 22:00:00,R113,19.56,1,0,1,1,0.384,0.384,NORMAL
2026-09-28 22:00:00,R114,19.56,2,0,1,1,0.425,0.425,NORMAL
2026-09-28 22:00:00,R115,19.56,1,0,1,1,0.306,0.306,NORMAL
2026-09-28 22:00:00,R116,19.56,2,0,1,1,0.532,0.532,NORMAL
2026-09-28 22:00:00,R117,19.56,2,0,1,1,0.478,0.478,NORMAL
2026-09-28 22:00:00,R118,19.56,1,0,1,1,0.345,0.345,NORMAL
2026-09-28 22:00:00,R119,19.56,2,0,1,1,1.023,1.023,STANDBY_WASTE
2026-09-28 22:00:00,R120,19.56,2,0,1,1,0.531,0.531,NORMAL
2026-09-28 23:00:00,R101,16.81,0,0,1,0,0.15,0.15,NORMAL
2026-09-28 23:00:00,R102,16.81,0,0,1,0,0.15,0.15,NORMAL
2026-09-28 23:00:00,R103,16.81,0,0,1,0,0.15,0.15,NORMAL
2026-09-28 23:00:00,R104,16.81,0,0,1,0,0.15,0.15,NORMAL
2026-09-28 23:00:00,R105,16.81,0,0,1,0,0.15,0.15,NORMAL
2026-09-28 23:00:00,R106,16.81,0,0,1,0,0.15,0.15,NORMAL
2026-09-28 23:00:00,R107,16.81,0,0,1,0,0.15,0.15,NORMAL
2026-09-28 23:00:00,R108,16.81,0,0,1,0,0.15,0.15,NORMAL
2026-09-28 23:00:00,R109,16.81,0,0,1,0,0.15,0.15,NORMAL
2026-09-28 23:00:00,R110,16.81,0,0,1,0,0.15,0.15,NORMAL
2026-09-28 23:00:00,R111,16.81,0,0,1,0,0.15,0.15,NORMAL
2026-09-28 23:00:00,R112,16.81,0,0,1,0,0.15,0.15,NORMAL
2026-09-28 23:00:00,R113,16.81,0,0,1,0,0.15,0.15,NORMAL
2026-09-28 23:00:00,R114,16.81,0,0,1,0,0.15,0.15,NORMAL
2026-09-28 23:00:00,R115,16.81,1,0,1,0,0.352,0.352,NORMAL
2026-09-28 23:00:00,R116,16.81,0,0,1,0,0.15,0.15,NORMAL
2026-09-28 23:00:00,R117,16.81,0,0,1,0,0.15,0.15,NORMAL
2026-09-28 23:00:00,R118,16.81,0,0,1,0,0.15,0.15,NORMAL
2026-09-28 23:00:00,R119,16.81,0,0,1,0,0.15,0.15,NORMAL
2026-09-28 23:00:00,R120,16.81,1,0,1,0,0.451,0.451,NORMAL
2026-09-29 00:00:00,R101,18.97,0,0,1,0,0.15,0.15,NORMAL
2026-09-29 00:00:00,R102,18.97,0,0,1,0,0.15,0.15,NORMAL
2026-09-29 00:00:00,R103,18.97,0,0,1,0,0.15,0.15,NORMAL
2026-09-29 00:00:00,R104,18.97,0,0,1,0,0.15,0.15,NORMAL
2026-09-29 00:00:00,R105,18.97,0,0,1,0,0.15,0.15,NORMAL
2026-09-29 00:00:00,R106,18.97,0,0,1,0,0.15,0.15,NORMAL
2026-09-29 00:00:00,R107,18.97,0,0,1,0,0.15,0.15,NORMAL
2026-09-29 00:00:00,R108,18.97,1,0,1,0,0.396,0.396,NORMAL
2026-09-29 00:00:00,R109,18.97,0,0,1,0,0.15,0.15,NORMAL
2026-09-29 00:00:00,R110,18.97,1,0,1,0,0.414,0.414,NORMAL
2026-09-29 00:00:00,R111,18.97,0,0,1,0,0.15,0.15,NORMAL
2026-09-29 00:00:00,R112,18.97,1,0,1,0,0.363,0.363,NORMAL
2026-09-29 00:00:00,R113,18.97,0,0,1,0,0.15,0.15,NORMAL
2026-09-29 00:00:00,R114,18.97,0,0,1,0,0.15,0.15,NORMAL
2026-09-29 00:00:00,R115,18.97,1,0,1,0,0.376,0.376,NORMAL
2026-09-29 00:00:00,R116,18.97,0,0,1,0,0.15,0.15,NORMAL
2026-09-29 00:00:00,R117,18.97,0,0,1,0,0.15,0.15,NORMAL
2026-09-29 00:00:00,R118,18.97,0,0,1,0,0.15,0.15,NORMAL
2026-09-29 00:00:00,R119,18.97,0,0,1,0,0.15,0.15,NORMAL
2026-09-29 00:00:00,R120,18.97,0,0,1,0,0.15,0.15,NORMAL
2026-09-29 01:00:00,R101,21.91,0,0,1,0,0.15,0.15,NORMAL
2026-09-29 01:00:00,R102,21.91,0,0,1,0,0.15,0.15,NORMAL
2026-09-29 01:00:00,R103,21.91,0,0,1,0,0.15,0.15,NORMAL
2026-09-29 01:00:00,R104,21.91,1,0,1,0,0.406,0.406,NORMAL
2026-09-29 01:00:00,R105,21.91,1,0,1,0,0.402,0.402,NORMAL
2026-09-29 01:00:00,R106,21.91,0,0,1,0,0.15,0.15,NORMAL
2026-09-29 01:00:00,R107,21.91,1,0,1,0,0.324,0.324,NORMAL
2026-09-29 01:00:00,R108,21.91,0,0,1,0,0.15,0.15,NORMAL
2026-09-29 01:00:00,R109,21.91,0,0,1,0,0.15,0.15,NORMAL
2026-09-29 01:00:00,R110,21.91,0,0,1,0,0.15,0.15,NORMAL
2026-09-29 01:00:00,R111,21.91,0,0,1,0,0.15,0.15,NORMAL
2026-09-29 01:00:00,R112,21.91,0,0,1,0,0.15,0.15,NORMAL
2026-09-29 01:00:00,R113,21.91,0,0,1,0,0.15,0.15,NORMAL
2026-09-29 01:00:00,R114,21.91,1,0,1,0,0.357,0.357,NORMAL
2026-09-29 01:00:00,R115,21.91,1,0,1,0,0.317,0.317,NORMAL
2026-09-29 01:00:00,R116,21.91,0,0,1,0,0.15,0.15,NORMAL
2026-09-29 01:00:00,R117,21.91,0,0,1,0,0.15,0.15,NORMAL
2026-09-29 01:00:00,R118,21.91,0,0,1,0,0.15,0.15,NORMAL
2026-09-29 01:00:00,R119,21.91,0,0,1,0,0.15,0.15,NORMAL
2026-09-29 01:00:00,R120,21.91,0,0,1,0,0.15,0.15,NORMAL
2026-09-29 02:00:00,R101,16.62,1,0,1,0,0.451,0.451,NORMAL
2026-09-29 02:00:00,R102,16.62,0,0,1,0,0.15,0.15,NORMAL
2026-09-29 02:00:00,R103,16.62,0,0,1,0,0.15,0.15,NORMAL
2026-09-29 02:00:00,R104,16.62,0,0,1,0,0.15,0.15,NORMAL
2026-09-29 02:00:00,R105,16.62,0,0,1,0,0.15,0.15,NORMAL
2026-09-29 02:00:00,R106,16.62,1,0,1,0,0.428,0.428,NORMAL
2026-09-29 02:00:00,R107,16.62,1,0,1,0,0.325,0.325,NORMAL
2026-09-29 02:00:00,R108,16.62,0,0,1,0,0.15,0.15,NORMAL
2026-09-29 02:00:00,R109,16.62,1,0,1,0,0.423,0.423,NORMAL
2026-09-29 02:00:00,R110,16.62,0,0,1,0,0.15,0.15,NORMAL
2026-09-29 02:00:00,R111,16.62,0,0,1,0,0.15,0.15,NORMAL
2026-09-29 02:00:00,R112,16.62,0,0,1,0,0.15,0.15,NORMAL
2026-09-29 02:00:00,R113,16.62,0,0,1,0,0.15,0.15,NORMAL
2026-09-29 02:00:00,R114,16.62,0,0,1,0,0.566,0.566,STANDBY_WASTE
2026-09-29 02:00:00,R115,16.62,0,0,1,0,0.15,0.15,NORMAL
2026-09-29 02:00:00,R116,16.62,0,0,1,0,0.15,0.15,NORMAL
2026-09-29 02:00:00,R117,16.62,0,0,1,0,0.15,0.15,NORMAL
2026-09-29 02:00:00,R118,16.62,1,0,1,0,0.402,0.402,NORMAL
2026-09-29 02:00:00,R119,16.62,0,0,1,0,0.15,0.15,NORMAL
2026-09-29 02:00:00,R120,16.62,0,0,1,0,0.15,0.15,NORMAL
2026-09-29 03:00:00,R101,22.23,0,0,1,0,0.15,0.15,NORMAL
2026-09-29 03:00:00,R102,22.23,0,0,1,0,0.15,0.15,NORMAL
2026-09-29 03:00:00,R103,22.23,0,0,1,0,0.15,0.15,NORMAL
2026-09-29 03:00:00,R104,22.23,0,0,1,0,0.15,0.15,NORMAL
2026-09-29 03:00:00,R105,22.23,0,0,1,0,0.15,0.15,NORMAL
2026-09-29 03:00:00,R106,22.23,0,0,1,0,0.895,0.895,STANDBY_WASTE
2026-09-29 03:00:00,R107,22.23,1,0,1,0,0.318,0.318,NORMAL
2026-09-29 03:00:00,R108,22.23,1,0,1,0,0.327,0.327,NORMAL
2026-09-29 03:00:00,R109,22.23,0,0,1,0,0.15,0.15,NORMAL
2026-09-29 03:00:00,R110,22.23,0,0,1,0,0.15,0.15,NORMAL
2026-09-29 03:00:00,R111,22.23,1,0,1,0,0.392,0.392,NORMAL
2026-09-29 03:00:00,R112,22.23,0,0,1,0,0.15,0.15,NORMAL
2026-09-29 03:00:00,R113,22.23,0,0,1,0,0.15,0.15,NORMAL
2026-09-29 03:00:00,R114,22.23,0,0,1,0,0.15,0.15,NORMAL
2026-09-29 03:00:00,R115,22.23,0,0,1,0,0.15,0.15,NORMAL
2026-09-29 03:00:00,R116,22.23,0,0,1,0,0.15,0.15,NORMAL
2026-09-29 03:00:00,R117,22.23,1,0,1,0,0.41,0.41,NORMAL
2026-09-29 03:00:00,R118,22.23,0,0,1,0,0.15,0.15,NORMAL
2026-09-29 03:00:00,R119,22.23,0,0,1,0,0.15,0.15,NORMAL
2026-09-29 03:00:00,R120,22.23,0,0,1,0,0.15,0.15,NORMAL
2026-09-29 04:00:00,R101,22.69,0,0,1,0,0.15,0.15,NORMAL
2026-09-29 04:00:00,R102,22.69,0,0,1,0,0.15,0.15,NORMAL
2026-09-29 04:00:00,R103,22.69,1,0,1,0,0.397,0.397,NORMAL
2026-09-29 04:00:00,R104,22.69,0,0,1,0,0.15,0.15,NORMAL
2026-09-29 04:00:00,R105,22.69,0,0,1,0,0.15,0.15,NORMAL
2026-09-29 04:00:00,R106,22.69,0,0,1,0,0.15,0.15,NORMAL
2026-09-29 04:00:00,R107,22.69,0,0,1,0,0.15,0.15,NORMAL
2026-09-29 04:00:00,R108,22.69,0,0,1,0,0.15,0.15,NORMAL
2026-09-29 04:00:00,R109,22.69,1,0,1,0,0.365,0.365,NORMAL
2026-09-29 04:00:00,R110,22.69,0,0,1,0,0.15,0.15,NORMAL
2026-09-29 04:00:00,R111,22.69,0,0,1,0,0.15,0.15,NORMAL
2026-09-29 04:00:00,R112,22.69,0,0,1,0,0.15,0.15,NORMAL
2026-09-29 04:00:00,R113,22.69,0,0,1,0,0.15,0.15,NORMAL
2026-09-29 04:00:00,R114,22.69,0,0,1,0,0.15,0.15,NORMAL
2026-09-29 04:00:00,R115,22.69,1,0,1,0,0.456,0.456,NORMAL
2026-09-29 04:00:00,R116,22.69,0,0,1,0,0.15,0.15,NORMAL
2026-09-29 04:00:00,R117,22.69,0,0,1,0,0.15,0.15,NORMAL
2026-09-29 04:00:00,R118,22.69,0,0,1,0,0.15,0.15,NORMAL
2026-09-29 04:00:00,R119,22.69,0,0,1,0,0.15,0.15,NORMAL
2026-09-29 04:00:00,R120,22.69,1,0,1,0,0.302,0.302,NORMAL
2026-09-29 05:00:00,R101,19.48,0,0,1,0,0.15,0.15,NORMAL
2026-09-29 05:00:00,R102,19.48,0,0,1,0,0.15,0.15,NORMAL
2026-09-29 05:00:00,R103,19.48,0,0,1,0,0.15,0.15,NORMAL
2026-09-29 05:00:00,R104,19.48,0,0,1,0,0.15,0.15,NORMAL
2026-09-29 05:00:00,R105,19.48,0,0,1,0,0.15,0.15,NORMAL
2026-09-29 05:00:00,R106,19.48,0,0,1,0,0.15,0.15,NORMAL
2026-09-29 05:00:00,R107,19.48,1,0,1,0,0.392,0.392,NORMAL
2026-09-29 05:00:00,R108,19.48,0,0,1,0,0.15,0.15,NORMAL
2026-09-29 05:00:00,R109,19.48,1,0,1,0,0.42,0.42,NORMAL
2026-09-29 05:00:00,R110,19.48,0,0,1,0,0.15,0.15,NORMAL
2026-09-29 05:00:00,R111,19.48,0,0,1,0,0.15,0.15,NORMAL
2026-09-29 05:00:00,R112,19.48,0,0,1,0,0.15,0.15,NORMAL
2026-09-29 05:00:00,R113,19.48,0,0,1,0,0.15,0.15,NORMAL
2026-09-29 05:00:00,R114,19.48,0,0,1,0,0.15,0.15,NORMAL
2026-09-29 05:00:00,R115,19.48,1,0,1,0,0.424,0.424,NORMAL
2026-09-29 05:00:00,R116,19.48,0,0,1,0,0.15,0.15,NORMAL
2026-09-29 05:00:00,R117,19.48,0,0,1,0,0.15,0.15,NORMAL
2026-09-29 05:00:00,R118,19.48,1,0,1,0,0.407,0.407,NORMAL
2026-09-29 05:00:00,R119,19.48,0,0,1,0,0.15,0.15,NORMAL
2026-09-29 05:00:00,R120,19.48,0,0,1,0,0.15,0.15,NORMAL
2026-09-29 06:00:00,R101,25.68,2,0,0,1,0.326,0.326,NORMAL
2026-09-29 06:00:00,R102,25.68,0,0,0,1,0.15,0.15,NORMAL
2026-09-29 06:00:00,R103,25.68,1,0,0,1,0.273,0.273,NORMAL
2026-09-29 06:00:00,R104,25.68,1,0,0,1,0.3,0.3,NORMAL
2026-09-29 06:00:00,R105,25.68,1,0,0,1,0.227,0.227,NORMAL
2026-09-29 06:00:00,R106,25.68,1,0,0,1,0.237,0.237,NORMAL
2026-09-29 06:00:00,R107,25.68,1,0,0,1,0.278,0.278,NORMAL
2026-09-29 06:00:00,R108,25.68,1,0,0,1,0.201,0.201,NORMAL
2026-09-29 06:00:00,R109,25.68,2,0,0,1,0.292,0.292,NORMAL
2026-09-29 06:00:00,R110,25.68,1,0,0,1,0.239,0.239,NORMAL
2026-09-29 06:00:00,R111,25.68,2,0,0,1,0.331,0.331,NORMAL
2026-09-29 06:00:00,R112,25.68,2,0,0,1,0.293,0.293,NORMAL
2026-09-29 06:00:00,R113,25.68,2,0,0,1,0.407,0.407,NORMAL
2026-09-29 06:00:00,R114,25.68,1,0,0,1,0.234,0.234,NORMAL
2026-09-29 06:00:00,R115,25.68,1,0,0,1,0.265,0.265,NORMAL
2026-09-29 06:00:00,R116,25.68,1,0,0,1,0.22,0.22,NORMAL
2026-09-29 06:00:00,R117,25.68,1,0,0,1,0.22,0.22,NORMAL
2026-09-29 06:00:00,R118,25.68,0,0,0,1,0.15,0.15,NORMAL
2026-09-29 06:00:00,R119,25.68,0,0,0,1,0.15,0.15,NORMAL
2026-09-29 06:00:00,R120,25.68,1,0,0,1,0.228,0.228,NORMAL
2026-09-29 07:00:00,R101,28.83,0,0,0,1,0.15,0.15,NORMAL
2026-09-29 07:00:00,R102,28.83,0,0,0,1,0.15,0.15,NORMAL
2026-09-29 07:00:00,R103,28.83,2,0,0,1,0.432,0.432,NORMAL
2026-09-29 07:00:00,R104,28.83,1,0,0,1,0.297,0.297,NORMAL
2026-09-29 07:00:00,R105,28.83,2,0,0,1,0.303,0.303,NORMAL
2026-09-29 07:00:00,R106,28.83,1,0,0,1,0.236,0.236,NORMAL
2026-09-29 07:00:00,R107,28.83,1,0,0,1,0.266,0.266,NORMAL
2026-09-29 07:00:00,R108,28.83,2,0,0,1,0.388,0.388,NORMAL
2026-09-29 07:00:00,R109,28.83,0,0,0,1,0.15,0.15,NORMAL
2026-09-29 07:00:00,R110,28.83,1,0,0,1,0.295,0.295,NORMAL
2026-09-29 07:00:00,R111,28.83,2,0,0,1,0.331,0.331,NORMAL
2026-09-29 07:00:00,R112,28.83,1,0,0,1,0.28,0.28,NORMAL
2026-09-29 07:00:00,R113,28.83,0,0,0,1,0.15,0.15,NORMAL
2026-09-29 07:00:00,R114,28.83,0,0,0,1,0.15,0.15,NORMAL
2026-09-29 07:00:00,R115,28.83,2,0,0,1,0.305,0.305,NORMAL
2026-09-29 07:00:00,R116,28.83,1,0,0,1,0.296,0.296,NORMAL
2026-09-29 07:00:00,R117,28.83,1,0,0,1,0.201,0.201,NORMAL
2026-09-29 07:00:00,R118,28.83,1,0,0,1,0.207,0.207,NORMAL
2026-09-29 07:00:00,R119,28.83,1,0,0,1,0.268,0.268,NORMAL
2026-09-29 07:00:00,R120,28.83,2,0,0,1,0.422,0.422,NORMAL
2026-09-29 08:00:00,R101,30.92,2,1,0,1,1.79,1.79,NORMAL
2026-09-29 08:00:00,R102,30.92,1,1,0,1,1.639,1.639,NORMAL
2026-09-29 08:00:00,R103,30.92,0,0,0,1,0.15,0.15,NORMAL
2026-09-29 08:00:00,R104,30.92,1,1,0,1,2.016,2.016,NORMAL
2026-09-29 08:00:00,R105,30.92,1,1,0,1,1.491,1.491,NORMAL
2026-09-29 08:00:00,R106,30.92,1,1,0,1,1.931,1.931,NORMAL
2026-09-29 08:00:00,R107,30.92,2,1,0,1,1.792,1.792,NORMAL
2026-09-29 08:00:00,R108,30.92,0,0,0,1,0.15,0.15,NORMAL
2026-09-29 08:00:00,R109,30.92,2,1,0,1,1.502,1.502,NORMAL
2026-09-29 08:00:00,R110,30.92,0,0,0,1,0.15,0.15,NORMAL
2026-09-29 08:00:00,R111,30.92,1,1,0,1,1.837,1.837,NORMAL
2026-09-29 08:00:00,R112,30.92,1,1,0,1,1.871,1.871,NORMAL
2026-09-29 08:00:00,R113,30.92,1,1,0,1,1.614,1.614,NORMAL
2026-09-29 08:00:00,R114,30.92,2,1,0,1,1.806,1.806,NORMAL
2026-09-29 08:00:00,R115,30.92,2,1,0,1,1.828,1.828,NORMAL
2026-09-29 08:00:00,R116,30.92,1,1,0,1,1.51,1.51,NORMAL
2026-09-29 08:00:00,R117,30.92,1,1,0,1,1.573,1.573,NORMAL
2026-09-29 08:00:00,R118,30.92,0,0,0,1,0.15,0.15,NORMAL
2026-09-29 08:00:00,R119,30.92,0,0,0,1,0.15,0.15,NORMAL
2026-09-29 08:00:00,R120,30.92,2,1,0,1,1.724,1.724,NORMAL
2026-09-29 09:00:00,R101,32.54,1,1,0,1,1.476,1.476,NORMAL
2026-09-29 09:00:00,R102,32.54,0,0,0,1,0.15,0.15,NORMAL
2026-09-29 09:00:00,R103,32.54,0,0,0,1,0.15,0.15,NORMAL
2026-09-29 09:00:00,R104,32.54,0,0,0,1,0.15,0.15,NORMAL
2026-09-29 09:00:00,R105,32.54,0,0,0,1,0.15,0.15,NORMAL
2026-09-29 09:00:00,R106,32.54,0,0,0,1,0.15,0.15,NORMAL
2026-09-29 09:00:00,R107,32.54,0,0,0,1,0.15,0.15,NORMAL
2026-09-29 09:00:00,R108,32.54,0,0,0,1,0.15,0.15,NORMAL
2026-09-29 09:00:00,R109,32.54,1,1,0,1,1.981,1.981,NORMAL
2026-09-29 09:00:00,R110,32.54,0,0,0,1,0.15,0.15,NORMAL
2026-09-29 09:00:00,R111,32.54,2,1,0,1,1.767,1.767,NORMAL
2026-09-29 09:00:00,R112,32.54,1,1,0,1,1.488,1.488,NORMAL
2026-09-29 09:00:00,R113,32.54,1,1,0,1,1.567,1.567,NORMAL
2026-09-29 09:00:00,R114,32.54,0,0,0,1,0.15,0.15,NORMAL
2026-09-29 09:00:00,R115,32.54,0,0,0,1,0.15,0.15,NORMAL
2026-09-29 09:00:00,R116,32.54,0,0,0,1,0.15,0.15,NORMAL
2026-09-29 09:00:00,R117,32.54,1,1,0,1,1.492,1.492,NORMAL
2026-09-29 09:00:00,R118,32.54,0,0,0,1,0.15,0.15,NORMAL
2026-09-29 09:00:00,R119,32.54,0,0,0,1,0.15,0.15,NORMAL
2026-09-29 09:00:00,R120,32.54,1,1,0,1,1.59,1.59,NORMAL
2026-09-29 10:00:00,R101,34.77,2,1,0,1,2.052,2.052,NORMAL
2026-09-29 10:00:00,R102,34.77,1,1,0,1,1.59,1.59,NORMAL
2026-09-29 10:00:00,R103,34.77,1,1,0,1,1.853,1.853,NORMAL
2026-09-29 10:00:00,R104,34.77,1,1,0,1,1.629,1.629,NORMAL
2026-09-29 10:00:00,R105,34.77,0,0,0,1,0.15,0.15,NORMAL
2026-09-29 10:00:00,R106,34.77,0,0,0,1,0.15,0.15,NORMAL
2026-09-29 10:00:00,R107,34.77,0,0,0,1,0.15,0.15,NORMAL
2026-09-29 10:00:00,R108,34.77,0,0,0,1,0.15,0.15,NORMAL
2026-09-29 10:00:00,R109,34.77,1,1,0,1,1.448,1.448,NORMAL
2026-09-29 10:00:00,R110,34.77,0,0,0,1,0.15,0.15,NORMAL
2026-09-29 10:00:00,R111,34.77,0,0,0,1,0.15,0.15,NORMAL
2026-09-29 10:00:00,R112,34.77,1,1,0,1,2.05,2.05,NORMAL
2026-09-29 10:00:00,R113,34.77,1,1,0,1,1.788,1.788,NORMAL
2026-09-29 10:00:00,R114,34.77,0,0,0,1,0.15,0.15,NORMAL
2026-09-29 10:00:00,R115,34.77,1,1,0,1,1.558,1.558,NORMAL
2026-09-29 10:00:00,R116,34.77,0,0,0,1,0.15,0.15,NORMAL
2026-09-29 10:00:00,R117,34.77,1,1,0,1,1.998,1.998,NORMAL
2026-09-29 10:00:00,R118,34.77,0,0,0,1,0.15,0.15,NORMAL
2026-09-29 10:00:00,R119,34.77,1,1,0,1,1.573,1.573,NORMAL
2026-09-29 10:00:00,R120,34.77,0,0,0,1,0.15,0.15,NORMAL
2026-09-29 11:00:00,R101,34.26,0,0,0,1,0.15,0.15,NORMAL
2026-09-29 11:00:00,R102,34.26,0,0,0,1,0.15,0.15,NORMAL
2026-09-29 11:00:00,R103,34.26,0,0,0,1,0.15,0.15,NORMAL
2026-09-29 11:00:00,R104,34.26,0,0,0,1,0.15,0.15,NORMAL
2026-09-29 11:00:00,R105,34.26,0,0,0,1,0.15,0.15,NORMAL
2026-09-29 11:00:00,R106,34.26,0,0,0,1,0.15,0.15,NORMAL
2026-09-29 11:00:00,R107,34.26,2,1,0,1,1.549,1.549,NORMAL
2026-09-29 11:00:00,R108,34.26,1,1,0,1,1.515,1.515,NORMAL
2026-09-29 11:00:00,R109,34.26,0,0,0,1,0.15,0.15,NORMAL
2026-09-29 11:00:00,R110,34.26,1,1,0,1,1.942,1.942,NORMAL
2026-09-29 11:00:00,R111,34.26,0,0,0,1,0.15,0.15,NORMAL
2026-09-29 11:00:00,R112,34.26,0,0,0,1,0.15,0.15,NORMAL
2026-09-29 11:00:00,R113,34.26,0,0,0,1,0.15,0.15,NORMAL
2026-09-29 11:00:00,R114,34.26,0,0,0,1,0.15,0.15,NORMAL
2026-09-29 11:00:00,R115,34.26,0,0,0,1,0.15,0.15,NORMAL
2026-09-29 11:00:00,R116,34.26,0,0,0,1,0.15,0.15,NORMAL
2026-09-29 11:00:00,R117,34.26,0,0,0,1,0.15,0.15,NORMAL
2026-09-29 11:00:00,R118,34.26,0,0,0,1,0.15,0.15,NORMAL
2026-09-29 11:00:00,R119,34.26,1,1,0,1,1.668,1.668,NORMAL
2026-09-29 11:00:00,R120,34.26,1,1,0,1,1.645,1.645,NORMAL
2026-09-29 12:00:00,R101,32.14,0,0,0,1,0.15,0.15,NORMAL
2026-09-29 12:00:00,R102,32.14,2,1,0,1,1.929,1.929,NORMAL
2026-09-29 12:00:00,R103,32.14,0,0,0,1,0.15,0.15,NORMAL
2026-09-29 12:00:00,R104,32.14,1,1,0,1,1.71,1.71,NORMAL
2026-09-29 12:00:00,R105,32.14,0,0,0,1,0.15,0.15,NORMAL
2026-09-29 12:00:00,R106,32.14,0,0,0,1,0.15,0.15,NORMAL
2026-09-29 12:00:00,R107,32.14,0,0,0,1,0.15,0.15,NORMAL
2026-09-29 12:00:00,R108,32.14,0,0,0,1,0.15,0.15,NORMAL
2026-09-29 12:00:00,R109,32.14,1,1,0,1,2.018,2.018,NORMAL
2026-09-29 12:00:00,R110,32.14,1,1,0,1,1.716,1.716,NORMAL
2026-09-29 12:00:00,R111,32.14,0,0,0,1,0.15,0.15,NORMAL
2026-09-29 12:00:00,R112,32.14,0,0,0,1,0.15,0.15,NORMAL
2026-09-29 12:00:00,R113,32.14,0,0,0,1,0.15,0.15,NORMAL
2026-09-29 12:00:00,R114,32.14,0,0,0,1,0.15,0.15,NORMAL
2026-09-29 12:00:00,R115,32.14,1,1,0,1,1.992,1.992,NORMAL
2026-09-29 12:00:00,R116,32.14,2,1,0,1,2.056,2.056,NORMAL
2026-09-29 12:00:00,R117,32.14,0,0,0,1,0.15,0.15,NORMAL
2026-09-29 12:00:00,R118,32.14,0,0,0,1,0.15,0.15,NORMAL
2026-09-29 12:00:00,R119,32.14,0,0,0,1,0.15,0.15,NORMAL
2026-09-29 12:00:00,R120,32.14,0,0,0,1,0.15,0.15,NORMAL
2026-09-29 13:00:00,R101,34.28,2,1,0,1,2.141,2.141,NORMAL
2026-09-29 13:00:00,R102,34.28,1,1,0,1,1.929,1.929,NORMAL
2026-09-29 13:00:00,R103,34.28,0,0,0,1,0.15,0.15,NORMAL
2026-09-29 13:00:00,R104,34.28,0,0,0,1,0.15,0.15,NORMAL
2026-09-29 13:00:00,R105,34.28,0,0,0,1,0.15,0.15,NORMAL
2026-09-29 13:00:00,R106,34.28,0,1,0,1,1.303,1.303,AC_WASTE
2026-09-29 13:00:00,R107,34.28,0,0,0,1,0.15,0.15,NORMAL
2026-09-29 13:00:00,R108,34.28,0,0,0,1,0.15,0.15,NORMAL
2026-09-29 13:00:00,R109,34.28,0,0,0,1,0.15,0.15,NORMAL
2026-09-29 13:00:00,R110,34.28,1,1,0,1,1.97,1.97,NORMAL
2026-09-29 13:00:00,R111,34.28,0,0,0,1,0.15,0.15,NORMAL
2026-09-29 13:00:00,R112,34.28,0,0,0,1,0.15,0.15,NORMAL
2026-09-29 13:00:00,R113,34.28,0,0,0,1,0.15,0.15,NORMAL
2026-09-29 13:00:00,R114,34.28,0,0,0,1,0.15,0.15,NORMAL
2026-09-29 13:00:00,R115,34.28,1,1,0,1,1.53,1.53,NORMAL
2026-09-29 13:00:00,R116,34.28,0,0,0,1,0.15,0.15,NORMAL
2026-09-29 13:00:00,R117,34.28,2,1,0,1,1.837,1.837,NORMAL
2026-09-29 13:00:00,R118,34.28,0,0,0,1,0.15,0.15,NORMAL
2026-09-29 13:00:00,R119,34.28,1,1,0,1,1.954,1.954,NORMAL
2026-09-29 13:00:00,R120,34.28,1,1,0,1,2.018,2.018,NORMAL
2026-09-29 14:00:00,R101,33.42,0,0,0,1,0.15,0.15,NORMAL
2026-09-29 14:00:00,R102,33.42,0,0,0,1,0.15,0.15,NORMAL
2026-09-29 14:00:00,R103,33.42,0,0,0,1,0.15,0.15,NORMAL
2026-09-29 14:00:00,R104,33.42,0,0,0,1,0.15,0.15,NORMAL
2026-09-29 14:00:00,R105,33.42,0,0,0,1,0.15,0.15,NORMAL
2026-09-29 14:00:00,R106,33.42,1,1,0,1,1.73,1.73,NORMAL
2026-09-29 14:00:00,R107,33.42,0,0,0,1,0.15,0.15,NORMAL
2026-09-29 14:00:00,R108,33.42,0,0,0,1,0.15,0.15,NORMAL
2026-09-29 14:00:00,R109,33.42,0,0,0,1,0.15,0.15,NORMAL
2026-09-29 14:00:00,R110,33.42,1,1,0,1,1.857,1.857,NORMAL
2026-09-29 14:00:00,R111,33.42,0,0,0,1,0.15,0.15,NORMAL
2026-09-29 14:00:00,R112,33.42,0,0,0,1,0.15,0.15,NORMAL
2026-09-29 14:00:00,R113,33.42,2,1,0,1,1.824,1.824,NORMAL
2026-09-29 14:00:00,R114,33.42,0,0,0,1,0.15,0.15,NORMAL
2026-09-29 14:00:00,R115,33.42,0,0,0,1,0.15,0.15,NORMAL
2026-09-29 14:00:00,R116,33.42,0,0,0,1,0.15,0.15,NORMAL
2026-09-29 14:00:00,R117,33.42,0,0,0,1,0.15,0.15,NORMAL
2026-09-29 14:00:00,R118,33.42,0,0,0,1,0.15,0.15,NORMAL
2026-09-29 14:00:00,R119,33.42,0,0,0,1,0.15,0.15,NORMAL
2026-09-29 14:00:00,R120,33.42,1,1,0,1,1.947,1.947,NORMAL
2026-09-29 15:00:00,R101,31.15,1,1,0,1,1.907,1.907,NORMAL
2026-09-29 15:00:00,R102,31.15,1,1,0,1,1.729,1.729,NORMAL
2026-09-29 15:00:00,R103,31.15,0,0,0,1,0.15,0.15,NORMAL
2026-09-29 15:00:00,R104,31.15,0,0,0,1,0.15,0.15,NORMAL
2026-09-29 15:00:00,R105,31.15,0,0,0,1,0.15,0.15,NORMAL
2026-09-29 15:00:00,R106,31.15,0,0,0,1,0.15,0.15,NORMAL
2026-09-29 15:00:00,R107,31.15,1,1,0,1,1.975,1.975,NORMAL
2026-09-29 15:00:00,R108,31.15,1,1,0,1,1.742,1.742,NORMAL
2026-09-29 15:00:00,R109,31.15,1,1,0,1,1.582,1.582,NORMAL
2026-09-29 15:00:00,R110,31.15,0,0,0,1,0.15,0.15,NORMAL
2026-09-29 15:00:00,R111,31.15,0,0,0,1,0.15,0.15,NORMAL
2026-09-29 15:00:00,R112,31.15,0,0,0,1,0.15,0.15,NORMAL
2026-09-29 15:00:00,R113,31.15,0,0,0,1,0.15,0.15,NORMAL
2026-09-29 15:00:00,R114,31.15,0,0,0,1,0.15,0.15,NORMAL
2026-09-29 15:00:00,R115,31.15,1,1,0,1,1.884,1.884,NORMAL
2026-09-29 15:00:00,R116,31.15,0,0,0,1,0.15,0.15,NORMAL
2026-09-29 15:00:00,R117,31.15,1,1,0,1,1.557,1.557,NORMAL
2026-09-29 15:00:00,R118,31.15,2,1,0,1,1.495,1.495,NORMAL
2026-09-29 15:00:00,R119,31.15,0,0,0,1,0.15,0.15,NORMAL
2026-09-29 15:00:00,R120,31.15,0,0,0,1,0.15,0.15,NORMAL
2026-09-29 16:00:00,R101,31.63,0,0,0,1,0.15,0.15,NORMAL
2026-09-29 16:00:00,R102,31.63,1,1,0,1,1.426,1.426,NORMAL
2026-09-29 16:00:00,R103,31.63,1,1,0,1,1.653,1.653,NORMAL
2026-09-29 16:00:00,R104,31.63,0,0,0,1,0.15,0.15,NORMAL
2026-09-29 16:00:00,R105,31.63,0,0,0,1,0.15,0.15,NORMAL
2026-09-29 16:00:00,R106,31.63,0,0,0,1,0.15,0.15,NORMAL
2026-09-29 16:00:00,R107,31.63,0,0,0,1,0.15,0.15,NORMAL
2026-09-29 16:00:00,R108,31.63,0,0,0,1,0.15,0.15,NORMAL
2026-09-29 16:00:00,R109,31.63,0,0,0,1,0.15,0.15,NORMAL
2026-09-29 16:00:00,R110,31.63,0,0,0,1,0.15,0.15,NORMAL
2026-09-29 16:00:00,R111,31.63,1,1,0,1,1.927,1.927,NORMAL
2026-09-29 16:00:00,R112,31.63,0,0,0,1,0.15,0.15,NORMAL
2026-09-29 16:00:00,R113,31.63,0,0,0,1,0.15,0.15,NORMAL
2026-09-29 16:00:00,R114,31.63,1,1,0,1,1.547,1.547,NORMAL
2026-09-29 16:00:00,R115,31.63,0,0,0,1,0.15,0.15,NORMAL
2026-09-29 16:00:00,R116,31.63,0,0,0,1,0.15,0.15,NORMAL
2026-09-29 16:00:00,R117,31.63,1,1,0,1,1.64,1.64,NORMAL
2026-09-29 16:00:00,R118,31.63,1,1,0,1,1.498,1.498,NORMAL
2026-09-29 16:00:00,R119,31.63,1,1,0,1,2.019,2.019,NORMAL
2026-09-29 16:00:00,R120,31.63,1,1,0,1,1.919,1.919,NORMAL
2026-09-29 17:00:00,R101,26.33,1,0,0,1,0.295,0.295,NORMAL
2026-09-29 17:00:00,R102,26.33,1,0,0,1,0.248,0.248,NORMAL
2026-09-29 17:00:00,R103,26.33,2,0,0,1,0.257,0.257,NORMAL
2026-09-29 17:00:00,R104,26.33,1,0,0,1,0.286,0.286,NORMAL
2026-09-29 17:00:00,R105,26.33,1,0,0,1,0.277,0.277,NORMAL
2026-09-29 17:00:00,R106,26.33,2,0,0,1,0.417,0.417,NORMAL
2026-09-29 17:00:00,R107,26.33,2,0,0,1,0.369,0.369,NORMAL
2026-09-29 17:00:00,R108,26.33,1,0,0,1,0.271,0.271,NORMAL
2026-09-29 17:00:00,R109,26.33,2,0,0,1,0.355,0.355,NORMAL
2026-09-29 17:00:00,R110,26.33,1,0,0,1,0.203,0.203,NORMAL
2026-09-29 17:00:00,R111,26.33,1,0,0,1,0.208,0.208,NORMAL
2026-09-29 17:00:00,R112,26.33,2,0,0,1,0.272,0.272,NORMAL
2026-09-29 17:00:00,R113,26.33,1,0,0,1,0.258,0.258,NORMAL
2026-09-29 17:00:00,R114,26.33,2,0,0,1,0.302,0.302,NORMAL
2026-09-29 17:00:00,R115,26.33,2,0,0,1,0.321,0.321,NORMAL
2026-09-29 17:00:00,R116,26.33,1,0,0,1,0.295,0.295,NORMAL
2026-09-29 17:00:00,R117,26.33,0,0,0,1,0.15,0.15,NORMAL
2026-09-29 17:00:00,R118,26.33,1,0,0,1,0.244,0.244,NORMAL
2026-09-29 17:00:00,R119,26.33,2,0,0,1,0.336,0.336,NORMAL
2026-09-29 17:00:00,R120,26.33,2,0,0,1,0.287,0.287,NORMAL
2026-09-29 18:00:00,R101,30.03,1,1,1,1,1.576,1.576,NORMAL
2026-09-29 18:00:00,R102,30.03,1,1,1,1,1.992,1.992,NORMAL
2026-09-29 18:00:00,R103,30.03,1,1,1,1,1.713,1.713,NORMAL
2026-09-29 18:00:00,R104,30.03,2,1,1,1,2.076,2.076,NORMAL
2026-09-29 18:00:00,R105,30.03,2,1,1,1,2.076,2.076,NORMAL
2026-09-29 18:00:00,R106,30.03,2,1,1,1,1.99,1.99,NORMAL
2026-09-29 18:00:00,R107,30.03,1,1,1,1,1.922,1.922,NORMAL
2026-09-29 18:00:00,R108,30.03,2,1,1,1,1.884,1.884,NORMAL
2026-09-29 18:00:00,R109,30.03,2,1,1,1,2.255,2.255,NORMAL
2026-09-29 18:00:00,R110,30.03,1,1,1,1,1.977,1.977,NORMAL
2026-09-29 18:00:00,R111,30.03,2,1,1,1,2.224,2.224,NORMAL
2026-09-29 18:00:00,R112,30.03,2,1,1,1,1.997,1.997,NORMAL
2026-09-29 18:00:00,R113,30.03,1,1,1,1,1.855,1.855,NORMAL
2026-09-29 18:00:00,R114,30.03,2,1,1,1,2.08,2.08,NORMAL
2026-09-29 18:00:00,R115,30.03,0,0,1,1,0.15,0.15,NORMAL
2026-09-29 18:00:00,R116,30.03,1,1,1,1,2.089,2.089,NORMAL
2026-09-29 18:00:00,R117,30.03,1,1,1,1,1.532,1.532,NORMAL
2026-09-29 18:00:00,R118,30.03,1,1,1,1,2.069,2.069,NORMAL
2026-09-29 18:00:00,R119,30.03,0,0,1,1,0.15,0.15,NORMAL
2026-09-29 18:00:00,R120,30.03,2,1,1,1,2.261,2.261,NORMAL
2026-09-29 19:00:00,R101,24.12,2,0,1,1,0.405,0.405,NORMAL
2026-09-29 19:00:00,R102,24.12,2,0,1,1,0.405,0.405,NORMAL
2026-09-29 19:00:00,R103,24.12,1,0,1,1,0.45,0.45,NORMAL
2026-09-29 19:00:00,R104,24.12,2,0,1,1,0.434,0.434,NORMAL
2026-09-29 19:00:00,R105,24.12,2,0,1,1,0.452,0.452,NORMAL
2026-09-29 19:00:00,R106,24.12,1,0,1,1,0.38,0.38,NORMAL
2026-09-29 19:00:00,R107,24.12,1,0,1,1,0.413,0.413,NORMAL
2026-09-29 19:00:00,R108,24.12,2,0,1,1,0.448,0.448,NORMAL
2026-09-29 19:00:00,R109,24.12,0,0,1,1,0.15,0.15,NORMAL
2026-09-29 19:00:00,R110,24.12,2,0,1,1,0.495,0.495,NORMAL
2026-09-29 19:00:00,R111,24.12,0,0,1,1,0.15,0.15,NORMAL
2026-09-29 19:00:00,R112,24.12,1,0,1,1,0.475,0.475,NORMAL
2026-09-29 19:00:00,R113,24.12,1,0,1,1,0.365,0.365,NORMAL
2026-09-29 19:00:00,R114,24.12,2,0,1,1,0.399,0.399,NORMAL
2026-09-29 19:00:00,R115,24.12,2,0,1,1,0.611,0.611,NORMAL
2026-09-29 19:00:00,R116,24.12,0,0,1,1,0.15,0.15,NORMAL
2026-09-29 19:00:00,R117,24.12,2,0,1,1,0.509,0.509,NORMAL
2026-09-29 19:00:00,R118,24.12,2,0,1,1,0.494,0.494,NORMAL
2026-09-29 19:00:00,R119,24.12,2,0,1,1,0.59,0.59,NORMAL
2026-09-29 19:00:00,R120,24.12,1,0,1,1,0.39,0.39,NORMAL
2026-09-29 20:00:00,R101,24.74,2,0,1,1,0.436,0.436,NORMAL
2026-09-29 20:00:00,R102,24.74,1,0,1,1,0.375,0.375,NORMAL
2026-09-29 20:00:00,R103,24.74,2,0,1,1,0.5,0.5,NORMAL
2026-09-29 20:00:00,R104,24.74,2,0,1,1,1.163,1.163,STANDBY_WASTE
2026-09-29 20:00:00,R105,24.74,1,0,1,1,0.405,0.405,NORMAL
2026-09-29 20:00:00,R106,24.74,2,0,1,1,0.485,0.485,NORMAL
2026-09-29 20:00:00,R107,24.74,1,0,1,1,0.352,0.352,NORMAL
2026-09-29 20:00:00,R108,24.74,1,0,1,1,0.357,0.357,NORMAL
2026-09-29 20:00:00,R109,24.74,2,0,1,1,0.461,0.461,NORMAL
2026-09-29 20:00:00,R110,24.74,2,0,1,1,0.463,0.463,NORMAL
2026-09-29 20:00:00,R111,24.74,1,0,1,1,0.394,0.394,NORMAL
2026-09-29 20:00:00,R112,24.74,0,0,1,1,0.15,0.15,NORMAL
2026-09-29 20:00:00,R113,24.74,1,0,1,1,0.352,0.352,NORMAL
2026-09-29 20:00:00,R114,24.74,2,0,1,1,0.553,0.553,NORMAL
2026-09-29 20:00:00,R115,24.74,1,0,1,1,0.392,0.392,NORMAL
2026-09-29 20:00:00,R116,24.74,1,0,1,1,0.41,0.41,NORMAL
2026-09-29 20:00:00,R117,24.74,2,0,1,1,0.439,0.439,NORMAL
2026-09-29 20:00:00,R118,24.74,2,0,1,1,0.414,0.414,NORMAL
2026-09-29 20:00:00,R119,24.74,2,0,1,1,0.392,0.392,NORMAL
2026-09-29 20:00:00,R120,24.74,2,0,1,1,0.59,0.59,NORMAL
2026-09-29 21:00:00,R101,21.8,2,0,1,1,0.52,0.52,NORMAL
2026-09-29 21:00:00,R102,21.8,2,0,1,1,0.519,0.519,NORMAL
2026-09-29 21:00:00,R103,21.8,1,0,1,1,0.37,0.37,NORMAL
2026-09-29 21:00:00,R104,21.8,1,0,1,1,0.403,0.403,NORMAL
2026-09-29 21:00:00,R105,21.8,1,0,1,1,0.384,0.384,NORMAL
2026-09-29 21:00:00,R106,21.8,2,0,1,1,0.59,0.59,NORMAL
2026-09-29 21:00:00,R107,21.8,2,0,1,1,0.446,0.446,NORMAL
2026-09-29 21:00:00,R108,21.8,1,0,1,1,0.381,0.381,NORMAL
2026-09-29 21:00:00,R109,21.8,1,0,1,1,0.409,0.409,NORMAL
2026-09-29 21:00:00,R110,21.8,1,0,1,1,0.408,0.408,NORMAL
2026-09-29 21:00:00,R111,21.8,0,1,1,1,1.426,1.426,AC_WASTE
2026-09-29 21:00:00,R112,21.8,1,0,1,1,0.391,0.391,NORMAL
2026-09-29 21:00:00,R113,21.8,1,0,1,1,0.335,0.335,NORMAL
2026-09-29 21:00:00,R114,21.8,1,0,1,1,0.476,0.476,NORMAL
2026-09-29 21:00:00,R115,21.8,1,0,1,1,0.374,0.374,NORMAL
2026-09-29 21:00:00,R116,21.8,1,0,1,1,0.412,0.412,NORMAL
2026-09-29 21:00:00,R117,21.8,1,0,1,1,0.432,0.432,NORMAL
2026-09-29 21:00:00,R118,21.8,2,0,1,1,0.529,0.529,NORMAL
2026-09-29 21:00:00,R119,21.8,0,0,1,1,0.15,0.15,NORMAL
2026-09-29 21:00:00,R120,21.8,1,0,1,1,0.375,0.375,NORMAL
2026-09-29 22:00:00,R101,21.02,2,0,1,1,0.462,0.462,NORMAL
2026-09-29 22:00:00,R102,21.02,2,0,1,1,1.161,1.161,STANDBY_WASTE
2026-09-29 22:00:00,R103,21.02,1,0,1,1,0.446,0.446,NORMAL
2026-09-29 22:00:00,R104,21.02,1,0,1,1,0.358,0.358,NORMAL
2026-09-29 22:00:00,R105,21.02,1,0,1,1,0.466,0.466,NORMAL
2026-09-29 22:00:00,R106,21.02,1,0,1,1,0.368,0.368,NORMAL
2026-09-29 22:00:00,R107,21.02,0,0,1,1,0.15,0.15,NORMAL
2026-09-29 22:00:00,R108,21.02,2,0,1,1,0.491,0.491,NORMAL
2026-09-29 22:00:00,R109,21.02,0,0,1,1,0.15,0.15,NORMAL
2026-09-29 22:00:00,R110,21.02,1,0,1,1,0.371,0.371,NORMAL
2026-09-29 22:00:00,R111,21.02,2,0,1,1,0.502,0.502,NORMAL
2026-09-29 22:00:00,R112,21.02,1,0,1,1,0.36,0.36,NORMAL
2026-09-29 22:00:00,R113,21.02,1,0,1,1,0.446,0.446,NORMAL
2026-09-29 22:00:00,R114,21.02,2,0,1,1,0.52,0.52,NORMAL
2026-09-29 22:00:00,R115,21.02,2,0,1,1,0.546,0.546,NORMAL
2026-09-29 22:00:00,R116,21.02,0,0,1,1,0.15,0.15,NORMAL
2026-09-29 22:00:00,R117,21.02,2,0,1,1,0.364,0.364,NORMAL
2026-09-29 22:00:00,R118,21.02,1,0,1,1,0.354,0.354,NORMAL
2026-09-29 22:00:00,R119,21.02,0,0,1,1,0.15,0.15,NORMAL
2026-09-29 22:00:00,R120,21.02,1,0,1,1,0.384,0.384,NORMAL
2026-09-29 23:00:00,R101,18.41,0,0,1,0,0.15,0.15,NORMAL
2026-09-29 23:00:00,R102,18.41,0,0,1,0,0.15,0.15,NORMAL
2026-09-29 23:00:00,R103,18.41,0,0,1,0,0.15,0.15,NORMAL
2026-09-29 23:00:00,R104,18.41,1,0,1,0,0.376,0.376,NORMAL
2026-09-29 23:00:00,R105,18.41,1,0,1,0,0.335,0.335,NORMAL
2026-09-29 23:00:00,R106,18.41,0,0,1,0,0.15,0.15,NORMAL
2026-09-29 23:00:00,R107,18.41,0,0,1,0,0.15,0.15,NORMAL
2026-09-29 23:00:00,R108,18.41,0,0,1,0,0.15,0.15,NORMAL
2026-09-29 23:00:00,R109,18.41,1,0,1,0,0.399,0.399,NORMAL
2026-09-29 23:00:00,R110,18.41,0,0,1,0,0.15,0.15,NORMAL
2026-09-29 23:00:00,R111,18.41,0,0,1,0,0.15,0.15,NORMAL
2026-09-29 23:00:00,R112,18.41,0,0,1,0,0.15,0.15,NORMAL
2026-09-29 23:00:00,R113,18.41,0,0,1,0,0.15,0.15,NORMAL
2026-09-29 23:00:00,R114,18.41,0,0,1,0,0.15,0.15,NORMAL
2026-09-29 23:00:00,R115,18.41,0,0,1,0,0.15,0.15,NORMAL
2026-09-29 23:00:00,R116,18.41,0,0,1,0,0.15,0.15,NORMAL
2026-09-29 23:00:00,R117,18.41,0,0,1,0,0.15,0.15,NORMAL
2026-09-29 23:00:00,R118,18.41,0,0,1,0,0.15,0.15,NORMAL
2026-09-29 23:00:00,R119,18.41,0,0,1,0,0.15,0.15,NORMAL
2026-09-29 23:00:00,R120,18.41,1,0,1,0,0.389,0.389,NORMAL
2026-09-30 00:00:00,R101,18.07,0,0,1,0,0.15,0.15,NORMAL
2026-09-30 00:00:00,R102,18.07,0,0,1,0,0.15,0.15,NORMAL
2026-09-30 00:00:00,R103,18.07,0,0,1,0,0.15,0.15,NORMAL
2026-09-30 00:00:00,R104,18.07,0,0,1,0,0.15,0.15,NORMAL
2026-09-30 00:00:00,R105,18.07,0,0,1,0,0.15,0.15,NORMAL
2026-09-30 00:00:00,R106,18.07,0,0,1,0,0.15,0.15,NORMAL
2026-09-30 00:00:00,R107,18.07,0,0,1,0,0.15,0.15,NORMAL
2026-09-30 00:00:00,R108,18.07,0,0,1,0,0.15,0.15,NORMAL
2026-09-30 00:00:00,R109,18.07,0,0,1,0,0.15,0.15,NORMAL
2026-09-30 00:00:00,R110,18.07,0,0,1,0,0.15,0.15,NORMAL
2026-09-30 00:00:00,R111,18.07,0,0,1,0,0.15,0.15,NORMAL
2026-09-30 00:00:00,R112,18.07,0,0,1,0,0.15,0.15,NORMAL
2026-09-30 00:00:00,R113,18.07,0,1,1,0,1.524,1.524,AC_WASTE
2026-09-30 00:00:00,R114,18.07,0,0,1,0,0.15,0.15,NORMAL
2026-09-30 00:00:00,R115,18.07,0,0,1,0,0.15,0.15,NORMAL
2026-09-30 00:00:00,R116,18.07,0,0,1,0,0.15,0.15,NORMAL
2026-09-30 00:00:00,R117,18.07,1,0,1,0,0.404,0.404,NORMAL
2026-09-30 00:00:00,R118,18.07,0,0,1,0,0.15,0.15,NORMAL
2026-09-30 00:00:00,R119,18.07,0,0,1,0,0.15,0.15,NORMAL
2026-09-30 00:00:00,R120,18.07,0,0,1,0,0.15,0.15,NORMAL
2026-09-30 01:00:00,R101,20.76,0,0,1,0,0.15,0.15,NORMAL
2026-09-30 01:00:00,R102,20.76,0,0,1,0,0.15,0.15,NORMAL
2026-09-30 01:00:00,R103,20.76,0,0,1,0,0.15,0.15,NORMAL
2026-09-30 01:00:00,R104,20.76,1,0,1,0,0.441,0.441,NORMAL
2026-09-30 01:00:00,R105,20.76,1,0,1,0,0.383,0.383,NORMAL
2026-09-30 01:00:00,R106,20.76,0,0,1,0,0.15,0.15,NORMAL
2026-09-30 01:00:00,R107,20.76,0,0,1,0,0.15,0.15,NORMAL
2026-09-30 01:00:00,R108,20.76,0,0,1,0,0.15,0.15,NORMAL
2026-09-30 01:00:00,R109,20.76,0,0,1,0,0.15,0.15,NORMAL
2026-09-30 01:00:00,R110,20.76,0,0,1,0,0.15,0.15,NORMAL
2026-09-30 01:00:00,R111,20.76,0,0,1,0,0.15,0.15,NORMAL
2026-09-30 01:00:00,R112,20.76,0,0,1,0,0.15,0.15,NORMAL
2026-09-30 01:00:00,R113,20.76,0,0,1,0,0.15,0.15,NORMAL
2026-09-30 01:00:00,R114,20.76,0,0,1,0,0.15,0.15,NORMAL
2026-09-30 01:00:00,R115,20.76,0,0,1,0,0.15,0.15,NORMAL
2026-09-30 01:00:00,R116,20.76,0,0,1,0,0.15,0.15,NORMAL
2026-09-30 01:00:00,R117,20.76,1,0,1,0,0.46,0.46,NORMAL
2026-09-30 01:00:00,R118,20.76,0,0,1,0,0.15,0.15,NORMAL
2026-09-30 01:00:00,R119,20.76,0,0,1,0,0.15,0.15,NORMAL
2026-09-30 01:00:00,R120,20.76,0,0,1,0,0.61,0.61,STANDBY_WASTE
2026-09-30 02:00:00,R101,18.36,1,0,1,0,0.404,0.404,NORMAL
2026-09-30 02:00:00,R102,18.36,0,0,1,0,0.15,0.15,NORMAL
2026-09-30 02:00:00,R103,18.36,0,0,1,0,0.15,0.15,NORMAL
2026-09-30 02:00:00,R104,18.36,0,0,1,0,0.15,0.15,NORMAL
2026-09-30 02:00:00,R105,18.36,0,0,1,0,0.15,0.15,NORMAL
2026-09-30 02:00:00,R106,18.36,0,0,1,0,0.15,0.15,NORMAL
2026-09-30 02:00:00,R107,18.36,0,0,1,0,0.15,0.15,NORMAL
2026-09-30 02:00:00,R108,18.36,0,0,1,0,0.15,0.15,NORMAL
2026-09-30 02:00:00,R109,18.36,0,0,1,0,0.15,0.15,NORMAL
2026-09-30 02:00:00,R110,18.36,0,0,1,0,0.15,0.15,NORMAL
2026-09-30 02:00:00,R111,18.36,0,0,1,0,0.15,0.15,NORMAL
2026-09-30 02:00:00,R112,18.36,0,0,1,0,0.15,0.15,NORMAL
2026-09-30 02:00:00,R113,18.36,1,0,1,0,0.418,0.418,NORMAL
2026-09-30 02:00:00,R114,18.36,0,0,1,0,0.15,0.15,NORMAL
2026-09-30 02:00:00,R115,18.36,0,0,1,0,0.15,0.15,NORMAL
2026-09-30 02:00:00,R116,18.36,0,0,1,0,0.15,0.15,NORMAL
2026-09-30 02:00:00,R117,18.36,0,0,1,0,0.15,0.15,NORMAL
2026-09-30 02:00:00,R118,18.36,0,0,1,0,0.15,0.15,NORMAL
2026-09-30 02:00:00,R119,18.36,0,0,1,0,0.15,0.15,NORMAL
2026-09-30 02:00:00,R120,18.36,0,0,1,0,0.15,0.15,NORMAL
2026-09-30 03:00:00,R101,21.03,1,0,1,0,0.429,0.429,NORMAL
2026-09-30 03:00:00,R102,21.03,0,0,1,0,0.15,0.15,NORMAL
2026-09-30 03:00:00,R103,21.03,1,0,1,0,0.418,0.418,NORMAL
2026-09-30 03:00:00,R104,21.03,0,0,1,0,0.15,0.15,NORMAL
2026-09-30 03:00:00,R105,21.03,0,0,1,0,0.15,0.15,NORMAL
2026-09-30 03:00:00,R106,21.03,0,0,1,0,0.15,0.15,NORMAL
2026-09-30 03:00:00,R107,21.03,1,0,1,0,0.389,0.389,NORMAL
2026-09-30 03:00:00,R108,21.03,0,0,1,0,0.15,0.15,NORMAL
2026-09-30 03:00:00,R109,21.03,0,0,1,0,0.15,0.15,NORMAL
2026-09-30 03:00:00,R110,21.03,0,0,1,0,0.15,0.15,NORMAL
2026-09-30 03:00:00,R111,21.03,0,0,1,0,0.15,0.15,NORMAL
2026-09-30 03:00:00,R112,21.03,0,0,1,0,0.15,0.15,NORMAL
2026-09-30 03:00:00,R113,21.03,1,0,1,0,0.404,0.404,NORMAL
2026-09-30 03:00:00,R114,21.03,0,0,1,0,0.15,0.15,NORMAL
2026-09-30 03:00:00,R115,21.03,0,0,1,0,0.15,0.15,NORMAL
2026-09-30 03:00:00,R116,21.03,0,0,1,0,0.15,0.15,NORMAL
2026-09-30 03:00:00,R117,21.03,0,0,1,0,0.15,0.15,NORMAL
2026-09-30 03:00:00,R118,21.03,1,0,1,0,0.418,0.418,NORMAL
2026-09-30 03:00:00,R119,21.03,1,0,1,0,0.381,0.381,NORMAL
2026-09-30 03:00:00,R120,21.03,0,0,1,0,0.15,0.15,NORMAL
2026-09-30 04:00:00,R101,20.49,0,0,1,0,0.15,0.15,NORMAL
2026-09-30 04:00:00,R102,20.49,1,0,1,0,0.394,0.394,NORMAL
2026-09-30 04:00:00,R103,20.49,0,0,1,0,0.15,0.15,NORMAL
2026-09-30 04:00:00,R104,20.49,0,0,1,0,0.15,0.15,NORMAL
2026-09-30 04:00:00,R105,20.49,0,0,1,0,0.15,0.15,NORMAL
2026-09-30 04:00:00,R106,20.49,0,0,1,0,0.15,0.15,NORMAL
2026-09-30 04:00:00,R107,20.49,1,0,1,0,0.299,0.299,NORMAL
2026-09-30 04:00:00,R108,20.49,0,0,1,0,0.15,0.15,NORMAL
2026-09-30 04:00:00,R109,20.49,1,0,1,0,0.462,0.462,NORMAL
2026-09-30 04:00:00,R110,20.49,0,0,1,0,0.15,0.15,NORMAL
2026-09-30 04:00:00,R111,20.49,0,0,1,0,0.15,0.15,NORMAL
2026-09-30 04:00:00,R112,20.49,1,0,1,0,0.32,0.32,NORMAL
2026-09-30 04:00:00,R113,20.49,0,0,1,0,0.15,0.15,NORMAL
2026-09-30 04:00:00,R114,20.49,0,0,1,0,0.15,0.15,NORMAL
2026-09-30 04:00:00,R115,20.49,1,0,1,0,0.419,0.419,NORMAL
2026-09-30 04:00:00,R116,20.49,0,0,1,0,0.15,0.15,NORMAL
2026-09-30 04:00:00,R117,20.49,0,0,1,0,0.15,0.15,NORMAL
2026-09-30 04:00:00,R118,20.49,1,0,1,0,0.381,0.381,NORMAL
2026-09-30 04:00:00,R119,20.49,0,0,1,0,0.745,0.745,STANDBY_WASTE
2026-09-30 04:00:00,R120,20.49,1,0,1,0,0.457,0.457,NORMAL
2026-09-30 05:00:00,R101,23.58,0,0,1,0,0.15,0.15,NORMAL
2026-09-30 05:00:00,R102,23.58,0,0,1,0,0.15,0.15,NORMAL
2026-09-30 05:00:00,R103,23.58,0,0,1,0,0.15,0.15,NORMAL
2026-09-30 05:00:00,R104,23.58,1,0,1,0,0.297,0.297,NORMAL
2026-09-30 05:00:00,R105,23.58,1,0,1,0,0.379,0.379,NORMAL
2026-09-30 05:00:00,R106,23.58,0,0,1,0,0.15,0.15,NORMAL
2026-09-30 05:00:00,R107,23.58,0,0,1,0,0.15,0.15,NORMAL
2026-09-30 05:00:00,R108,23.58,0,0,1,0,0.15,0.15,NORMAL
2026-09-30 05:00:00,R109,23.58,0,0,1,0,0.15,0.15,NORMAL
2026-09-30 05:00:00,R110,23.58,0,0,1,0,0.15,0.15,NORMAL
2026-09-30 05:00:00,R111,23.58,0,0,1,0,0.15,0.15,NORMAL
2026-09-30 05:00:00,R112,23.58,0,0,1,0,0.15,0.15,NORMAL
2026-09-30 05:00:00,R113,23.58,1,0,1,0,0.392,0.392,NORMAL
2026-09-30 05:00:00,R114,23.58,0,0,1,0,0.15,0.15,NORMAL
2026-09-30 05:00:00,R115,23.58,0,0,1,0,0.15,0.15,NORMAL
2026-09-30 05:00:00,R116,23.58,0,0,1,0,0.15,0.15,NORMAL
2026-09-30 05:00:00,R117,23.58,0,0,1,0,0.15,0.15,NORMAL
2026-09-30 05:00:00,R118,23.58,1,0,1,0,1.012,1.012,STANDBY_WASTE
2026-09-30 05:00:00,R119,23.58,1,0,1,0,0.399,0.399,NORMAL
2026-09-30 05:00:00,R120,23.58,0,0,1,0,0.15,0.15,NORMAL
2026-09-30 06:00:00,R101,27.8,1,0,0,1,0.202,0.202,NORMAL
2026-09-30 06:00:00,R102,27.8,1,0,0,1,0.219,0.219,NORMAL
2026-09-30 06:00:00,R103,27.8,2,0,0,1,0.379,0.379,NORMAL
2026-09-30 06:00:00,R104,27.8,0,0,0,1,0.15,0.15,NORMAL
2026-09-30 06:00:00,R105,27.8,1,0,0,1,0.287,0.287,NORMAL
2026-09-30 06:00:00,R106,27.8,1,0,0,1,0.29,0.29,NORMAL
2026-09-30 06:00:00,R107,27.8,2,0,0,1,0.404,0.404,NORMAL
2026-09-30 06:00:00,R108,27.8,1,0,0,1,0.247,0.247,NORMAL
2026-09-30 06:00:00,R109,27.8,0,0,0,1,0.15,0.15,NORMAL
2026-09-30 06:00:00,R110,27.8,2,0,0,1,0.299,0.299,NORMAL
2026-09-30 06:00:00,R111,27.8,0,0,0,1,0.15,0.15,NORMAL
2026-09-30 06:00:00,R112,27.8,1,0,0,1,0.2,0.2,NORMAL
2026-09-30 06:00:00,R113,27.8,2,0,0,1,0.349,0.349,NORMAL
2026-09-30 06:00:00,R114,27.8,1,0,0,1,0.287,0.287,NORMAL
2026-09-30 06:00:00,R115,27.8,2,0,0,1,0.285,0.285,NORMAL
2026-09-30 06:00:00,R116,27.8,1,0,0,1,0.266,0.266,NORMAL
2026-09-30 06:00:00,R117,27.8,0,0,0,1,0.15,0.15,NORMAL
2026-09-30 06:00:00,R118,27.8,2,0,0,1,0.339,0.339,NORMAL
2026-09-30 06:00:00,R119,27.8,1,0,0,1,0.278,0.278,NORMAL
2026-09-30 06:00:00,R120,27.8,1,0,0,1,0.299,0.299,NORMAL
2026-09-30 07:00:00,R101,30.94,2,1,0,1,1.842,1.842,NORMAL
2026-09-30 07:00:00,R102,30.94,1,1,0,1,1.642,1.642,NORMAL
2026-09-30 07:00:00,R103,30.94,1,1,0,1,1.6,1.6,NORMAL
2026-09-30 07:00:00,R104,30.94,1,1,0,1,1.675,1.675,NORMAL
2026-09-30 07:00:00,R105,30.94,1,1,0,1,1.564,1.564,NORMAL
2026-09-30 07:00:00,R106,30.94,1,1,0,1,1.529,1.529,NORMAL
2026-09-30 07:00:00,R107,30.94,1,1,0,1,2.001,2.001,NORMAL
2026-09-30 07:00:00,R108,30.94,2,1,0,1,1.712,1.712,NORMAL
2026-09-30 07:00:00,R109,30.94,2,1,0,1,2.086,2.086,NORMAL
2026-09-30 07:00:00,R110,30.94,2,1,0,1,1.755,1.755,NORMAL
2026-09-30 07:00:00,R111,30.94,1,1,0,1,1.715,1.715,NORMAL
2026-09-30 07:00:00,R112,30.94,1,1,0,1,1.774,1.774,NORMAL
2026-09-30 07:00:00,R113,30.94,2,1,0,1,1.713,1.713,NORMAL
2026-09-30 07:00:00,R114,30.94,2,1,0,1,1.822,1.822,NORMAL
2026-09-30 07:00:00,R115,30.94,2,1,0,1,2.12,2.12,NORMAL
2026-09-30 07:00:00,R116,30.94,2,1,0,1,1.649,1.649,NORMAL
2026-09-30 07:00:00,R117,30.94,1,1,0,1,1.899,1.899,NORMAL
2026-09-30 07:00:00,R118,30.94,1,1,0,1,1.762,1.762,NORMAL
2026-09-30 07:00:00,R119,30.94,1,1,0,1,1.715,1.715,NORMAL
2026-09-30 07:00:00,R120,30.94,2,1,0,1,1.656,1.656,NORMAL
2026-09-30 08:00:00,R101,32.0,2,1,0,1,1.924,1.924,NORMAL
2026-09-30 08:00:00,R102,32.0,2,1,0,1,1.983,1.983,NORMAL
2026-09-30 08:00:00,R103,32.0,1,1,0,1,1.753,1.753,NORMAL
2026-09-30 08:00:00,R104,32.0,1,1,0,1,1.629,1.629,NORMAL
2026-09-30 08:00:00,R105,32.0,1,1,0,1,2.004,2.004,NORMAL
2026-09-30 08:00:00,R106,32.0,1,1,0,1,1.802,1.802,NORMAL
2026-09-30 08:00:00,R107,32.0,0,0,0,1,0.15,0.15,NORMAL
2026-09-30 08:00:00,R108,32.0,1,1,0,1,2.013,2.013,NORMAL
2026-09-30 08:00:00,R109,32.0,1,1,0,1,1.985,1.985,NORMAL
2026-09-30 08:00:00,R110,32.0,0,0,0,1,0.15,0.15,NORMAL
2026-09-30 08:00:00,R111,32.0,0,0,0,1,0.15,0.15,NORMAL
2026-09-30 08:00:00,R112,32.0,1,1,0,1,2.027,2.027,NORMAL
2026-09-30 08:00:00,R113,32.0,2,1,0,1,1.779,1.779,NORMAL
2026-09-30 08:00:00,R114,32.0,0,0,0,1,0.15,0.15,NORMAL
2026-09-30 08:00:00,R115,32.0,2,1,0,1,2.011,2.011,NORMAL
2026-09-30 08:00:00,R116,32.0,0,0,0,1,0.15,0.15,NORMAL
2026-09-30 08:00:00,R117,32.0,0,0,0,1,0.15,0.15,NORMAL
2026-09-30 08:00:00,R118,32.0,1,1,0,1,1.672,1.672,NORMAL
2026-09-30 08:00:00,R119,32.0,1,1,0,1,1.527,1.527,NORMAL
2026-09-30 08:00:00,R120,32.0,1,1,0,1,1.692,1.692,NORMAL
2026-09-30 09:00:00,R101,32.29,0,1,0,1,1.562,1.562,AC_WASTE
2026-09-30 09:00:00,R102,32.29,0,0,0,1,0.15,0.15,NORMAL
2026-09-30 09:00:00,R103,32.29,0,0,0,1,0.15,0.15,NORMAL
2026-09-30 09:00:00,R104,32.29,0,0,0,1,0.15,0.15,NORMAL
2026-09-30 09:00:00,R105,32.29,0,0,0,1,0.15,0.15,NORMAL
2026-09-30 09:00:00,R106,32.29,1,1,0,1,2.062,2.062,NORMAL
2026-09-30 09:00:00,R107,32.29,0,0,0,1,0.15,0.15,NORMAL
2026-09-30 09:00:00,R108,32.29,0,0,0,1,0.15,0.15,NORMAL
2026-09-30 09:00:00,R109,32.29,0,0,0,1,0.15,0.15,NORMAL
2026-09-30 09:00:00,R110,32.29,1,1,0,1,2.029,2.029,NORMAL
2026-09-30 09:00:00,R111,32.29,0,0,0,1,0.15,0.15,NORMAL
2026-09-30 09:00:00,R112,32.29,0,0,0,1,0.15,0.15,NORMAL
2026-09-30 09:00:00,R113,32.29,0,0,0,1,0.15,0.15,NORMAL
2026-09-30 09:00:00,R114,32.29,2,1,0,1,1.987,1.987,NORMAL
2026-09-30 09:00:00,R115,32.29,1,1,0,1,1.604,1.604,NORMAL
2026-09-30 09:00:00,R116,32.29,1,1,0,1,1.933,1.933,NORMAL
2026-09-30 09:00:00,R117,32.29,1,1,0,1,1.907,1.907,NORMAL
2026-09-30 09:00:00,R118,32.29,0,0,0,1,0.15,0.15,NORMAL
2026-09-30 09:00:00,R119,32.29,2,1,0,1,1.843,1.843,NORMAL
2026-09-30 09:00:00,R120,32.29,0,0,0,1,0.15,0.15,NORMAL
2026-09-30 10:00:00,R101,33.06,1,1,0,1,1.566,1.566,NORMAL
2026-09-30 10:00:00,R102,33.06,0,0,0,1,0.15,0.15,NORMAL
2026-09-30 10:00:00,R103,33.06,0,0,0,1,0.15,0.15,NORMAL
2026-09-30 10:00:00,R104,33.06,0,0,0,1,0.15,0.15,NORMAL
2026-09-30 10:00:00,R105,33.06,0,0,0,1,0.15,0.15,NORMAL
2026-09-30 10:00:00,R106,33.06,1,1,0,1,1.879,1.879,NORMAL
2026-09-30 10:00:00,R107,33.06,1,1,0,1,1.433,1.433,NORMAL
2026-09-30 10:00:00,R108,33.06,1,1,0,1,1.9,1.9,NORMAL
2026-09-30 10:00:00,R109,33.06,1,1,0,1,1.792,1.792,NORMAL
2026-09-30 10:00:00,R110,33.06,0,0,0,1,0.15,0.15,NORMAL
2026-09-30 10:00:00,R111,33.06,0,0,0,1,0.15,0.15,NORMAL
2026-09-30 10:00:00,R112,33.06,1,1,0,1,1.738,1.738,NORMAL
2026-09-30 10:00:00,R113,33.06,0,0,0,1,0.15,0.15,NORMAL
2026-09-30 10:00:00,R114,33.06,1,1,0,1,1.62,1.62,NORMAL
2026-09-30 10:00:00,R115,33.06,0,0,0,1,0.15,0.15,NORMAL
2026-09-30 10:00:00,R116,33.06,0,0,0,1,0.15,0.15,NORMAL
2026-09-30 10:00:00,R117,33.06,0,0,0,1,0.15,0.15,NORMAL
2026-09-30 10:00:00,R118,33.06,1,1,0,1,1.58,1.58,NORMAL
2026-09-30 10:00:00,R119,33.06,0,0,0,1,0.15,0.15,NORMAL
2026-09-30 10:00:00,R120,33.06,0,0,0,1,0.15,0.15,NORMAL
2026-09-30 11:00:00,R101,37.7,0,0,0,1,0.15,0.15,NORMAL
2026-09-30 11:00:00,R102,37.7,0,0,0,1,0.15,0.15,NORMAL
2026-09-30 11:00:00,R103,37.7,2,1,0,1,2.046,2.046,NORMAL
2026-09-30 11:00:00,R104,37.7,1,1,0,1,1.654,1.654,NORMAL
2026-09-30 11:00:00,R105,37.7,1,1,0,1,1.812,1.812,NORMAL
2026-09-30 11:00:00,R106,37.7,0,0,0,1,0.15,0.15,NORMAL
2026-09-30 11:00:00,R107,37.7,0,0,0,1,0.15,0.15,NORMAL
2026-09-30 11:00:00,R108,37.7,1,1,0,1,1.832,1.832,NORMAL
2026-09-30 11:00:00,R109,37.7,0,0,0,1,0.15,0.15,NORMAL
2026-09-30 11:00:00,R110,37.7,0,0,0,1,0.15,0.15,NORMAL
2026-09-30 11:00:00,R111,37.7,1,1,0,1,1.949,1.949,NORMAL
2026-09-30 11:00:00,R112,37.7,0,0,0,1,0.15,0.15,NORMAL
2026-09-30 11:00:00,R113,37.7,0,0,0,1,0.15,0.15,NORMAL
2026-09-30 11:00:00,R114,37.7,1,1,0,1,2.07,2.07,NORMAL
2026-09-30 11:00:00,R115,37.7,0,0,0,1,0.15,0.15,NORMAL
2026-09-30 11:00:00,R116,37.7,1,1,0,1,1.729,1.729,NORMAL
2026-09-30 11:00:00,R117,37.7,1,1,0,1,1.761,1.761,NORMAL
2026-09-30 11:00:00,R118,37.7,2,1,0,1,2.157,2.157,NORMAL
2026-09-30 11:00:00,R119,37.7,2,1,0,1,1.906,1.906,NORMAL
2026-09-30 11:00:00,R120,37.7,0,0,0,1,0.15,0.15,NORMAL
2026-09-30 12:00:00,R101,36.26,0,0,0,1,0.15,0.15,NORMAL
2026-09-30 12:00:00,R102,36.26,0,0,0,1,0.15,0.15,NORMAL
2026-09-30 12:00:00,R103,36.26,1,1,0,1,1.659,1.659,NORMAL
2026-09-30 12:00:00,R104,36.26,1,1,0,1,1.973,1.973,NORMAL
2026-09-30 12:00:00,R105,36.26,0,0,0,1,0.15,0.15,NORMAL
2026-09-30 12:00:00,R106,36.26,0,0,0,1,0.15,0.15,NORMAL
2026-09-30 12:00:00,R107,36.26,0,0,0,1,0.15,0.15,NORMAL
2026-09-30 12:00:00,R108,36.26,0,0,0,1,0.15,0.15,NORMAL
2026-09-30 12:00:00,R109,36.26,0,0,0,1,0.15,0.15,NORMAL
2026-09-30 12:00:00,R110,36.26,1,1,0,1,1.636,1.636,NORMAL
2026-09-30 12:00:00,R111,36.26,0,0,0,1,0.15,0.15,NORMAL
2026-09-30 12:00:00,R112,36.26,1,1,0,1,1.469,1.469,NORMAL
2026-09-30 12:00:00,R113,36.26,2,1,0,1,1.9,1.9,NORMAL
2026-09-30 12:00:00,R114,36.26,0,1,0,1,1.562,1.562,AC_WASTE
2026-09-30 12:00:00,R115,36.26,0,0,0,1,0.15,0.15,NORMAL
2026-09-30 12:00:00,R116,36.26,0,0,0,1,0.15,0.15,NORMAL
2026-09-30 12:00:00,R117,36.26,0,0,0,1,0.15,0.15,NORMAL
2026-09-30 12:00:00,R118,36.26,0,0,0,1,0.15,0.15,NORMAL
2026-09-30 12:00:00,R119,36.26,1,1,0,1,1.56,1.56,NORMAL
2026-09-30 12:00:00,R120,36.26,2,1,0,1,1.814,1.814,NORMAL
2026-09-30 13:00:00,R101,35.47,0,0,0,1,0.15,0.15,NORMAL
2026-09-30 13:00:00,R102,35.47,0,0,0,1,0.15,0.15,NORMAL
2026-09-30 13:00:00,R103,35.47,0,0,0,1,0.15,0.15,NORMAL
2026-09-30 13:00:00,R104,35.47,1,1,0,1,1.851,1.851,NORMAL
2026-09-30 13:00:00,R105,35.47,0,0,0,1,0.15,0.15,NORMAL
2026-09-30 13:00:00,R106,35.47,0,0,0,1,0.15,0.15,NORMAL
2026-09-30 13:00:00,R107,35.47,0,0,0,1,0.15,0.15,NORMAL
2026-09-30 13:00:00,R108,35.47,0,0,0,1,0.15,0.15,NORMAL
2026-09-30 13:00:00,R109,35.47,0,0,0,1,0.15,0.15,NORMAL
2026-09-30 13:00:00,R110,35.47,0,0,0,1,0.15,0.15,NORMAL
2026-09-30 13:00:00,R111,35.47,1,1,0,1,1.545,1.545,NORMAL
2026-09-30 13:00:00,R112,35.47,0,0,0,1,0.15,0.15,NORMAL
2026-09-30 13:00:00,R113,35.47,0,0,0,1,0.15,0.15,NORMAL
2026-09-30 13:00:00,R114,35.47,0,0,0,1,0.15,0.15,NORMAL
2026-09-30 13:00:00,R115,35.47,0,0,0,1,0.15,0.15,NORMAL
2026-09-30 13:00:00,R116,35.47,0,0,0,1,0.15,0.15,NORMAL
2026-09-30 13:00:00,R117,35.47,0,0,0,1,0.15,0.15,NORMAL
2026-09-30 13:00:00,R118,35.47,1,1,0,1,1.943,1.943,NORMAL
2026-09-30 13:00:00,R119,35.47,1,1,0,1,1.687,1.687,NORMAL
2026-09-30 13:00:00,R120,35.47,1,1,0,1,1.747,1.747,NORMAL
2026-09-30 14:00:00,R101,34.2,0,0,0,1,0.15,0.15,NORMAL
2026-09-30 14:00:00,R102,34.2,0,0,0,1,0.15,0.15,NORMAL
2026-09-30 14:00:00,R103,34.2,1,1,0,1,2.0,2.0,NORMAL
2026-09-30 14:00:00,R104,34.2,0,0,0,1,0.15,0.15,NORMAL
2026-09-30 14:00:00,R105,34.2,0,0,0,1,0.15,0.15,NORMAL
2026-09-30 14:00:00,R106,34.2,0,0,0,1,0.15,0.15,NORMAL
2026-09-30 14:00:00,R107,34.2,0,0,0,1,0.15,0.15,NORMAL
2026-09-30 14:00:00,R108,34.2,0,0,0,1,0.15,0.15,NORMAL
2026-09-30 14:00:00,R109,34.2,0,0,0,1,0.15,0.15,NORMAL
2026-09-30 14:00:00,R110,34.2,1,1,0,1,1.795,1.795,NORMAL
2026-09-30 14:00:00,R111,34.2,1,1,0,1,1.92,1.92,NORMAL
2026-09-30 14:00:00,R112,34.2,0,0,0,1,0.15,0.15,NORMAL
2026-09-30 14:00:00,R113,34.2,0,0,0,1,0.15,0.15,NORMAL
2026-09-30 14:00:00,R114,34.2,1,1,0,1,1.82,1.82,NORMAL
2026-09-30 14:00:00,R115,34.2,0,0,0,1,0.15,0.15,NORMAL
2026-09-30 14:00:00,R116,34.2,1,1,0,1,1.822,1.822,NORMAL
2026-09-30 14:00:00,R117,34.2,1,1,0,1,1.659,1.659,NORMAL
2026-09-30 14:00:00,R118,34.2,0,0,0,1,0.15,0.15,NORMAL
2026-09-30 14:00:00,R119,34.2,0,0,0,1,0.15,0.15,NORMAL
2026-09-30 14:00:00,R120,34.2,2,1,0,1,1.999,1.999,NORMAL
2026-09-30 15:00:00,R101,33.13,0,0,0,1,0.15,0.15,NORMAL
2026-09-30 15:00:00,R102,33.13,0,0,0,1,0.15,0.15,NORMAL
2026-09-30 15:00:00,R103,33.13,0,0,0,1,0.15,0.15,NORMAL
2026-09-30 15:00:00,R104,33.13,0,0,0,1,0.15,0.15,NORMAL
2026-09-30 15:00:00,R105,33.13,0,0,0,1,0.15,0.15,NORMAL
2026-09-30 15:00:00,R106,33.13,0,0,0,1,0.15,0.15,NORMAL
2026-09-30 15:00:00,R107,33.13,0,0,0,1,0.15,0.15,NORMAL
2026-09-30 15:00:00,R108,33.13,0,0,0,1,0.15,0.15,NORMAL
2026-09-30 15:00:00,R109,33.13,1,1,0,1,2.013,2.013,NORMAL
2026-09-30 15:00:00,R110,33.13,0,0,0,1,0.15,0.15,NORMAL
2026-09-30 15:00:00,R111,33.13,0,0,0,1,0.15,0.15,NORMAL
2026-09-30 15:00:00,R112,33.13,1,1,0,1,1.446,1.446,NORMAL
2026-09-30 15:00:00,R113,33.13,0,0,0,1,0.15,0.15,NORMAL
2026-09-30 15:00:00,R114,33.13,0,0,0,1,0.15,0.15,NORMAL
2026-09-30 15:00:00,R115,33.13,0,0,0,1,0.15,0.15,NORMAL
2026-09-30 15:00:00,R116,33.13,0,0,0,1,0.15,0.15,NORMAL
2026-09-30 15:00:00,R117,33.13,0,0,0,1,0.15,0.15,NORMAL
2026-09-30 15:00:00,R118,33.13,0,0,0,1,0.15,0.15,NORMAL
2026-09-30 15:00:00,R119,33.13,0,1,0,1,1.578,1.578,AC_WASTE
2026-09-30 15:00:00,R120,33.13,1,1,0,1,1.478,1.478,NORMAL
2026-09-30 16:00:00,R101,30.48,1,1,0,1,1.681,1.681,NORMAL
2026-09-30 16:00:00,R102,30.48,0,0,0,1,0.15,0.15,NORMAL
2026-09-30 16:00:00,R103,30.48,1,1,0,1,1.981,1.981,NORMAL
2026-09-30 16:00:00,R104,30.48,1,1,0,1,1.956,1.956,NORMAL
2026-09-30 16:00:00,R105,30.48,0,0,0,1,0.724,0.724,STANDBY_WASTE
2026-09-30 16:00:00,R106,30.48,0,0,0,1,0.15,0.15,NORMAL
2026-09-30 16:00:00,R107,30.48,1,1,0,1,1.937,1.937,NORMAL
2026-09-30 16:00:00,R108,30.48,0,0,0,1,0.15,0.15,NORMAL
2026-09-30 16:00:00,R109,30.48,1,1,0,1,1.569,1.569,NORMAL
2026-09-30 16:00:00,R110,30.48,0,0,0,1,0.15,0.15,NORMAL
2026-09-30 16:00:00,R111,30.48,0,0,0,1,0.15,0.15,NORMAL
2026-09-30 16:00:00,R112,30.48,2,1,0,1,2.15,2.15,NORMAL
2026-09-30 16:00:00,R113,30.48,0,0,0,1,0.15,0.15,NORMAL
2026-09-30 16:00:00,R114,30.48,2,1,0,1,1.781,1.781,NORMAL
2026-09-30 16:00:00,R115,30.48,0,0,0,1,0.15,0.15,NORMAL
2026-09-30 16:00:00,R116,30.48,2,1,0,1,1.553,1.553,NORMAL
2026-09-30 16:00:00,R117,30.48,0,0,0,1,0.15,0.15,NORMAL
2026-09-30 16:00:00,R118,30.48,1,1,0,1,1.614,1.614,NORMAL
2026-09-30 16:00:00,R119,30.48,0,0,0,1,0.15,0.15,NORMAL
2026-09-30 16:00:00,R120,30.48,1,1,0,1,1.714,1.714,NORMAL
2026-09-30 17:00:00,R101,30.06,1,1,0,1,1.679,1.679,NORMAL
2026-09-30 17:00:00,R102,30.06,1,1,0,1,1.836,1.836,NORMAL
2026-09-30 17:00:00,R103,30.06,1,1,0,1,1.746,1.746,NORMAL
2026-09-30 17:00:00,R104,30.06,1,1,0,1,1.838,1.838,NORMAL
2026-09-30 17:00:00,R105,30.06,1,1,0,1,1.496,1.496,NORMAL
2026-09-30 17:00:00,R106,30.06,1,1,0,1,1.546,1.546,NORMAL
2026-09-30 17:00:00,R107,30.06,2,1,0,1,1.712,1.712,NORMAL
2026-09-30 17:00:00,R108,30.06,0,0,0,1,0.15,0.15,NORMAL
2026-09-30 17:00:00,R109,30.06,2,1,0,1,1.823,1.823,NORMAL
2026-09-30 17:00:00,R110,30.06,1,1,0,1,2.008,2.008,NORMAL
2026-09-30 17:00:00,R111,30.06,2,1,0,1,1.691,1.691,NORMAL
2026-09-30 17:00:00,R112,30.06,2,1,0,1,1.627,1.627,NORMAL
2026-09-30 17:00:00,R113,30.06,1,1,0,1,1.811,1.811,NORMAL
2026-09-30 17:00:00,R114,30.06,0,0,0,1,0.15,0.15,NORMAL
2026-09-30 17:00:00,R115,30.06,2,1,0,1,1.668,1.668,NORMAL
2026-09-30 17:00:00,R116,30.06,1,1,0,1,1.879,1.879,NORMAL
2026-09-30 17:00:00,R117,30.06,2,1,0,1,1.64,1.64,NORMAL
2026-09-30 17:00:00,R118,30.06,2,1,0,1,2.036,2.036,NORMAL
2026-09-30 17:00:00,R119,30.06,2,1,0,1,1.79,1.79,NORMAL
2026-09-30 17:00:00,R120,30.06,1,1,0,1,1.762,1.762,NORMAL
2026-09-30 18:00:00,R101,26.57,1,0,1,1,0.334,0.334,NORMAL
2026-09-30 18:00:00,R102,26.57,2,0,1,1,0.387,0.387,NORMAL
2026-09-30 18:00:00,R103,26.57,0,0,1,1,0.15,0.15,NORMAL
2026-09-30 18:00:00,R104,26.57,2,0,1,1,0.553,0.553,NORMAL
2026-09-30 18:00:00,R105,26.57,2,0,1,1,0.592,0.592,NORMAL
2026-09-30 18:00:00,R106,26.57,2,0,1,1,0.391,0.391,NORMAL
2026-09-30 18:00:00,R107,26.57,1,0,1,1,0.447,0.447,NORMAL
2026-09-30 18:00:00,R108,26.57,0,0,1,1,0.15,0.15,NORMAL
2026-09-30 18:00:00,R109,26.57,1,0,1,1,0.397,0.397,NORMAL
2026-09-30 18:00:00,R110,26.57,2,0,1,1,0.419,0.419,NORMAL
2026-09-30 18:00:00,R111,26.57,1,0,1,1,0.336,0.336,NORMAL
2026-09-30 18:00:00,R112,26.57,1,0,1,1,0.464,0.464,NORMAL
2026-09-30 18:00:00,R113,26.57,2,0,1,1,0.563,0.563,NORMAL
2026-09-30 18:00:00,R114,26.57,2,0,1,1,0.527,0.527,NORMAL
2026-09-30 18:00:00,R115,26.57,1,0,1,1,0.37,0.37,NORMAL
2026-09-30 18:00:00,R116,26.57,1,0,1,1,0.369,0.369,NORMAL
2026-09-30 18:00:00,R117,26.57,0,1,1,1,1.338,1.338,AC_WASTE
2026-09-30 18:00:00,R118,26.57,2,0,1,1,0.473,0.473,NORMAL
2026-09-30 18:00:00,R119,26.57,1,0,1,1,0.451,0.451,NORMAL
2026-09-30 18:00:00,R120,26.57,1,0,1,1,0.374,0.374,NORMAL
2026-09-30 19:00:00,R101,27.09,2,0,1,1,0.585,0.585,NORMAL
2026-09-30 19:00:00,R102,27.09,1,0,1,1,0.327,0.327,NORMAL
2026-09-30 19:00:00,R103,27.09,0,0,1,1,0.15,0.15,NORMAL
2026-09-30 19:00:00,R104,27.09,2,0,1,1,0.532,0.532,NORMAL
2026-09-30 19:00:00,R105,27.09,1,0,1,1,0.358,0.358,NORMAL
2026-09-30 19:00:00,R106,27.09,1,0,1,1,0.385,0.385,NORMAL
2026-09-30 19:00:00,R107,27.09,2,0,1,1,0.564,0.564,NORMAL
2026-09-30 19:00:00,R108,27.09,1,0,1,1,0.401,0.401,NORMAL
2026-09-30 19:00:00,R109,27.09,2,0,1,1,0.536,0.536,NORMAL
2026-09-30 19:00:00,R110,27.09,2,0,1,1,0.544,0.544,NORMAL
2026-09-30 19:00:00,R111,27.09,2,0,1,1,0.533,0.533,NORMAL
2026-09-30 19:00:00,R112,27.09,1,0,1,1,0.405,0.405,NORMAL
2026-09-30 19:00:00,R113,27.09,1,0,1,1,0.409,0.409,NORMAL
2026-09-30 19:00:00,R114,27.09,2,0,1,1,0.463,0.463,NORMAL
2026-09-30 19:00:00,R115,27.09,1,0,1,1,0.334,0.334,NORMAL
2026-09-30 19:00:00,R116,27.09,1,0,1,1,0.333,0.333,NORMAL
2026-09-30 19:00:00,R117,27.09,1,0,1,1,0.308,0.308,NORMAL
2026-09-30 19:00:00,R118,27.09,1,0,1,1,0.339,0.339,NORMAL
2026-09-30 19:00:00,R119,27.09,2,0,1,1,0.46,0.46,NORMAL
2026-09-30 19:00:00,R120,27.09,2,0,1,1,0.504,0.504,NORMAL
2026-09-30 20:00:00,R101,23.06,1,0,1,1,0.405,0.405,NORMAL
2026-09-30 20:00:00,R102,23.06,2,0,1,1,0.384,0.384,NORMAL
2026-09-30 20:00:00,R103,23.06,1,0,1,1,0.303,0.303,NORMAL
2026-09-30 20:00:00,R104,23.06,1,0,1,1,0.454,0.454,NORMAL
2026-09-30 20:00:00,R105,23.06,2,0,1,1,1.133,1.133,STANDBY_WASTE
2026-09-30 20:00:00,R106,23.06,1,0,1,1,0.344,0.344,NORMAL
2026-09-30 20:00:00,R107,23.06,2,0,1,1,0.394,0.394,NORMAL
2026-09-30 20:00:00,R108,23.06,1,0,1,1,0.368,0.368,NORMAL
2026-09-30 20:00:00,R109,23.06,1,0,1,1,0.318,0.318,NORMAL
2026-09-30 20:00:00,R110,23.06,2,0,1,1,0.541,0.541,NORMAL
2026-09-30 20:00:00,R111,23.06,0,0,1,1,0.15,0.15,NORMAL
2026-09-30 20:00:00,R112,23.06,1,0,1,1,0.402,0.402,NORMAL
2026-09-30 20:00:00,R113,23.06,2,0,1,1,0.494,0.494,NORMAL
2026-09-30 20:00:00,R114,23.06,2,0,1,1,0.596,0.596,NORMAL
2026-09-30 20:00:00,R115,23.06,2,0,1,1,0.415,0.415,NORMAL
2026-09-30 20:00:00,R116,23.06,1,0,1,1,0.359,0.359,NORMAL
2026-09-30 20:00:00,R117,23.06,1,0,1,1,0.343,0.343,NORMAL
2026-09-30 20:00:00,R118,23.06,0,0,1,1,0.15,0.15,NORMAL
2026-09-30 20:00:00,R119,23.06,1,0,1,1,0.364,0.364,NORMAL
2026-09-30 20:00:00,R120,23.06,2,0,1,1,0.526,0.526,NORMAL
2026-09-30 21:00:00,R101,23.32,0,1,1,1,1.547,1.547,AC_WASTE
2026-09-30 21:00:00,R102,23.32,2,0,1,1,0.363,0.363,NORMAL
2026-09-30 21:00:00,R103,23.32,1,0,1,1,0.416,0.416,NORMAL
2026-09-30 21:00:00,R104,23.32,0,0,1,1,0.15,0.15,NORMAL
2026-09-30 21:00:00,R105,23.32,2,0,1,1,0.44,0.44,NORMAL
2026-09-30 21:00:00,R106,23.32,1,0,1,1,0.443,0.443,NORMAL
2026-09-30 21:00:00,R107,23.32,2,0,1,1,0.541,0.541,NORMAL
2026-09-30 21:00:00,R108,23.32,2,0,1,1,0.53,0.53,NORMAL
2026-09-30 21:00:00,R109,23.32,2,0,1,1,0.6,0.6,NORMAL
2026-09-30 21:00:00,R110,23.32,1,0,1,1,0.401,0.401,NORMAL
2026-09-30 21:00:00,R111,23.32,2,0,1,1,0.62,0.62,NORMAL
2026-09-30 21:00:00,R112,23.32,2,0,1,1,0.432,0.432,NORMAL
2026-09-30 21:00:00,R113,23.32,2,0,1,1,0.51,0.51,NORMAL
2026-09-30 21:00:00,R114,23.32,1,0,1,1,0.384,0.384,NORMAL
2026-09-30 21:00:00,R115,23.32,2,0,1,1,0.373,0.373,NORMAL
2026-09-30 21:00:00,R116,23.32,1,0,1,1,0.445,0.445,NORMAL
2026-09-30 21:00:00,R117,23.32,2,0,1,1,0.568,0.568,NORMAL
2026-09-30 21:00:00,R118,23.32,2,0,1,1,0.437,0.437,NORMAL
2026-09-30 21:00:00,R119,23.32,1,0,1,1,0.456,0.456,NORMAL
2026-09-30 21:00:00,R120,23.32,1,0,1,1,0.357,0.357,NORMAL
2026-09-30 22:00:00,R101,20.92,1,0,1,1,0.335,0.335,NORMAL
2026-09-30 22:00:00,R102,20.92,2,0,1,1,0.395,0.395,NORMAL
2026-09-30 22:00:00,R103,20.92,2,0,1,1,0.577,0.577,NORMAL
2026-09-30 22:00:00,R104,20.92,1,0,1,1,0.479,0.479,NORMAL
2026-09-30 22:00:00,R105,20.92,1,0,1,1,0.325,0.325,NORMAL
2026-09-30 22:00:00,R106,20.92,1,0,1,1,0.457,0.457,NORMAL
2026-09-30 22:00:00,R107,20.92,1,0,1,1,0.476,0.476,NORMAL
2026-09-30 22:00:00,R108,20.92,1,0,1,1,0.329,0.329,NORMAL
2026-09-30 22:00:00,R109,20.92,2,0,1,1,0.398,0.398,NORMAL
2026-09-30 22:00:00,R110,20.92,1,0,1,1,0.438,0.438,NORMAL
2026-09-30 22:00:00,R111,20.92,1,0,1,1,0.456,0.456,NORMAL
2026-09-30 22:00:00,R112,20.92,2,0,1,1,0.578,0.578,NORMAL
2026-09-30 22:00:00,R113,20.92,1,0,1,1,0.444,0.444,NORMAL
2026-09-30 22:00:00,R114,20.92,1,0,1,1,0.293,0.293,NORMAL
2026-09-30 22:00:00,R115,20.92,2,0,1,1,0.575,0.575,NORMAL
2026-09-30 22:00:00,R116,20.92,1,0,1,1,0.478,0.478,NORMAL
2026-09-30 22:00:00,R117,20.92,1,0,1,1,0.466,0.466,NORMAL
2026-09-30 22:00:00,R118,20.92,1,0,1,1,0.382,0.382,NORMAL
2026-09-30 22:00:00,R119,20.92,1,0,1,1,0.379,0.379,NORMAL
2026-09-30 22:00:00,R120,20.92,0,0,1,1,0.15,0.15,NORMAL
2026-09-30 23:00:00,R101,20.9,0,0,1,0,0.15,0.15,NORMAL
2026-09-30 23:00:00,R102,20.9,1,0,1,0,0.383,0.383,NORMAL
2026-09-30 23:00:00,R103,20.9,1,0,1,0,0.314,0.314,NORMAL
2026-09-30 23:00:00,R104,20.9,0,0,1,0,0.15,0.15,NORMAL
2026-09-30 23:00:00,R105,20.9,0,0,1,0,0.15,0.15,NORMAL
2026-09-30 23:00:00,R106,20.9,0,0,1,0,0.15,0.15,NORMAL
2026-09-30 23:00:00,R107,20.9,0,0,1,0,0.15,0.15,NORMAL
2026-09-30 23:00:00,R108,20.9,0,0,1,0,0.15,0.15,NORMAL
2026-09-30 23:00:00,R109,20.9,0,0,1,0,0.55,0.55,STANDBY_WASTE
2026-09-30 23:00:00,R110,20.9,0,0,1,0,0.15,0.15,NORMAL
2026-09-30 23:00:00,R111,20.9,0,0,1,0,0.15,0.15,NORMAL
2026-09-30 23:00:00,R112,20.9,0,0,1,0,0.15,0.15,NORMAL
2026-09-30 23:00:00,R113,20.9,0,0,1,0,0.15,0.15,NORMAL
2026-09-30 23:00:00,R114,20.9,0,0,1,0,0.15,0.15,NORMAL
2026-09-30 23:00:00,R115,20.9,0,0,1,0,0.15,0.15,NORMAL
2026-09-30 23:00:00,R116,20.9,0,1,1,0,1.532,1.532,AC_WASTE
2026-09-30 23:00:00,R117,20.9,0,0,1,0,0.15,0.15,NORMAL
2026-09-30 23:00:00,R118,20.9,0,0,1,0,0.15,0.15,NORMAL
2026-09-30 23:00:00,R119,20.9,0,0,1,0,0.15,0.15,NORMAL
2026-09-30 23:00:00,R120,20.9,0,0,1,0,0.15,0.15,NORMAL
